Route,Year,Month,PeakMonth,PeakFlights,PrimaryEquipment,DistinctAircraft,FuelBurnKg,AvgFuelBurnKg,AvgDistanceNM,AvgTripTimeSec,AvgTOW_kg,MaxTOW_kg,TotalTOW_kg,AvgFuelPerNM,AvgFuelPerHour,MedianFlightsPerMonth,FlightsAboveMedian,MedianAvgTOW_kg,AvgTOWIncreaseVsMedian,PeakStrategyGuess
AAX -> CNF,2024,7,2024-07-01,12,ATR,1,6515,542.9166666666666,198.08333333333334,3230.0,18933.083333333332,20442,227197,2.747585695382615,606.2000510907536,7.0,5.0,19356.63333333333,-423.5499999999993,"More flights, little TOW increase"
AAX -> VCP,2024,4,2024-04-01,1,E1,1,1501,1501.0,229.2,2220.0,34670.0,34670,34670,6.548865619546248,2434.054054054054,1.0,0.0,34670.0,0.0,Relatively stable
AFL -> VCP,2025,8,2025-08-01,13,E2,1,51084,3929.5384615384614,953.876923076923,8113.846153846154,54132.46153846154,55983,703722,4.119582506570681,1743.851646695447,10.0,3.0,52542.7,1589.761538461542,"More flights, little TOW increase"
AJU -> CNF,2025,1,2025-01-01,41,A320,3,149768,3652.878048780488,694.2512195121951,6360.0,60622.85365853659,67866,2485537,5.259196747955026,2072.010645756205,24.0,17.0,57935.470588235294,2687.3830703012936,More flights + heavier departures
AJU -> REC,2024,1,2024-01-01,123,ATR,2,81703,664.2520325203252,229.49268292682925,3835.609756097561,20285.71544715447,52077,2495143,2.895866229852167,629.0630537642287,68.0,55.0,21328.881355932204,-1043.1659087777334,"More flights, little TOW increase"
AJU -> VCP,2025,1,2025-01-01,41,E2,3,196308,4788.0,965.939024390244,8746.829268292682,56346.04878048781,68613,2310188,4.958019751154344,1973.5556467010517,22.0,19.0,57338.6,-992.5512195121919,"More flights, little TOW increase"
AQA -> VCP,2024,10,2024-10-01,12,ATR,1,3996,333.0,111.25,1945.0,17430.583333333332,19278,209167,3.0007575120602783,616.0988979610487,12.0,0.0,17430.583333333332,0.0,Relatively stable
ARU -> VCP,2024,6,2024-06-01,52,ATR,1,34060,655.0,233.3846153846154,3663.4615384615386,20291.846153846152,21826,1055176,2.808229091478532,645.3946444189811,29.0,23.0,20918.130434782608,-626.2842809364556,"More flights, little TOW increase"
ASU -> CNF,2024,11,2024-11-01,1,A320,1,4398,4398.0,884.0,7080.0,65905.0,65905,65905,4.975113122171946,2236.271186440678,1.0,0.0,65905.0,0.0,Relatively stable
ASU -> REC,2025,7,2025-07-01,5,E2,1,32076,6415.2,1722.48,13776.0,55667.8,57815,278339,3.723865978743215,1678.3920087616484,2.0,3.0,57249.5,-1581.699999999997,"More flights, little TOW increase"
ASU -> VCP,2025,3,2025-03-01,7,E2,1,18061,2580.1428571428573,623.1857142857143,5417.142857142857,51557.142857142855,53492,360900,4.139122472848567,1715.4996458796722,3.5,3.5,51848.94642857143,-291.80357142857247,"More flights, little TOW increase"
ATM -> CNF,2025,7,2025-07-01,1,A320,1,4653,4653.0,1151.2,10080.0,52614.0,52614,52614,4.04186935371786,1661.7857142857142,1.0,0.0,52614.0,0.0,Relatively stable
BEL -> CNF,2025,5,2025-05-01,76,A320,2,434730,5720.131578947368,1139.9473684210527,9700.263157894737,66134.30263157895,70696,5026207,5.018172834183531,2123.590018170556,58.0,18.0,67455.25581395348,-1320.9531823745347,"More flights, little TOW increase"
BEL -> REC,2024,6,2024-06-01,66,A320,1,303665,4600.984848484848,919.0530303030303,7946.363636363636,63961.681818181816,68469,4221471,5.005626435890912,2084.096180906955,49.0,17.0,63628.186440677964,333.49537750385207,"More flights, little TOW increase"
BEL -> VCP,2024,7,2024-07-01,84,A320,2,618527,7363.416666666667,1334.6690476190477,11154.285714285714,75348.16666666667,86726,6329246,5.519354073237319,2379.7032174203823,75.0,9.0,70153.86666666667,5194.300000000003,More flights + heavier departures
BPS -> CNF,2025,7,2025-07-01,123,A320,4,239609,1948.040650406504,365.8430894308943,4204.390243902439,50391.829268292684,67556,6198195,5.3204608158184366,1788.657293021309,82.0,41.0,56460.22857142857,-6068.399303135884,"More flights, little TOW increase"
BPS -> REC,2024,7,2024-07-01,1,A320,1,3871,3871.0,574.8,5460.0,66908.0,66908,66908,6.734516353514266,2552.3076923076924,1.0,0.0,66196.0,712.0,Relatively stable
BPS -> VCP,2025,7,2025-07-01,84,A320,4,304228,3621.7619047619046,644.6095238095238,6280.0,60408.119047619046,67671,5074282,5.61770638550568,2088.9904261634006,40.0,44.0,61945.5,-1537.380952380954,"More flights, little TOW increase"
BRA -> CNF,2024,6,2024-06-01,44,ATR,1,54982,1249.590909090909,480.1363636363636,7332.272727272727,21392.204545454544,22585,941257,2.60239493646246,614.490938515092,26.0,18.0,21263.85714285714,128.34740259740283,"More flights, little TOW increase"
BRC -> CNF,2025,7,2025-07-01,8,A320,1,70167,8770.875,1956.9375,15240.0,69530.875,72169,556247,4.482286067099753,2072.475713679183,6.0,2.0,69530.875,0.0,"More flights, little TOW increase"
BRC -> VCP,2025,7,2025-07-01,19,A320,1,141960,7471.578947368421,1675.8210526315788,13054.736842105263,69619.15789473684,71071,1322764,4.4577555068340455,2059.877115929516,14.0,5.0,70068.42857142857,-449.2706766917254,"More flights, little TOW increase"
BSB -> CNF,2024,10,2024-10-01,105,E2,4,177551,1690.9619047619049,332.8438095238095,3381.714285714286,49191.79047619048,53541,5165138,5.083784429279914,1813.3398655507501,74.0,31.0,50038.86567164179,-847.0751954513107,"More flights, little TOW increase"
BSB -> REC,2025,6,2025-06-01,73,A320,1,327373,4484.561643835616,928.6191780821918,7790.958904109589,64344.41095890411,67632,4697142,4.828763869530386,2072.610393683531,57.0,16.0,64492.818181818184,-148.40722291407292,"More flights, little TOW increase"
BSB -> VCP,2024,7,2024-07-01,138,E2,3,308923,2238.572463768116,462.618115942029,4451.304347826087,53686.884057971016,65864,7408790,4.8390910177447335,1813.9480048689284,108.0,30.0,52705.27433628318,981.6097216878334,"More flights, little TOW increase"
BVB -> VCP,2024,11,2024-11-01,7,A320,1,63527,9075.285714285714,1755.4857142857143,14922.857142857143,71657.28571428571,73216,501601,5.169750060418123,2189.956854450039,3.0,4.0,71815.25,-157.96428571428987,"More flights, little TOW increase"
BVH -> VCP,2025,7,2025-07-01,8,E2,1,31580,3947.5,981.3,8325.0,53828.375,54975,430627,4.02383402361923,1707.177006168388,7.0,1.0,54012.333333333336,-183.95833333333576,Relatively stable
BYO -> CNF,2024,10,2024-10-01,1,E1,1,3313,3313.0,731.4,6060.0,36929.0,36929,36929,4.529669127700301,1968.118811881188,1.0,0.0,36929.0,0.0,Relatively stable
BYO -> VCP,2024,7,2024-07-01,21,E1,1,59657,2840.809523809524,553.0904761904761,4808.571428571428,43440.71428571428,45736,912255,5.136955882116184,2126.8886542476885,11.0,10.0,44886.5,-1445.7857142857174,"More flights, little TOW increase"
CAC -> CNF,2024,10,2024-10-01,1,E2,1,3734,3734.0,744.4,7560.0,50135.0,50135,50135,5.016120365394949,1778.095238095238,1.0,0.0,50135.0,0.0,Relatively stable
CAC -> VCP,2024,8,2024-08-01,60,E2,4,113514,1891.9,390.9316666666667,3761.0,48002.9,63017,2880174,4.84079249856013,1834.5735629406274,40.0,20.0,48178.59574468085,-175.69574468085193,"More flights, little TOW increase"
CAU -> REC,2024,10,2024-10-01,8,ATR,1,1932,241.5,78.375,1500.0,16433.25,17127,131466,3.0832998505214344,581.3496516164994,3.0,5.0,16586.666666666668,-153.41666666666788,"More flights, little TOW increase"
CAW -> VCP,2024,2,2024-02-01,34,ATR,1,35856,1054.5882352941176,387.3235294117647,6095.294117647059,19236.470588235294,22237,654040,2.722200868071766,624.4716874749511,24.0,10.0,19543.96551724138,-307.49492900608675,"More flights, little TOW increase"
CFB -> CNF,2025,1,2025-01-01,36,E1,3,63807,1772.4166666666667,253.55277777777778,2895.0,43905.583333333336,59908,1580601,6.996467107096192,2229.955491071596,20.0,16.0,21168.25,22737.333333333336,More flights + heavier departures
CFB -> VCP,2024,12,2024-12-01,1,ATR,1,823,823.0,309.0,5040.0,15978.0,15978,15978,2.663430420711974,587.8571428571429,1.0,0.0,32937.5,-16959.5,Relatively stable
CGB -> CNF,2025,9,2025-09-01,58,E2,3,195089,3363.603448275862,764.8948275862069,6780.0,51654.34482758621,62785,2995952,4.389241249625593,1783.2597383324594,39.0,19.0,57673.46511627907,-6019.120288692859,"More flights, little TOW increase"
CGB -> REC,2025,2,2025-02-01,1,E2,1,4612,4612.0,1354.8,11520.0,44445.0,44445,44445,3.4041925007381164,1441.25,1.0,0.0,48522.0,-4077.0,Relatively stable
CGB -> VCP,2025,9,2025-09-01,122,A320,5,426557,3496.3688524590166,691.2967213114754,6118.524590163935,60476.270491803276,72622,7378105,5.055423082316325,2065.2590065842946,97.0,25.0,60476.270491803276,0.0,"More flights, little TOW increase"
CGH -> CNF,2024,6,2024-06-01,227,E1,4,433647,1910.339207048458,320.3511013215859,3257.7092511013216,45014.845814977976,65457,10218370,5.962372597326998,2116.245846376862,154.0,73.0,47590.02702702703,-2575.1812120490504,"More flights, little TOW increase"
CGH -> REC,2025,3,2025-03-01,116,A320,1,658477,5676.525862068966,1186.8887931034483,9958.965517241379,65207.25,69653,7564041,4.7821394874064636,2052.2704321092347,104.0,12.0,66368.53260869565,-1161.2826086956484,"More flights, little TOW increase"
CGH -> VCP,2024,7,2024-07-01,5,A320,3,3276,655.2,81.94,1260.0,41699.6,49504,208498,8.040966894994,1880.79209486166,3.0,2.0,42318.2,-618.5999999999985,"More flights, little TOW increase"
CGR -> CNF,2024,10,2024-10-01,1,E1,1,2921,2921.0,624.6,5460.0,38381.0,38381,38381,4.6765930195325005,1925.934065934066,1.0,0.0,38381.0,0.0,Relatively stable
CGR -> REC,2024,12,2024-12-01,5,A320,1,34045,6809.0,1409.58,11424.0,69024.6,69828,345123,4.830263542705877,2144.8391444849735,5.0,0.0,67513.3,1511.300000000003,Relatively stable
CGR -> VCP,2024,8,2024-08-01,110,A320,3,255758,2325.072727272727,462.37454545454545,4159.090909090909,54958.24545454545,65416,6045407,5.032023602822297,2018.3030320119494,80.0,30.0,53291.560975609755,1666.6844789356983,"More flights, little TOW increase"
CKS -> CNF,2025,1,2025-01-01,37,A320,1,178907,4835.324324324324,927.5594594594594,8278.378378378378,64926.83783783784,69581,2402293,5.212623573007467,2105.3752550704567,31.0,6.0,63026.63157894737,1900.2062588904737,"More flights, little TOW increase"
CLV -> CNF,2025,7,2025-07-01,9,ATR,1,7270,807.7777777777778,304.6666666666667,4673.333333333333,20561.444444444445,21367,185053,2.6509140755641396,624.3721236220005,7.0,2.0,21027.0,-465.55555555555475,"More flights, little TOW increase"
CLV -> VCP,2024,7,2024-07-01,7,E1,2,14874,2124.8571428571427,369.3,3600.0,44483.142857142855,57826,311382,5.75705503691504,2127.4126623283196,2.0,5.0,42875.0,1608.142857142855,"More flights, little TOW increase"
CMG -> VCP,2025,3,2025-03-01,17,E2,2,49397,2905.705882352941,661.135294117647,5936.470588235294,50069.82352941176,53784,851187,4.391449657746851,1762.5090358885216,13.0,4.0,50570.64375,-500.8202205882408,"More flights, little TOW increase"
CNF -> AAX,2024,6,2024-06-01,23,ATR,2,13161,572.2173913043479,191.7478260869565,3169.5652173913045,21238.347826086956,44622,488482,2.994582332756876,676.3844227090551,13.0,10.0,20325.64285714286,912.7049689440973,"More flights, little TOW increase"
CNF -> AJU,2025,1,2025-01-01,31,A320,3,112088,3615.7419354838707,677.3225806451613,5982.580645161291,64927.51612903226,70087,2012753,5.339279393740955,2179.3967636415096,16.0,15.0,65275.375,-347.8588709677424,"More flights, little TOW increase"
CNF -> ASU,2024,11,2024-11-01,1,A320,1,5046,5046.0,845.7,7980.0,68318.0,68318,68318,5.966654842142604,2276.3909774436092,1.0,0.0,68318.0,0.0,Relatively stable
CNF -> ATM,2024,4,2024-04-01,1,A320,1,5591,5591.0,1123.1,9720.0,63966.0,63966,63966,4.978185379752471,2070.740740740741,1.0,0.0,63966.0,0.0,Relatively stable
CNF -> BEL,2024,10,2024-10-01,79,A320,1,458915,5809.050632911392,1148.373417721519,9668.354430379746,68423.26582278482,72861,5405438,5.058414557083975,2163.5977344868047,60.0,19.0,67559.91428571429,863.3515370705281,"More flights, little TOW increase"
CNF -> BPS,2025,10,2025-10-01,95,A320,4,193167,2033.3368421052633,353.0905263157895,3604.4210526315787,60482.58947368421,68849,5745846,5.7558208412348675,2101.942577718327,60.0,35.0,58925.15294117647,1557.4365325077379,"More flights, little TOW increase"
CNF -> BRA,2024,6,2024-06-01,44,ATR,1,57135,1298.5227272727273,478.54545454545456,7483.636363636364,22387.75,22991,985061,2.713694857987233,625.0748029499571,27.0,17.0,22270.260869565216,117.48913043478387,"More flights, little TOW increase"
CNF -> BRC,2025,7,2025-07-01,9,A320,1,97090,10787.777777777777,1928.8111111111111,17600.0,74942.0,75723,674478,5.593259343755165,2207.1765662144576,5.0,4.0,74141.6,800.3999999999942,"More flights, little TOW increase"
CNF -> BSB,2024,10,2024-10-01,67,E2,3,132044,1970.8059701492537,373.3537313432836,3845.373134328358,50334.55223880597,55214,3372415,5.322132992655643,1897.9353036092552,41.0,26.0,50645.55,-310.99776119403396,"More flights, little TOW increase"
CNF -> BVB,2024,11,2024-11-01,1,E1,1,7631,7631.0,1706.4,13500.0,42345.0,42345,42345,4.471987810595405,2034.9333333333334,1.0,0.0,42345.0,0.0,Relatively stable
CNF -> CFB,2025,1,2025-01-01,36,E1,3,58934,1637.0555555555557,253.2111111111111,2756.6666666666665,43298.694444444445,60978,1558753,6.467808225001456,2160.037827984738,19.0,17.0,20933.157894736843,22365.5365497076,More flights + heavier departures
CNF -> CGB,2025,7,2025-07-01,47,A320,3,204007,4340.574468085107,764.7340425531914,7253.617021276596,65664.8085106383,71129,3086246,5.675546481906699,2155.02111416286,35.0,12.0,62190.60975609756,3474.198754540732,More flights + heavier departures
CNF -> CGH,2024,6,2024-06-01,193,E1,4,446606,2314.020725388601,365.71243523316065,3938.2383419689118,45240.04663212435,61431,8731329,6.325881639607523,2121.930588167198,117.0,76.0,47665.49,-2425.443367875647,"More flights, little TOW increase"
CNF -> CGR,2024,12,2024-12-01,1,A320,1,3101,3101.0,641.1,5760.0,55059.0,55059,55059,4.836998908126657,1938.125,1.0,0.0,55059.0,0.0,Relatively stable
CNF -> CKS,2024,9,2024-09-01,32,A320,1,158165,4942.65625,910.95625,7858.125,69836.15625,72096,2234757,5.425583054032417,2264.5294922102607,28.0,4.0,67281.3870967742,2554.769153225803,More flights + heavier departures
CNF -> CLV,2025,7,2025-07-01,9,ATR,1,8386,931.7777777777778,327.0,5313.333333333333,21591.0,22302,194319,2.849516136194188,632.3356199298565,7.0,2.0,21428.285714285714,162.71428571428623,"More flights, little TOW increase"
CNF -> CNF,2025,1,2025-01-01,5,ATR,3,10427,2085.4,332.34000000000003,5064.0,35718.0,73468,178590,6.847416399027229,1616.7199552504449,2.0,3.0,35718.0,0.0,"More flights, little TOW increase"
CNF -> CPV,2024,5,2024-05-01,23,A320,1,107480,4673.04347826087,902.4608695652173,7690.434782608696,66476.0,70665,1528948,5.174795709678281,2185.9549677322643,5.0,18.0,55783.166666666664,10692.833333333336,More flights + heavier departures
CNF -> CUR,2025,1,2025-01-01,18,A320,1,223206,12400.333333333334,2491.45,19850.0,76124.88888888889,78938,1370248,4.977122650139567,2249.2263516184134,9.0,9.0,76058.16666666667,66.72222222221899,"More flights, little TOW increase"
CNF -> CWB,2024,9,2024-09-01,47,E2,2,116088,2469.9574468085107,485.7106382978724,4867.659574468085,51235.78723404255,54929,2408082,5.081782744076057,1827.5232942217642,35.0,12.0,52111.166666666664,-875.3794326241114,"More flights, little TOW increase"
CNF -> CXJ,2025,5,2025-05-01,1,E1,1,4445,4445.0,728.4,7680.0,44586.0,44586,44586,6.1024162548050525,2083.59375,1.0,0.0,44586.0,0.0,Relatively stable
CNF -> EZE,2024,11,2024-11-01,5,A320,1,38575,7715.0,1267.56,11748.0,72559.2,73503,362796,6.083749830403006,2363.822301567713,4.5,0.5,65831.1,6728.099999999991,"Heavier departures, little frequency increase"
CNF -> FLN,2025,2,2025-02-01,34,E2,2,89993,2646.8529411764707,575.4117647058823,5461.764705882353,52779.705882352944,56143,1794510,4.600610776462811,1746.6901631307176,25.0,9.0,53709.65517241379,-929.9492900608457,"More flights, little TOW increase"
CNF -> FOR,2025,1,2025-01-01,51,A320,1,272451,5342.176470588235,1028.858823529412,8591.764705882353,70308.86274509804,72050,3585752,5.192212489122662,2238.981739830938,29.0,22.0,66985.76,3323.1027450980473,More flights + heavier departures
CNF -> GIG,2025,9,2025-09-01,121,E1,3,184495,1524.7520661157025,213.2586776859504,2451.0743801652893,44377.61157024794,64810,5369691,7.151192398138412,2243.3512050134395,71.0,50.0,45336.79569892473,-959.1841286767958,"More flights, little TOW increase"
CNF -> GNM,2025,7,2025-07-01,29,ATR,1,28643,987.6896551724138,362.51724137931035,5613.103448275862,21545.0,22957,624805,2.722999278121161,633.8411777814183,22.0,7.0,21509.058823529413,35.94117647058738,"More flights, little TOW increase"
CNF -> GRU,2024,10,2024-10-01,99,A320,4,200531,2025.5656565656566,315.42727272727274,3350.909090909091,58916.656565656565,69651,5832749,6.4465591154395945,2196.6097311539943,58.0,41.0,52529.42105263158,6387.235513024985,More flights + heavier departures
CNF -> GVR,2025,8,2025-08-01,75,ATR,1,29712,396.16,127.26666666666667,2156.0,20689.64,22316,1551723,3.1148387330618563,664.3877076189598,54.0,21.0,20729.909090909092,-40.26909090909248,"More flights, little TOW increase"
CNF -> GYN,2024,10,2024-10-01,80,E2,4,164784,2059.8,387.71999999999997,4024.5,46935.575,59142,3754846,5.323828062341411,1898.102429411716,44.0,36.0,51100.18421052631,-4164.609210526316,"More flights, little TOW increase"
CNF -> IGU,2024,7,2024-07-01,7,E2,3,26783,3826.1428571428573,719.5571428571428,7397.142857142857,54700.28571428572,66885,382902,5.317618143100897,1861.8710591535896,2.0,5.0,53994.0,706.2857142857174,"More flights, little TOW increase"
CNF -> IMP,2024,9,2024-09-01,22,E2,2,92012,4182.363636363636,890.5045454545453,7947.272727272727,53215.77272727273,56833,1170747,4.6952219329474865,1896.0111733982237,15.0,7.0,54601.125,-1385.352272727272,"More flights, little TOW increase"
CNF -> IOS,2024,11,2024-11-01,23,A320,4,44310,1926.5217391304348,408.28695652173917,4531.304347826087,49675.913043478264,67134,1142546,4.675082747942242,1683.5799288273645,12.0,11.0,42820.444444444445,6855.4685990338185,More flights + heavier departures
CNF -> IPN,2024,4,2024-04-01,113,ATR,1,35899,317.69026548672565,98.070796460177,1768.6725663716813,20309.66371681416,22293,2294992,3.241714137644168,647.388492247983,90.0,23.0,20448.92391304348,-139.26019622931926,"More flights, little TOW increase"
CNF -> IZA,2024,6,2024-06-01,22,ATR,1,9155,416.1363636363636,144.0,2517.2727272727275,20090.772727272728,21751,441997,2.8913394256590434,597.5473208771203,15.0,7.0,20090.772727272728,0.0,"More flights, little TOW increase"
CNF -> JDO,2025,5,2025-05-01,1,A320,1,6860,6860.0,1289.4,11640.0,67611.0,67611,67611,5.320304017372421,2121.6494845360826,1.0,0.0,67611.0,0.0,Relatively stable
CNF -> JJD,2025,1,2025-01-01,21,A320,2,111119,5291.380952380952,1047.5904761904762,8794.285714285714,67169.95238095238,71116,1410569,5.050522458930619,2166.703335903973,5.0,16.0,66750.5,419.45238095238165,"More flights, little TOW increase"
CNF -> JJG,2024,6,2024-06-01,1,E1,1,3115,3115.0,631.4,6120.0,36142.0,36142,36142,4.933481152993348,1832.3529411764705,1.0,0.0,36142.0,0.0,Relatively stable
CNF -> JPA,2025,1,2025-01-01,40,A320,2,184187,4604.675,940.5325,8025.0,64452.2,68163,2578088,4.895028537200971,2065.771949929551,19.0,21.0,65151.26315789474,-699.0631578947432,"More flights, little TOW increase"
CNF -> JTC,2024,9,2024-09-01,1,ATR,1,859,859.0,353.0,5280.0,16494.0,16494,16494,2.4334277620396603,585.6818181818181,1.0,0.0,16494.0,0.0,Relatively stable
CNF -> LEC,2024,7,2024-07-01,10,ATR,1,13156,1315.6,487.5,7584.0,22197.7,22861,221977,2.6994486259418693,624.8002046094832,6.0,4.0,21966.457142857143,231.24285714285725,"More flights, little TOW increase"
CNF -> MAB,2025,6,2025-06-01,25,A320,1,124014,4960.56,926.324,8001.6,69885.76,71936,1747144,5.355573677868731,2232.6018003369622,20.0,5.0,59255.333333333336,10630.426666666659,More flights + heavier departures
CNF -> MAO,2024,9,2024-09-01,29,A320,2,215756,7439.862068965517,1420.651724137931,12051.724137931034,71352.1724137931,75526,2069213,5.236360918962182,2223.7161347069455,25.5,3.5,72015.58761904761,-663.4152052545105,"More flights, little TOW increase"
CNF -> MCP,2025,8,2025-08-01,2,ATR,1,5469,2734.5,1275.5,17970.0,18358.5,18479,36717,2.1438050051201865,548.0816873116839,2.0,0.0,18358.5,0.0,Relatively stable
CNF -> MCZ,2025,1,2025-01-01,69,A320,2,268453,3890.623188405797,788.8565217391304,6841.739130434783,63204.47826086957,68768,4361109,4.931930806187271,2048.344391347992,44.0,25.0,63336.11111111111,-131.63285024154175,"More flights, little TOW increase"
CNF -> MOC,2025,8,2025-08-01,130,ATR,2,76884,591.4153846153846,201.47384615384615,3246.4615384615386,21121.292307692307,45329,2745768,2.9326327198790283,660.1545458319092,101.0,29.0,21336.5,-215.20769230769292,"More flights, little TOW increase"
CNF -> MVD,2024,6,2024-06-01,1,A320,1,5889,5889.0,1131.0,11220.0,58140.0,58140,58140,5.206896551724138,1889.51871657754,1.0,0.0,56109.5,2030.5,"Heavier departures, little frequency increase"
CNF -> NAT,2025,1,2025-01-01,53,A320,3,262415,4951.226415094339,996.9207547169812,8388.67924528302,66477.92452830188,72236,3523330,4.96696058585491,2124.334523333124,36.0,17.0,65581.78260869565,896.1419196062343,"More flights, little TOW increase"
CNF -> NVT,2024,10,2024-10-01,5,E2,1,13044,2608.8,537.4,5292.0,54645.2,55362,273226,4.85435732076891,1776.1238797504254,3.0,2.0,52005.0,2640.199999999997,More flights + heavier departures
CNF -> PDP,2024,11,2024-11-01,1,A320,1,5807,5807.0,1134.5,11100.0,56364.0,56364,56364,5.118554429263993,1883.3513513513512,1.0,0.0,56364.0,0.0,Relatively stable
CNF -> PLU,2024,9,2024-09-01,4,ATR,2,1233,308.25,43.45,870.0,26333.0,36230,105332,6.742243148887521,1252.8125,2.0,2.0,17145.0,9188.0,More flights + heavier departures
CNF -> PMW,2025,9,2025-09-01,24,E1,2,87148,3631.1666666666665,654.6374999999999,5992.5,48668.875,55265,1168053,5.545235536104999,2182.097347792874,12.0,12.0,51272.0,-2603.125,"More flights, little TOW increase"
CNF -> POA,2024,11,2024-11-01,50,A320,2,223309,4466.18,770.898,7290.0,67092.9,71444,3354645,5.793104273737681,2208.1861184606328,31.0,19.0,65684.26470588235,1408.6352941176447,"More flights, little TOW increase"
CNF -> POJ,2024,12,2024-12-01,13,ATR,1,7301,561.6153846153846,182.84615384615384,3350.769230769231,21389.923076923078,22856,278069,3.069896392427274,618.2405444640727,10.0,3.0,21017.18181818182,372.7412587412582,"More flights, little TOW increase"
CNF -> PVH,2025,3,2025-03-01,29,A320,1,209392,7220.413793103448,1365.551724137931,11486.896551724138,73182.06896551725,74523,2122280,5.287771122015961,2262.9437388042297,22.0,7.0,73066.76923076923,115.29973474801227,"More flights, little TOW increase"
CNF -> RAO,2025,9,2025-09-01,54,ATR,1,40880,757.0370370370371,260.18518518518516,4337.777777777777,20900.0,22561,1128600,2.910310843519804,628.9446916848469,40.5,13.5,21816.459935897437,-916.4599358974374,"More flights, little TOW increase"
CNF -> RBR,2025,1,2025-01-01,29,A320,1,230169,7936.862068965517,1537.7827586206895,12631.034482758621,73695.5172413793,75515,2137170,5.161063192973219,2262.9547853301756,24.0,5.0,73127.0625,568.4547413793043,"More flights, little TOW increase"
CNF -> REC,2025,3,2025-03-01,168,A320,2,727157,4328.315476190476,894.3071428571429,7656.071428571428,62821.39880952381,72972,10553995,4.839540149261126,2035.5521093367254,134.0,34.0,63986.905982905984,-1165.507173382175,"More flights, little TOW increase"
CNF -> SDU,2024,9,2024-09-01,110,E1,1,191899,1744.5363636363636,244.90272727272728,2810.181818181818,44670.38181818182,46359,4913742,7.1180444422040035,2241.0776197730925,72.0,38.0,44923.39047619048,-253.00865800865722,"More flights, little TOW increase"
CNF -> SJP,2025,9,2025-09-01,54,ATR,2,56243,1041.537037037037,347.22222222222223,5564.444444444444,22173.777777777777,40706,1197384,3.0027123655890025,691.0628597509809,41.0,13.0,21667.25277777778,506.5249999999978,"More flights, little TOW increase"
CNF -> SLZ,2024,12,2024-12-01,29,A320,2,150281,5182.103448275862,1045.0137931034483,8619.310344827587,67726.41379310345,71594,1964066,4.958735541697747,2165.7210353863165,22.0,7.0,67080.13636363637,646.2774294670817,"More flights, little TOW increase"
CNF -> SMT,2025,2,2025-02-01,17,E2,2,68558,4032.823529411765,839.8176470588235,7567.058823529412,50568.17647058824,57067,859659,4.801434023568902,1916.672793245492,11.0,6.0,51478.90909090909,-910.7326203208504,"More flights, little TOW increase"
CNF -> SSA,2025,1,2025-01-01,113,A320,3,333575,2951.991150442478,532.1814159292036,4862.123893805309,61124.19469026549,69666,6907034,5.547818599356416,2187.4246026957953,89.0,24.0,61321.2125,-197.0178097345124,"More flights, little TOW increase"
CNF -> STM,2024,1,2024-01-01,9,A320,2,52105,5789.444444444444,1254.5444444444445,10706.666666666666,62185.444444444445,72714,559669,4.618615391328842,1958.1522429863035,7.0,2.0,60489.13888888889,1696.3055555555547,"More flights, little TOW increase"
CNF -> THE,2025,3,2025-03-01,23,A320,1,112001,4869.608695652174,914.9608695652173,7875.652173913043,69818.47826086957,71610,1605825,5.320396259496596,2225.8295612864886,14.0,9.0,68072.14285714286,1746.3354037267127,"More flights, little TOW increase"
CNF -> UBA,2024,7,2024-07-01,33,ATR,1,24540,743.6363636363636,251.1818181818182,4118.181818181818,21400.878787878788,22618,706229,2.960123165033853,650.3321425665614,25.0,8.0,21628.739130434784,-227.86034255599589,"More flights, little TOW increase"
CNF -> UDI,2024,8,2024-08-01,124,ATR,2,99119,799.3467741935484,271.3306451612903,4399.8387096774195,22168.225806451614,53572,2748860,2.948755813256394,660.0994770347653,94.0,30.0,22352.217391304348,-183.99158485273438,"More flights, little TOW increase"
CNF -> UNA,2024,11,2024-11-01,6,A320,2,15858,2643.0,473.8,4660.0,53158.666666666664,65968,318952,5.524769305631366,2061.3767172257517,3.0,3.0,45870.333333333336,7288.3333333333285,More flights + heavier departures
CNF -> VCP,2024,6,2024-06-01,177,A320,4,338483,1912.3333333333333,309.8802259887006,3255.2542372881358,55290.141242937854,68896,9786355,6.172631262046056,2130.2100332563273,134.0,43.0,54696.00740740741,594.133835530447,"More flights, little TOW increase"
CNF -> VDC,2025,7,2025-07-01,30,ATR,3,45517,1517.2333333333333,354.67,4282.0,35808.9,53809,1074267,4.2774778992433715,1438.294338199913,18.0,12.0,36719.0,-910.0999999999985,"More flights, little TOW increase"
CNF -> VIX,2025,9,2025-09-01,121,E1,3,191537,1582.9504132231405,232.00495867768595,2577.5206611570247,43967.371900826445,60932,5320052,6.818234043143096,2223.976698276802,74.0,47.0,44333.723076923074,-366.3511760966285,"More flights, little TOW increase"
CPV -> CNF,2024,9,2024-09-01,27,E2,1,103543,3834.925925925926,891.2888888888889,8133.333333333333,52556.51851851852,55287,1419026,4.302638137987071,1697.8503944463284,18.0,9.0,52909.933333333334,-353.41481481481605,"More flights, little TOW increase"
CPV -> REC,2024,7,2024-07-01,64,ATR,1,19344,302.25,84.875,1685.625,20846.953125,21938,1334205,3.563597678511382,646.5512846540553,42.0,22.0,20304.175,542.7781250000007,"More flights, little TOW increase"
CUR -> CNF,2025,7,2025-07-01,16,A320,1,194459,12153.6875,2448.75625,19496.25,76136.875,78056,1218190,4.963327339589306,2244.2962877303403,8.0,8.0,76062.41666666667,74.45833333332848,"More flights, little TOW increase"
CUR -> VCP,2025,1,2025-01-01,1,A320,1,10658,10658.0,2486.5,21180.0,61595.0,61595,61595,4.286346269857229,1811.558073654391,1.0,0.0,61595.0,0.0,Relatively stable
CWB -> CNF,2025,10,2025-10-01,83,E2,3,187455,2258.4939759036147,488.4506024096386,4469.638554216867,51401.409638554214,65106,4266317,4.624081258315285,1820.6712201915423,56.0,27.0,52174.183673469386,-772.7740349151718,"More flights, little TOW increase"
CWB -> REC,2025,1,2025-01-01,11,A320,2,66442,6040.181818181818,1362.1000000000001,11241.818181818182,62540.818181818184,67773,687949,4.428068235151912,1929.5532575497557,4.0,7.0,60370.25,2170.568181818184,More flights + heavier departures
CWB -> VCP,2024,8,2024-08-01,223,E2,4,301824,1353.4708520179372,219.5035874439462,2520.269058295964,47489.793721973096,62058,10590224,6.155595382455053,1966.1860090675689,162.0,61.0,48063.57692307692,-573.7832011038263,"More flights, little TOW increase"
CXJ -> CNF,2025,5,2025-05-01,1,E1,1,3547,3547.0,725.3,6540.0,41263.0,41263,41263,4.890390183372398,1952.4770642201836,1.0,0.0,41263.0,0.0,Relatively stable
CXJ -> VCP,2024,9,2024-09-01,27,A320,3,70556,2613.185185185185,465.19259259259263,4413.333333333333,62346.25925925926,67854,1683349,5.614356914429181,2168.515547060653,21.0,6.0,64055.42857142857,-1709.1693121693097,"More flights, little TOW increase"
EEA -> VCP,2025,2,2025-02-01,21,ATR,1,19885,946.9047619047619,354.9047619047619,5474.285714285715,19420.52380952381,21695,407831,2.6679608345940675,624.7654179595304,14.0,7.0,20368.133333333335,-947.6095238095259,"More flights, little TOW increase"
EZE -> CNF,2024,12,2024-12-01,6,A320,1,38681,6446.833333333333,1312.3999999999999,10100.0,70174.16666666667,71515,421045,4.915723419255053,2299.6959518017497,5.5,0.5,61729.583333333336,8444.583333333336,"Heavier departures, little frequency increase"
FEC -> REC,2024,5,2024-05-01,16,ATR,1,15513,969.5625,366.625,5928.75,19044.25,21082,304708,2.6447553974465072,590.013543196703,14.0,2.0,19006.25,38.0,"More flights, little TOW increase"
FEN -> REC,2024,10,2024-10-01,198,ATR,1,170922,863.2424242424242,309.30808080808083,4930.606060606061,21503.257575757576,22467,4257645,2.7938984648748755,630.7245239465072,129.0,69.0,21634.4496124031,-131.19203664552333,"More flights, little TOW increase"
FLL -> VCP,2024,6,2024-06-01,1,A320,1,14480,14480.0,3610.7,29100.0,62837.0,62837,62837,4.010302711385604,1791.340206185567,1.0,0.0,62837.0,0.0,Relatively stable
FLN -> CNF,2025,9,2025-09-01,53,E2,3,134120,2530.566037735849,573.9452830188679,5169.056603773585,51260.16981132075,61215,2716789,4.409244571178495,1764.188034261444,37.0,16.0,52437.55,-1177.3801886792498,"More flights, little TOW increase"
FLN -> REC,2025,1,2025-01-01,11,E2,2,64596,5872.363636363636,1444.2363636363636,11792.727272727272,58732.27272727273,67238,646055,4.066314699193365,1793.658563276018,4.0,7.0,56046.25,2686.022727272728,More flights + heavier departures
FLN -> VCP,2024,6,2024-06-01,155,A320,5,319026,2058.232258064516,327.0451612903226,3320.516129032258,61921.09032258065,76290,9597769,6.29280656956839,2251.7660835043744,105.0,50.0,51586.97368421053,10334.11663837012,More flights + heavier departures
FOR -> CNF,2025,1,2025-01-01,53,A320,1,296884,5601.584905660377,1025.222641509434,9043.018867924528,68720.32075471699,71438,3642177,5.462869215640828,2231.344651689357,34.0,19.0,67596.73913043478,1123.5816242822038,"More flights, little TOW increase"
FOR -> REC,2024,9,2024-09-01,124,E2,4,221880,1789.3548387096773,349.5185483870968,3629.032258064516,50510.25806451613,66742,6263272,5.121478662468484,1787.7770608454675,106.0,18.0,46042.596153846156,4467.661910669973,More flights + heavier departures
FOR -> VCP,2025,1,2025-01-01,71,A320,3,509643,7178.070422535211,1299.367605633803,11358.591549295774,71311.47887323944,83929,5063115,5.523135936521615,2280.4003385489805,50.0,21.0,73066.2,-1754.7211267605599,"More flights, little TOW increase"
GEL -> VCP,2025,1,2025-01-01,15,ATR,1,20411,1360.7333333333333,516.7333333333333,7580.0,21981.266666666666,22968,329719,2.6325887176575193,646.2357181472931,10.0,5.0,21575.571428571428,405.6952380952389,"More flights, little TOW increase"
GIG -> CNF,2025,6,2025-06-01,119,E1,3,199552,1676.90756302521,247.91344537815127,2685.378151260504,46457.57142857143,59161,5528451,6.827787410791369,2252.275730020963,76.0,43.0,44710.52830188679,1747.0431266846354,"More flights, little TOW increase"
GIG -> REC,2024,7,2024-07-01,147,A320,2,735220,5001.496598639455,1032.53537414966,8757.142857142857,64456.73469387755,78944,9475140,4.843456819681265,2056.662225042485,98.0,49.0,66020.4,-1563.6653061224424,"More flights, little TOW increase"
GIG -> VCP,2025,8,2025-08-01,111,E1,3,217839,1962.5135135135135,271.34234234234236,3117.837837837838,43714.10810810811,58939,4852266,7.243419354239796,2270.061552281792,66.0,45.0,47365.05882352941,-3650.950715421306,"More flights, little TOW increase"
GNM -> CNF,2025,7,2025-07-01,30,ATR,1,29335,977.8333333333334,347.7,5520.0,20840.933333333334,22441,625228,2.8118874259613604,638.0545990503301,22.0,8.0,20566.14814814815,274.7851851851847,"More flights, little TOW increase"
GPB -> VCP,2024,7,2024-07-01,17,ATR,1,13472,792.4705882352941,306.94117647058823,4588.235294117647,20035.352941176472,21836,340601,2.582901980171652,623.2683607580065,14.0,3.0,19909.4375,125.91544117647209,"More flights, little TOW increase"
GRU -> CNF,2024,11,2024-11-01,84,A320,4,156671,1865.1309523809523,296.95238095238096,3045.0,55719.42857142857,67435,4680432,6.282584015684533,2224.9342666554685,46.0,38.0,51669.0,4050.4285714285725,More flights + heavier departures
GRU -> REC,2024,9,2024-09-01,173,A321,2,1086076,6277.8959537572255,1159.478034682081,9646.820809248555,74638.94797687861,84921,12912538,5.414720865802529,2344.542921454808,145.0,28.0,74961.7791411043,-322.83116422568855,"More flights, little TOW increase"
GRU -> VCP,2024,3,2024-03-01,6,A320,3,6914,1152.3333333333333,178.75,2170.0,47873.333333333336,53879,287240,8.011968045777458,2072.867261794253,3.0,3.0,46412.0,1461.3333333333358,"More flights, little TOW increase"
GVR -> CNF,2025,8,2025-08-01,76,ATR,1,36413,479.11842105263156,149.68421052631578,2558.684210526316,20766.302631578947,21862,1578239,3.2036828233369454,676.2112879850512,53.0,23.0,20302.106666666667,464.19596491228003,"More flights, little TOW increase"
GYN -> CNF,2024,10,2024-10-01,116,E2,4,227937,1964.9741379310344,377.9172413793104,3810.5172413793102,47757.1724137931,61828,5539832,5.202069798731392,1894.541000394132,88.0,28.0,50127.181818181816,-2370.0094043887148,"More flights, little TOW increase"
GYN -> REC,2025,9,2025-09-01,82,A320,1,397570,4848.414634146341,1016.0243902439024,8491.463414634147,64804.18292682927,68909,5313943,4.771717995559339,2056.354575936223,56.0,26.0,64326.59090909091,477.5920177383596,"More flights, little TOW increase"
GYN -> VCP,2025,9,2025-09-01,132,A320,3,330856,2506.4848484848485,431.3356060606061,4161.363636363636,62290.666666666664,66408,8222368,5.808730891016668,2169.7231784142455,100.0,32.0,60768.17894736842,1522.4877192982458,"More flights, little TOW increase"
IGU -> CNF,2024,1,2024-01-01,11,E2,2,36691,3335.5454545454545,726.5818181818181,6229.090909090909,57654.90909090909,70752,634204,4.589976913746661,1934.3015190710933,4.0,7.0,54019.88888888889,3635.0202020201978,More flights + heavier departures
IGU -> REC,2025,1,2025-01-01,9,A320,1,66383,7375.888888888889,1564.9888888888888,12553.333333333334,68435.66666666667,69812,615921,4.712519127664858,2114.7784150768816,5.0,4.0,67112.0,1323.6666666666715,"More flights, little TOW increase"
IGU -> VCP,2025,1,2025-01-01,75,A320,4,197863,2638.173333333333,460.312,4166.4,63826.08,74977,4786956,5.725188966427506,2280.3326864035894,47.0,28.0,63826.08,0.0,"More flights, little TOW increase"
IMP -> CNF,2025,3,2025-03-01,30,E2,3,116749,3891.633333333333,884.5033333333333,8010.0,51062.2,63758,1531866,4.399450659109467,1748.6356444957062,17.0,13.0,51712.77777777778,-650.5777777777839,"More flights, little TOW increase"
IOS -> CNF,2024,7,2024-07-01,45,E2,3,95905,2131.222222222222,428.73555555555555,4456.0,49062.35555555556,53433,2207806,4.968945497040167,1741.6701363948202,34.0,11.0,47761.94117647059,1300.4143790849703,"More flights, little TOW increase"
IOS -> VCP,2025,1,2025-01-01,46,E2,3,163331,3550.6739130434785,715.0934782608696,6851.739130434783,55281.15217391304,67202,2542933,4.973405397265514,1870.3146794656077,25.0,21.0,60907.851851851854,-5626.699677938814,"More flights, little TOW increase"
IPN -> CNF,2024,4,2024-04-01,110,ATR,1,42720,388.3636363636364,118.63636363636364,2148.5454545454545,20234.18181818182,21683,2225760,3.2785037019190186,654.3838346692559,91.0,19.0,20023.802197802197,210.3796203796228,"More flights, little TOW increase"
IZA -> CNF,2024,6,2024-06-01,22,ATR,1,9824,446.54545454545456,146.72727272727272,2541.818181818182,19651.909090909092,21449,432342,3.0434752184480582,633.3427308401738,15.0,7.0,19651.909090909092,0.0,"More flights, little TOW increase"
IZA -> VCP,2024,4,2024-04-01,43,ATR,1,35912,835.1627906976744,290.8139534883721,4716.279069767442,20510.0,22237,881930,2.8708395234940958,637.8732847868233,28.0,15.0,21111.46153846154,-601.461538461539,"More flights, little TOW increase"
JDO -> REC,2024,7,2024-07-01,52,ATR,2,43768,841.6923076923077,276.7653846153846,4665.0,21761.596153846152,43785,1131603,3.0429216335916727,671.0108806679344,19.0,33.0,21764.0,-2.403846153847553,"More flights, little TOW increase"
JDO -> VCP,2025,8,2025-08-01,28,E2,3,143959,5141.392857142857,1070.1785714285713,9735.0,58427.03571428572,69367,1635957,4.802895892521683,1904.49588645596,19.0,9.0,58427.03571428572,0.0,"More flights, little TOW increase"
JJD -> CNF,2024,1,2024-01-01,13,E2,2,66173,5090.2307692307695,1067.3538461538462,9618.461538461539,59294.07692307692,69023,770823,4.757188945919873,1902.7227365255176,10.0,3.0,55341.71428571428,3952.3626373626394,More flights + heavier departures
JJD -> REC,2024,2,2024-02-01,1,ATR,1,1327,1327.0,457.0,6840.0,16131.0,16131,16131,2.903719912472648,698.421052631579,1.0,0.0,35464.0,-19333.0,Relatively stable
JJD -> VCP,2024,5,2024-05-01,1,E2,1,7460,7460.0,1299.3,15300.0,47579.0,47579,47579,5.741553144000616,1755.2941176470588,1.0,0.0,47579.0,0.0,Relatively stable
JJG -> CNF,2024,6,2024-06-01,1,E1,1,3085,3085.0,630.3,5580.0,40932.0,40932,40932,4.894494685070602,1990.3225806451612,1.0,0.0,40932.0,0.0,Relatively stable
JJG -> VCP,2025,1,2025-01-01,29,ATR,3,33741,1163.4827586206898,387.5137931034483,5803.448275862069,23440.03448275862,55620,679761,3.0036221639765985,757.8193600089297,21.0,8.0,23440.03448275862,0.0,"More flights, little TOW increase"
JOI -> VCP,2024,4,2024-04-01,95,ATR,2,73876,777.6421052631579,255.81157894736842,4046.5263157894738,21788.8,44096,2069936,3.04048181509336,706.2752683788594,67.0,28.0,23519.96153846154,-1731.1615384615397,"More flights, little TOW increase"
JPA -> CNF,2025,1,2025-01-01,42,A320,2,212648,5063.047619047619,957.8404761904762,8478.57142857143,66500.73809523809,69895,2793031,5.286655634706603,2153.498366105004,22.0,20.0,64184.0,2316.738095238092,More flights + heavier departures
JPA -> REC,2024,1,2024-01-01,101,ATR,1,26076,258.1782178217822,73.15841584158416,1406.7326732673268,20312.19801980198,21746,2051532,3.5499739426410146,663.1663313245292,50.0,51.0,21082.29508196721,-770.0970621652305,"More flights, little TOW increase"
JPA -> VCP,2025,1,2025-01-01,53,A320,3,326791,6165.867924528302,1221.2245283018867,10795.471698113208,64044.698113207545,71733,3394369,5.053131043676546,2062.2802122095827,22.0,31.0,68434.36,-4389.661886792455,"More flights, little TOW increase"
JPR -> VCP,2025,8,2025-08-01,9,E2,1,42877,4764.111111111111,1129.5666666666666,9466.666666666666,55960.22222222222,57368,503642,4.2177290667118985,1814.367547194908,7.0,2.0,53264.5,2695.722222222219,More flights + heavier departures
JTC -> CNF,2024,11,2024-11-01,1,E1,1,2197,2197.0,386.0,3720.0,35583.0,35583,35583,5.691709844559585,2126.1290322580644,1.0,0.0,17286.0,18297.0,"Heavier departures, little frequency increase"
JTC -> REC,2024,12,2024-12-01,5,A320,1,28322,5664.4,1197.02,9912.0,65341.0,68168,326705,4.731861748304305,2058.3779675565374,3.0,2.0,62367.0,2974.0,More flights + heavier departures
JTC -> VCP,2024,5,2024-05-01,83,ATR,2,35754,430.7710843373494,142.20000000000002,2324.8192771084337,19189.289156626506,37585,1592711,3.02354951903854,679.8527713558217,39.0,44.0,20381.071428571428,-1191.7822719449214,"More flights, little TOW increase"
LDB -> CNF,2025,10,2025-10-01,1,E2,1,2189,2189.0,480.4,4320.0,52499.0,52499,52499,4.556619483763531,1824.1666666666667,1.0,0.0,52499.0,0.0,Relatively stable
LDB -> REC,2025,7,2025-07-01,3,A320,1,18529,6176.333333333333,1334.0666666666666,10720.0,66649.33333333333,68880,199948,4.629619967310696,2073.5038724269493,1.0,2.0,60960.0,5689.3333333333285,More flights + heavier departures
LDB -> VCP,2024,6,2024-06-01,105,ATR,2,76174,725.4666666666667,252.30571428571426,3924.0,21720.02857142857,38249,2280603,2.878066600388657,671.8794419355429,51.0,54.0,24586.175438596492,-2866.1468671679213,"More flights, little TOW increase"
LEC -> CNF,2024,7,2024-07-01,10,ATR,1,12268,1226.8,469.8,7068.0,21242.3,22909,212423,2.6110540997211378,624.9932907367078,6.0,4.0,21309.233333333334,-66.9333333333343,"More flights, little TOW increase"
MAB -> CNF,2024,8,2024-08-01,27,E2,1,107067,3965.4444444444443,917.8,8088.888888888889,54634.59259259259,55642,1475134,4.320610465160219,1764.9967210031148,22.0,5.0,56536.55,-1901.9574074074117,"More flights, little TOW increase"
MAB -> VCP,2024,10,2024-10-01,1,A320,1,4640,4640.0,1105.8,9900.0,52422.0,52422,52422,4.1960571531922595,1687.2727272727273,1.0,0.0,52422.0,0.0,Relatively stable
MAO -> CNF,2025,3,2025-03-01,32,A320,2,223569,6986.53125,1388.59375,12091.875,68063.28125,71699,2178025,5.030745549423868,2110.87050331207,25.0,7.0,69858.95443349754,-1795.6731834975362,"More flights, little TOW increase"
MAO -> REC,2024,10,2024-10-01,36,A321,2,319339,8870.527777777777,1550.2555555555555,12931.666666666666,79567.52777777778,87938,2864431,5.722906284652251,2472.4786954061783,25.0,11.0,79944.92857142857,-377.4007936507842,"More flights, little TOW increase"
MAO -> VCP,2024,5,2024-05-01,125,A320,3,897525,7180.2,1434.7368000000001,11895.84,61931.136,87500,7741392,5.005647175559116,2175.9105360953654,77.0,48.0,71396.28235294118,-9465.146352941185,"More flights, little TOW increase"
MCP -> CNF,2025,8,2025-08-01,2,ATR,1,5658,2829.0,1263.0,18180.0,18138.0,18238,36276,2.2396454489375257,560.9193618881119,2.0,0.0,18138.0,0.0,Relatively stable
MCP -> REC,2024,1,2024-01-01,1,ATR,1,2759,2759.0,1126.0,15840.0,20745.0,20745,20745,2.450266429840142,627.0454545454545,1.0,0.0,20745.0,0.0,Relatively stable
MCP -> VCP,2024,11,2024-11-01,1,E1,1,6535,6535.0,1453.6,13140.0,39682.0,39682,39682,4.4957347275729225,1790.4109589041095,1.0,0.0,47688.0,-8006.0,Relatively stable
MCZ -> CNF,2025,1,2025-01-01,67,A320,2,287047,4284.2835820895525,802.5731343283583,7207.164179104478,64841.59701492537,68677,4344387,5.336473318812846,2141.18331918386,45.0,22.0,62710.5,2131.09701492537,More flights + heavier departures
MCZ -> REC,2024,7,2024-07-01,140,ATR,3,56765,405.4642857142857,124.61642857142857,2235.8571428571427,20055.57857142857,63747,2807781,3.2528003617860106,661.8825255942223,82.0,58.0,20775.66304347826,-720.0844720496898,"More flights, little TOW increase"
MCZ -> VCP,2025,1,2025-01-01,88,A320,3,525956,5976.772727272727,1085.3761363636365,9529.09090909091,69268.47727272728,72774,6095626,5.5047530585868945,2257.234143872123,43.0,45.0,67131.44186046511,2137.0354122621648,More flights + heavier departures
MDZ -> VCP,2025,7,2025-07-01,12,A320,1,73922,6160.166666666667,1315.8083333333334,10070.0,70243.83333333333,72493,842926,4.681500798270222,2201.664430010554,6.5,5.5,68627.2,1616.6333333333314,"More flights, little TOW increase"
MGF -> CNF,2025,4,2025-04-01,1,E2,1,2154,2154.0,590.5,5220.0,42572.0,42572,42572,3.6477561388653683,1485.5172413793102,1.0,0.0,29721.0,12851.0,"Heavier departures, little frequency increase"
MGF -> VCP,2025,9,2025-09-01,98,ATR,3,91372,932.3673469387755,298.0765306122449,4346.326530612245,24433.01020408163,51943,2394435,3.1120832626575554,823.6481238030912,68.0,30.0,26858.836734693876,-2425.826530612245,"More flights, little TOW increase"
MII -> VCP,2024,6,2024-06-01,49,ATR,1,25590,522.2448979591836,181.28571428571428,2888.5714285714284,19555.102040816328,21941,958200,2.8834786434770523,652.0779845684498,25.0,24.0,19555.102040816328,0.0,"More flights, little TOW increase"
MOC -> CNF,2025,8,2025-08-01,127,ATR,2,72855,573.6614173228346,192.51653543307086,3224.8818897637793,20531.496062992126,41061,2607500,2.9798499401795815,646.6491627509564,101.0,26.0,20665.953125,-134.4570620078739,"More flights, little TOW increase"
MOC -> VCP,2024,8,2024-08-01,1,ATR,1,1081,1081.0,435.0,6480.0,16407.0,16407,16407,2.485057471264368,600.5555555555555,1.0,0.0,16407.0,0.0,Relatively stable
MVD -> CNF,2024,9,2024-09-01,1,A320,1,4865,4865.0,1154.0,9720.0,54284.0,54284,54284,4.215771230502599,1801.851851851852,1.0,0.0,54123.0,161.0,Relatively stable
MVD -> REC,2024,6,2024-06-01,9,A320,1,83984,9331.555555555555,2019.3555555555556,15893.333333333334,71371.66666666667,75387,642345,4.6209214898054745,2112.8116105748195,7.0,2.0,60631.666666666664,10740.000000000007,More flights + heavier departures
MVD -> VCP,2025,7,2025-07-01,21,E2,1,74540,3549.5238095238096,870.757142857143,7328.571428571428,54234.19047619047,56540,1138918,4.076613570972121,1743.7629748063316,1.0,20.0,53290.09523809524,944.0952380952367,"More flights, little TOW increase"
MVF -> REC,2024,7,2024-07-01,31,ATR,1,22232,717.1612903225806,242.06451612903226,4178.709677419355,20498.387096774193,22279,635450,2.962910581422323,618.3888160989561,21.0,10.0,20556.208333333332,-57.821236559138924,"More flights, little TOW increase"
NAT -> CNF,2025,1,2025-01-01,56,A320,3,297266,5308.321428571428,1005.1803571428571,8922.857142857143,66346.10714285714,71279,3715382,5.2828026081932595,2147.0844936128847,35.0,21.0,66302.47619047618,43.63095238096139,"More flights, little TOW increase"
NAT -> REC,2024,7,2024-07-01,154,ATR,2,74273,482.2922077922078,148.11233766233767,2615.844155844156,21144.603896103898,54833,3256269,3.256648950547768,676.1734954723551,83.0,71.0,21418.362068965518,-273.75817286162055,"More flights, little TOW increase"
NAT -> VCP,2025,1,2025-01-01,46,A320,3,323853,7040.282608695652,1277.458695652174,11257.826086956522,71279.63043478261,82271,3278863,5.509182053116909,2253.393775566759,27.0,19.0,69335.06666666667,1944.5637681159424,"More flights, little TOW increase"
NSR -> REC,2024,12,2024-12-01,14,ATR,1,17621,1258.642857142857,482.92857142857144,7487.142857142857,19345.785714285714,21177,270841,2.6058456830555614,606.3879531322189,5.0,9.0,19680.25,-334.46428571428623,"More flights, little TOW increase"
NVT -> CNF,2024,10,2024-10-01,10,E2,1,24207,2420.7,541.3399999999999,4938.0,51619.5,54193,516195,4.468545083785669,1765.9229432799148,4.5,5.5,52120.75,-501.25,"More flights, little TOW increase"
NVT -> REC,2025,1,2025-01-01,8,E2,2,43776,5472.0,1403.175,11580.0,55275.75,63555,442206,3.898466156068883,1699.796069946918,6.0,2.0,58974.25,-3698.5,"More flights, little TOW increase"
NVT -> VCP,2025,1,2025-01-01,128,E2,3,214276,1674.03125,286.165625,3068.90625,50021.40625,61048,6402740,5.849290136114277,1971.064861355909,95.0,33.0,50713.71844660194,-692.3121966019389,"More flights, little TOW increase"
OAL -> VCP,2025,4,2025-04-01,7,E2,1,32025,4575.0,1098.1857142857143,9368.57142857143,54440.142857142855,56124,381081,4.1653791218559055,1759.9983089516459,6.0,1.0,54830.4,-390.2571428571464,Relatively stable
OPS -> VCP,2025,9,2025-09-01,29,A320,2,124661,4298.6551724137935,840.0862068965517,7351.0344827586205,64318.75862068965,68285,1865244,5.117222985824723,2106.112266462135,21.0,8.0,64679.23809523809,-360.4794745484396,"More flights, little TOW increase"
PAV -> REC,2024,1,2024-01-01,12,ATR,1,8605,717.0833333333334,243.0,4070.0,21081.833333333332,22481,252982,2.9482399732095588,634.426328146924,10.0,2.0,19578.654761904763,1503.1785714285688,"More flights, little TOW increase"
PDP -> VCP,2025,1,2025-01-01,11,E2,1,40056,3641.4545454545455,864.4181818181819,7292.727272727273,54937.818181818184,55959,604316,4.21325066480336,1797.3792544983014,4.0,7.0,54937.818181818184,0.0,"More flights, little TOW increase"
PET -> VCP,2024,9,2024-09-01,19,E1,1,67076,3530.315789473684,627.2157894736843,5662.105263157895,45913.84210526316,47287,872363,5.626072111013076,2247.471109952286,6.5,12.5,45522.27142857143,391.5706766917283,"More flights, little TOW increase"
PFB -> VCP,2024,6,2024-06-01,27,A320,2,65183,2414.185185185185,444.81481481481484,4177.777777777777,61749.2962962963,67179,1667231,5.4279815558377225,2142.9566833240365,22.0,5.0,63001.5,-1252.2037037037007,"More flights, little TOW increase"
PGZ -> VCP,2024,3,2024-03-01,19,ATR,1,12427,654.0526315789474,235.89473684210526,3707.3684210526317,19872.684210526317,21274,377581,2.775004395289339,635.7061563172712,11.0,8.0,19130.0,742.6842105263167,"More flights, little TOW increase"
PHB -> CNF,2024,7,2024-07-01,14,E2,2,65559,4682.785714285715,1044.3785714285714,9317.142857142857,56819.92857142857,67961,795479,4.483681766895758,1809.4180761855755,6.0,8.0,64194.0,-7374.0714285714275,"More flights, little TOW increase"
PLU -> CNF,2024,5,2024-05-01,4,ATR,2,1228,307.0,65.575,1185.0,21717.0,36518,86868,4.806509836869557,980.9915966386554,2.0,2.0,25751.5,-4034.5,"More flights, little TOW increase"
PLU -> REC,2024,4,2024-04-01,1,ATR,1,2097,2097.0,908.0,13440.0,17374.0,17374,17374,2.3094713656387666,561.6964285714286,1.0,0.0,17374.0,0.0,Relatively stable
PLU -> VCP,2024,10,2024-10-01,8,ATR,2,10437,1304.625,326.5375,4627.5,23877.25,37379,191018,3.9457879136215572,1082.779685627025,3.0,5.0,23877.25,0.0,"More flights, little TOW increase"
PMG -> VCP,2024,1,2024-01-01,20,E1,2,44130,2206.5,512.455,5988.0,34474.45,46037,689489,4.283731617623666,1493.7505971941216,11.0,9.0,42819.2,-8344.75,"More flights, little TOW increase"
PMW -> CNF,2025,9,2025-09-01,25,E1,2,88900,3556.0,641.18,6199.2,47465.08,52905,1186627,5.54324172954723,2067.576316104481,16.0,9.0,49467.818181818184,-2002.738181818182,"More flights, little TOW increase"
PMW -> REC,2025,1,2025-01-01,10,A320,1,40703,4070.3,839.86,7356.0,60956.2,64664,609562,4.846876841357386,1991.5694483083494,7.5,2.5,63251.4,-2295.2000000000044,"More flights, little TOW increase"
PMW -> VCP,2025,9,2025-09-01,28,A320,1,120237,4294.178571428572,799.032142857143,7193.571428571428,65038.03571428572,67710,1821065,5.373728794751189,2149.047399307042,21.0,7.0,60500.913043478264,4537.122670807454,More flights + heavier departures
PNZ -> CNF,2024,1,2024-01-01,1,E1,1,3369,3369.0,665.1,5760.0,40538.0,40538,40538,5.0654036986919255,2105.625,1.0,0.0,40538.0,0.0,Relatively stable
PNZ -> REC,2024,7,2024-07-01,58,E1,2,115984,1999.7241379310344,363.60862068965514,4227.931034482759,37377.10344827586,45706,2167872,5.483224793260117,1823.4320652747044,36.0,22.0,35300.0,2077.1034482758623,More flights + heavier departures
PNZ -> VCP,2024,7,2024-07-01,24,A320,2,115940,4830.833333333333,915.9125,8227.5,64145.625,70254,1539495,5.275598087581026,2119.997582553456,14.5,9.5,56233.75,7911.875,More flights + heavier departures
POA -> CNF,2024,11,2024-11-01,53,A320,2,207983,3924.2075471698113,767.1773584905661,6404.1509433962265,66577.39622641509,69526,3528602,5.115384219432468,2208.3707513801605,37.0,16.0,63717.11363636364,2860.282590051451,More flights + heavier departures
POA -> REC,2025,5,2025-05-01,52,E2,2,321987,6192.057692307692,1589.3000000000002,13295.76923076923,55949.96153846154,66527,2909398,3.9152770029740727,1676.422131895129,24.0,28.0,57352.2,-1402.238461538458,"More flights, little TOW increase"
POA -> VCP,2024,11,2024-11-01,204,A320,3,590630,2895.2450980392155,509.1627450980392,4619.411764705882,63429.93137254902,70224,12939706,5.685352837019567,2259.2524189942133,154.0,50.0,64068.72727272727,-638.795900178251,"More flights, little TOW increase"
POJ -> CNF,2024,7,2024-07-01,16,ATR,1,8147,509.1875,181.625,3078.75,19533.375,21029,312534,2.8066343037904806,595.9014116261376,12.0,4.0,20118.333333333332,-584.9583333333321,"More flights, little TOW increase"
PPB -> CNF,2025,1,2025-01-01,1,E1,1,2770,2770.0,507.8,4860.0,40412.0,40412,40412,5.454903505317054,2051.8518518518517,1.0,0.0,40412.0,0.0,Relatively stable
PPB -> REC,2024,7,2024-07-01,5,A320,1,29330,5866.0,1322.0,10776.0,63653.6,68069,318268,4.437998351593062,1960.137552103069,3.0,2.0,64474.83333333333,-821.2333333333299,"More flights, little TOW increase"
PPB -> VCP,2024,5,2024-05-01,88,ATR,2,63120,717.2727272727273,265.7079545454545,4007.0454545454545,20480.875,43739,1802317,2.702362215080563,653.0542126083442,46.0,42.0,35558.586956521736,-15077.711956521736,"More flights, little TOW increase"
PTO -> VCP,2024,10,2024-10-01,20,ATR,1,20609,1030.45,383.7,5583.0,20482.55,22655,409651,2.6865607158400677,664.9551916558357,14.0,6.0,20823.2,-340.65000000000146,"More flights, little TOW increase"
PVH -> CNF,2025,1,2025-01-01,29,A320,1,208608,7193.379310344828,1385.3862068965516,11875.862068965518,69181.24137931035,72182,2006256,5.19147410327048,2180.831630824375,24.0,5.0,69415.34782608696,-234.10644677661185,"More flights, little TOW increase"
PVH -> REC,2024,12,2024-12-01,4,A320,1,35432,8858.0,1756.175,14715.0,71789.25,72790,287157,5.0445034999181555,2167.2586230716342,3.5,0.5,71520.79166666666,268.45833333334303,Relatively stable
PVH -> VCP,2024,1,2024-01-01,1,E1,1,5347,5347.0,1325.5,11040.0,38456.0,38456,38456,4.03394945303659,1743.5869565217392,1.0,0.0,38456.0,0.0,Relatively stable
QNS -> VCP,2024,9,2024-09-01,85,A320,1,243396,2863.4823529411765,505.98,4593.882352941177,65789.02352941176,67328,5592067,5.659153834921871,2245.8082454507494,62.0,23.0,65723.62714932126,65.39638009050395,"More flights, little TOW increase"
RAO -> CNF,2025,7,2025-07-01,53,ATR,1,39179,739.2264150943396,283.9811320754717,4343.773584905661,20103.905660377357,21957,1065507,2.6043925632127536,613.4070804857555,40.0,13.0,21810.05,-1706.1443396226423,"More flights, little TOW increase"
RAO -> REC,2025,7,2025-07-01,13,A320,1,68247,5249.7692307692305,1114.576923076923,9244.615384615385,64768.46153846154,69539,841990,4.7099853824478775,2043.5709998610198,9.0,4.0,64232.7,535.7615384615419,"More flights, little TOW increase"
RAO -> VCP,2024,7,2024-07-01,129,ATR,2,57097,442.61240310077517,144.33178294573642,2425.5813953488373,20538.565891472866,40114,2649475,3.0770634011831346,660.9198317630161,106.0,23.0,21837.755102040817,-1299.1892105679508,"More flights, little TOW increase"
RBR -> CNF,2025,3,2025-03-01,27,A320,1,201419,7459.962962962963,1525.2962962962963,12740.0,68363.70370370371,70627,1845820,4.891485082636511,2108.5370914633554,21.0,6.0,69233.04583333334,-869.3421296296292,"More flights, little TOW increase"
REC -> AJU,2024,1,2024-01-01,124,ATR,3,83779,675.6370967741935,238.0677419354839,3842.4193548387098,21103.379032258064,66899,2616819,2.836856787802153,641.85571540664,68.0,56.0,21962.196428571428,-858.8173963133631,"More flights, little TOW increase"
REC -> ASU,2025,7,2025-07-01,6,E2,1,44636,7439.333333333333,1714.8666666666668,15670.0,56787.166666666664,59608,340723,4.337171009949376,1708.0234719975367,2.0,4.0,58823.0,-2035.8333333333358,"More flights, little TOW increase"
REC -> BEL,2025,2,2025-02-01,68,A320,2,326291,4798.39705882353,957.1044117647059,8535.882352941177,62408.25,71755,4243761,5.012661624359494,2026.3006610796956,49.0,19.0,67042.33928571429,-4634.08928571429,"More flights, little TOW increase"
REC -> BPS,2025,6,2025-06-01,1,A320,1,3267,3267.0,563.6,5400.0,68230.0,68230,68230,5.7966643009226395,2178.0,1.0,0.0,68230.0,0.0,Relatively stable
REC -> BSB,2025,7,2025-07-01,76,A320,2,403821,5313.434210526316,931.4934210526316,8452.894736842105,69963.42105263157,81261,5317220,5.7030290881194405,2263.4018710462497,59.0,17.0,68963.87096774194,999.5500848896336,"More flights, little TOW increase"
REC -> CAU,2024,10,2024-10-01,8,ATR,1,2143,267.875,86.25,1560.0,16698.125,17247,133585,3.114040377191161,619.9950396825396,3.0,5.0,17045.5,-347.375,"More flights, little TOW increase"
REC -> CGH,2025,7,2025-07-01,120,A320,1,796407,6636.725,1212.2825,10869.0,69691.95,72941,8363034,5.472836824354737,2198.6249005862705,103.0,17.0,69427.0594059406,264.8905940593977,"More flights, little TOW increase"
REC -> CGR,2025,1,2025-01-01,8,A320,1,59767,7470.875,1396.8875,11880.0,72340.5,73463,578724,5.348066515695218,2264.9044670545586,6.0,2.0,70714.875,1625.625,"More flights, little TOW increase"
REC -> CNF,2025,3,2025-03-01,177,A320,2,823990,4655.310734463277,886.6717514124293,7869.152542372882,64706.09039548023,69943,11452978,5.2495533940556065,2130.882242196922,136.0,41.0,65040.676258992804,-334.5858635125769,"More flights, little TOW increase"
REC -> CPV,2024,7,2024-07-01,69,ATR,1,24734,358.463768115942,116.71014492753623,2058.2608695652175,19427.347826086956,21965,1340487,3.070109131598886,628.1644012037591,41.0,28.0,20270.375,-843.027173913044,"More flights, little TOW increase"
REC -> CWB,2025,1,2025-01-01,11,A320,2,75445,6858.636363636364,1371.490909090909,12081.818181818182,65141.90909090909,70236,716561,5.000981698781534,2048.850610527937,3.0,8.0,55735.0,9406.909090909088,More flights + heavier departures
REC -> FEC,2024,5,2024-05-01,16,ATR,1,15208,950.5,356.875,5591.25,20245.4375,22716,323927,2.6617419358692542,611.9231206807372,14.0,2.0,20167.21875,78.21875,"More flights, little TOW increase"
REC -> FEN,2024,10,2024-10-01,198,ATR,1,181670,917.5252525252525,311.16161616161617,5118.484848484848,22261.116161616163,22976,4407701,2.948439203495976,645.7281295221159,129.0,69.0,22233.539877300613,27.576284315549856,"More flights, little TOW increase"
REC -> FLN,2025,7,2025-07-01,12,E2,1,78456,6538.0,1465.7,13300.0,58458.0,59547,701496,4.457464348810324,1769.4130785062432,4.0,8.0,57942.16666666667,515.8333333333285,"More flights, little TOW increase"
REC -> FOR,2024,12,2024-12-01,127,E2,3,241448,1901.1653543307086,380.0125984251968,4100.787401574803,49461.48818897638,68921,6281609,5.0006733204675085,1767.9033436654406,107.0,20.0,49461.48818897638,0.0,"More flights, little TOW increase"
REC -> GIG,2024,7,2024-07-01,142,A320,2,791160,5571.549295774648,1032.0661971830984,9208.732394366198,68058.9014084507,77848,9664364,5.398294486053984,2178.0404634306433,101.0,41.0,70560.22105263158,-2501.3196441808686,"More flights, little TOW increase"
REC -> GRU,2024,8,2024-08-01,171,A321,2,1163930,6806.608187134503,1171.2105263157894,10176.842105263158,75665.6783625731,85439,12938831,5.810649224302966,2408.608713383879,138.0,33.0,77800.93650793651,-2135.2581453634048,"More flights, little TOW increase"
REC -> GYN,2025,9,2025-09-01,86,A320,1,472421,5493.267441860465,1007.082558139535,8938.60465116279,68841.6511627907,72090,5920382,5.454010619043206,2214.1653923246777,56.0,30.0,68192.30357142857,649.3475913621369,"More flights, little TOW increase"
REC -> IGU,2025,1,2025-01-01,8,A320,1,65156,8144.5,1568.6,13755.0,69005.875,70528,552047,5.193083878834769,2132.6899583838645,3.0,5.0,65602.33333333333,3403.5416666666715,More flights + heavier departures
REC -> IMP,2024,1,2024-01-01,1,A320,1,4356,4356.0,809.0,7080.0,65541.0,65541,65541,5.38442521631644,2214.915254237288,1.0,0.0,65541.0,0.0,Relatively stable
REC -> JDO,2024,7,2024-07-01,55,ATR,2,48569,883.0727272727273,308.79454545454547,4744.363636363636,22526.8,42682,1238974,2.8609294745692146,690.4713190705442,23.0,32.0,22214.0,312.7999999999993,"More flights, little TOW increase"
REC -> JJD,2024,2,2024-02-01,1,ATR,1,1372,1372.0,474.0,6600.0,21048.0,21048,21048,2.8945147679324896,748.3636363636364,1.0,0.0,21048.0,0.0,Relatively stable
REC -> JPA,2024,1,2024-01-01,99,ATR,1,27852,281.3333333333333,83.75757575757575,1596.3636363636363,19450.454545454544,22371,1925595,3.37111524062095,638.7682283203,48.0,51.0,20831.08,-1380.6254545454576,"More flights, little TOW increase"
REC -> JTC,2024,12,2024-12-01,4,A320,1,24415,6103.75,1184.75,10245.0,66238.25,71933,264953,5.151909430885641,2143.9423207618775,2.0,2.0,70642.0,-4403.75,"More flights, little TOW increase"
REC -> LDB,2025,7,2025-07-01,3,A320,1,22202,7400.666666666667,1339.5666666666666,11840.0,71340.66666666667,74010,214022,5.52443948282684,2248.321361173042,2.0,1.0,65966.33333333334,5374.3333333333285,"Heavier departures, little frequency increase"
REC -> MAO,2024,10,2024-10-01,31,A321,2,298868,9640.90322580645,1617.3258064516128,13240.645161290322,83549.19354838709,88781,2590025,5.970031216023619,2628.942678129799,24.0,7.0,85265.86363636363,-1716.6700879765413,"More flights, little TOW increase"
REC -> MCP,2024,1,2024-01-01,1,ATR,1,2978,2978.0,1136.0,17400.0,21849.0,21849,21849,2.6214788732394365,616.1379310344828,1.0,0.0,21849.0,0.0,Relatively stable
REC -> MCZ,2024,7,2024-07-01,144,ATR,2,54684,379.75,118.83125000000001,2110.8333333333335,20122.652777777777,62015,2897662,3.1962072857501598,652.079295865304,83.0,61.0,20993.73076923077,-871.0779914529921,"More flights, little TOW increase"
REC -> MVD,2024,3,2024-03-01,9,A320,1,94447,10494.111111111111,2011.8999999999999,17333.333333333332,72797.44444444444,77439,655177,5.216693838286722,2180.7510652518768,7.0,2.0,62198.875,10598.569444444438,More flights + heavier departures
REC -> MVF,2024,7,2024-07-01,31,ATR,1,21770,702.258064516129,252.7741935483871,4045.1612903225805,21091.1935483871,22941,653827,2.7789387595299595,625.751837807892,21.0,10.0,21455.36842105263,-364.17487266553144,"More flights, little TOW increase"
REC -> NAT,2024,7,2024-07-01,156,ATR,2,84686,542.8589743589744,170.87115384615385,2865.769230769231,22041.98076923077,64131,3438549,3.173415974392093,696.313950208167,83.0,73.0,21980.914634146342,61.066135084427515,"More flights, little TOW increase"
REC -> NSR,2024,12,2024-12-01,13,ATR,1,16185,1245.0,477.7692307692308,7176.923076923077,21342.076923076922,22972,277447,2.605742122764226,624.9304063063759,8.0,5.0,21096.0,246.07692307692196,"More flights, little TOW increase"
REC -> NVT,2025,1,2025-01-01,9,E2,2,59099,6566.555555555556,1407.4555555555555,12720.0,60385.333333333336,70038,543468,4.666086579560479,1863.2491492270706,4.0,5.0,63224.75,-2839.4166666666642,"More flights, little TOW increase"
REC -> PAV,2024,1,2024-01-01,12,ATR,1,7852,654.3333333333334,233.0,3755.0,20479.166666666668,22457,245750,2.808953168405472,627.4360707071872,10.0,2.0,19772.949999999997,706.2166666666708,"More flights, little TOW increase"
REC -> PLU,2024,6,2024-06-01,1,ATR,1,2066,2066.0,916.0,12900.0,17423.0,17423,17423,2.2554585152838427,576.5581395348837,1.0,0.0,17692.5,-269.5,Relatively stable
REC -> PMW,2025,1,2025-01-01,9,A320,1,41278,4586.444444444444,835.8333333333334,7306.666666666667,69770.66666666667,71019,627936,5.487500839196303,2260.6107510049424,6.5,2.5,66288.08333333334,3482.5833333333285,More flights + heavier departures
REC -> PNZ,2024,7,2024-07-01,55,E1,2,116809,2123.8,372.8727272727273,4017.818181818182,40757.72727272727,46822,2241675,5.693177531153731,2003.3393092678566,33.0,22.0,40167.793103448275,589.9341692789967,"More flights, little TOW increase"
REC -> POA,2025,10,2025-10-01,51,E2,1,369733,7249.666666666667,1631.580392156863,14761.176470588236,58068.450980392154,60093,2961491,4.4434110733236265,1768.0305065420782,23.0,28.0,58700.38775510204,-631.9367747098877,"More flights, little TOW increase"
REC -> PPB,2024,1,2024-01-01,4,A320,1,27255,6813.75,1305.525,11355.0,69017.25,71833,276069,5.220027652901318,2161.383954299198,4.0,0.0,70385.25,-1368.0,Relatively stable
REC -> PVH,2024,12,2024-12-01,5,A320,1,43946,8789.2,1759.06,14424.0,72479.6,75821,362398,4.997103029297147,2194.6118788406334,2.0,3.0,73233.0,-753.3999999999942,"More flights, little TOW increase"
REC -> RAO,2025,3,2025-03-01,13,A320,1,77675,5975.0,1096.6692307692308,9493.846153846154,70764.15384615384,72552,919934,5.44797127306795,2266.6723087709033,9.0,4.0,70544.625,219.52884615384392,"More flights, little TOW increase"
REC -> REC,2025,2,2025-02-01,7,ATR,1,5527,789.5714285714286,273.2857142857143,4491.428571428572,20331.85714285714,22448,142323,3.3024556707946036,646.7269827185534,2.0,5.0,25428.833333333336,-5096.9761904761945,"More flights, little TOW increase"
REC -> SJP,2024,10,2024-10-01,13,A320,1,77964,5997.2307692307695,1158.7230769230769,10135.384615384615,66457.23076923077,70421,863944,5.17578241105356,2130.5088714568055,10.0,3.0,68068.58333333333,-1611.3525641025626,"More flights, little TOW increase"
REC -> SLZ,2025,9,2025-09-01,50,A320,1,192281,3845.62,682.5360000000001,6151.2,67745.46,70784,3387273,5.6346863391691295,2251.4990851756697,40.0,10.0,67013.88888888889,731.5711111111159,"More flights, little TOW increase"
REC -> SSA,2024,9,2024-09-01,133,E2,5,282344,2122.8872180451126,378.01428571428573,3787.218045112782,55982.05263157895,70605,7445613,5.567561974101972,2016.017035743704,95.0,38.0,50126.88679245283,5855.165839126115,More flights + heavier departures
REC -> THE,2024,9,2024-09-01,51,E2,2,139633,2737.901960784314,548.1117647058824,5181.176470588235,55914.470588235294,67544,2851638,4.992824880443835,1906.245986247305,32.0,19.0,59515.045454545456,-3600.574866310162,"More flights, little TOW increase"
REC -> UBA,2025,7,2025-07-01,1,A320,1,10624,10624.0,2001.7,18720.0,70813.0,70813,70813,5.3074886346605386,2043.076923076923,1.0,0.0,70813.0,0.0,Relatively stable
REC -> UDI,2025,9,2025-09-01,13,A320,1,77665,5974.2307692307695,1053.1461538461538,9276.923076923076,72025.61538461539,73892,936333,5.6727187984005445,2320.660553010819,6.0,7.0,69727.4,2298.215384615396,More flights + heavier departures
REC -> UNA,2024,4,2024-04-01,1,E1,1,2754,2754.0,507.3,5100.0,39338.0,39338,39338,5.428740390301597,1944.0,1.0,0.0,44616.5,-5278.5,Relatively stable
REC -> VCP,2025,7,2025-07-01,174,A321,3,1243996,7149.402298850575,1169.3293103448275,10333.103448275862,77835.49425287357,86126,13543376,6.113061900980658,2492.9358634308,141.0,33.0,77729.15476190476,106.33949096880679,"More flights, little TOW increase"
REC -> VIX,2025,7,2025-07-01,33,A320,1,144826,4388.666666666667,815.0939393939393,7303.636363636364,66439.24242424243,70674,2192495,5.383521624464828,2162.426490459919,24.0,9.0,67072.04761904762,-632.805194805187,"More flights, little TOW increase"
RIA -> VCP,2024,10,2024-10-01,26,ATR,1,38899,1496.1153846153845,556.4615384615385,8180.7692307692305,22270.923076923078,22994,579044,2.688041369931277,658.4737127230649,10.5,15.5,22130.85,140.0730769230795,"More flights, little TOW increase"
ROO -> VCP,2025,10,2025-10-01,24,E2,2,60203,2508.4583333333335,596.5166666666667,5582.5,47874.791666666664,51148,1148995,4.204340399329866,1638.8731531954456,17.0,7.0,47093.6,781.1916666666657,"More flights, little TOW increase"
RVD -> VCP,2024,4,2024-04-01,46,ATR,1,47907,1041.4565217391305,401.5,6163.04347826087,20183.652173913044,22066,928448,2.5954792016579256,608.7975951698998,25.0,21.0,20582.74074074074,-399.0885668276969,"More flights, little TOW increase"
SDU -> CNF,2025,10,2025-10-01,126,E2,2,192768,1529.904761904762,260.5103174603175,2850.9523809523807,48858.206349206346,54201,6156134,5.878318493324944,1936.2117941135743,82.0,44.0,42700.59756097561,6157.608788230733,More flights + heavier departures
SDU -> VCP,2025,9,2025-09-01,201,E2,2,322740,1605.6716417910447,277.2149253731343,3078.507462686567,49322.60199004975,53424,9913843,5.810943957233876,1879.8603439514454,158.0,43.0,42049.62105263158,7272.980937418171,More flights + heavier departures
SJP -> CNF,2025,7,2025-07-01,54,ATR,1,47163,873.3888888888889,346.8333333333333,5148.888888888889,19849.666666666668,22233,1071882,2.518151558540915,611.4168722994896,40.0,14.0,20698.833333333332,-849.1666666666642,"More flights, little TOW increase"
SJP -> REC,2025,4,2025-04-01,13,A320,1,72981,5613.923076923077,1171.8384615384616,9706.153846153846,66287.69230769231,67487,861740,4.790959366217941,2081.9361733855667,9.0,4.0,65542.66666666667,745.0256410256407,"More flights, little TOW increase"
SJP -> VCP,2025,10,2025-10-01,141,ATR,4,91604,649.6737588652483,199.24822695035462,3122.553191489362,22759.55319148936,55055,3209097,3.2600901778458877,777.2779173791793,105.0,36.0,21142.454545454544,1617.0986460348176,"More flights, little TOW increase"
SLZ -> CNF,2024,6,2024-06-01,30,A320,1,161645,5388.166666666667,1043.6133333333335,8842.0,67551.03333333334,69283,2026531,5.1630243820760455,2194.856978227595,22.0,8.0,66749.85714285714,801.1761904761952,"More flights, little TOW increase"
SLZ -> REC,2025,9,2025-09-01,52,A320,1,179709,3455.9423076923076,657.3173076923077,5763.461538461538,63854.13461538462,67292,3320415,5.257691276715347,2159.8602840215895,39.0,13.0,62776.7027027027,1077.4319126819173,"More flights, little TOW increase"
SLZ -> VCP,2025,8,2025-08-01,29,A320,3,189133,6521.827586206897,1266.4103448275862,10938.620689655172,68009.75862068965,76515,1972283,5.149834590138792,2147.047040150754,23.0,6.0,66988.95652173914,1020.8020989505167,"More flights, little TOW increase"
SMT -> CNF,2025,2,2025-02-01,23,E2,2,84393,3669.2608695652175,819.7826086956521,7406.086956521739,47784.52173913043,53632,1099044,4.476409286916573,1786.8205009691853,19.0,4.0,48646.27272727273,-861.7509881422957,"More flights, little TOW increase"
SOD -> VCP,2024,2,2024-02-01,3,E2,1,1053,351.0,53.666666666666664,940.0,40921.0,41587,122763,6.554223121593306,1357.4789915966387,1.0,2.0,40921.0,0.0,"More flights, little TOW increase"
SSA -> CNF,2025,1,2025-01-01,119,A320,4,371049,3118.0588235294117,553.9478991596638,5196.302521008403,59838.82352941176,67212,7120820,5.633950927645585,2170.947007437157,95.0,24.0,58127.54716981132,1711.2763596004443,"More flights, little TOW increase"
SSA -> REC,2024,7,2024-07-01,109,E1,4,235668,2162.091743119266,375.197247706422,4012.8440366972477,41758.064220183485,63579,4551629,5.760064710103071,2001.576581972543,88.0,21.0,46924.58823529412,-5166.524015110634,"More flights, little TOW increase"
SSA -> VCP,2025,9,2025-09-01,124,A320,4,547051,4411.701612903225,822.7685483870968,7659.193548387097,62727.01612903226,76709,7778150,5.36264175634702,2077.7841102192374,102.0,22.0,62037.064220183485,689.9519088487723,"More flights, little TOW increase"
STM -> CNF,2024,1,2024-01-01,10,A320,2,59312,5931.2,1231.49,10644.0,62317.4,69747,623174,4.817478138766271,2006.714807528108,7.5,2.5,58307.90277777778,4009.4972222222204,More flights + heavier departures
STM -> VCP,2025,2,2025-02-01,1,A320,1,5431,5431.0,1349.1,11580.0,53960.0,53960,53960,4.025646727447929,1688.3937823834196,1.0,0.0,53960.0,0.0,Relatively stable
TEC -> VCP,2025,2,2025-02-01,2,ATR,1,1275,637.5,228.0,3750.0,17499.0,18466,34998,2.7966739126252813,614.1153846153846,2.0,0.0,17290.25,208.75,Relatively stable
THE -> CNF,2024,10,2024-10-01,27,A320,2,126944,4701.62962962963,908.9629629629629,8031.111111111111,64703.666666666664,68413,1746999,5.172604172084972,2109.916633043283,18.0,9.0,62187.0,2516.6666666666642,More flights + heavier departures
THE -> REC,2024,10,2024-10-01,54,E2,2,137525,2546.759259259259,516.6185185185185,4851.111111111111,55194.2962962963,66470,2980492,4.929901233491929,1893.2475723593448,36.0,18.0,57784.833333333336,-2590.5370370370365,"More flights, little TOW increase"
THE -> VCP,2024,7,2024-07-01,28,A320,1,165161,5898.607142857143,1129.7928571428572,9827.142857142857,67720.67857142857,69969,1896179,5.220621163328095,2160.9115221713964,22.0,6.0,67230.26086956522,490.41770186334907,"More flights, little TOW increase"
TJL -> VCP,2024,3,2024-03-01,26,ATR,1,21413,823.5769230769231,306.38461538461536,4781.538461538462,19454.23076923077,21675,505810,2.691000275568467,633.2110392580366,19.0,7.0,19926.05,-471.81923076922976,"More flights, little TOW increase"
UBA -> CNF,2024,5,2024-05-01,46,ATR,1,32633,709.4130434782609,257.4347826086956,4117.826086956522,20594.369565217392,21854,947341,2.7580606843184334,620.7908506668881,25.0,21.0,20933.125,-338.75543478260806,"More flights, little TOW increase"
UBA -> VCP,2024,10,2024-10-01,29,ATR,1,18732,645.9310344827586,223.24137931034483,3624.8275862068967,20358.310344827587,21737,590391,2.894480553772968,642.8921479546228,22.5,6.5,20160.479020979023,197.83132384856435,"More flights, little TOW increase"
UDI -> CNF,2024,5,2024-05-01,127,ATR,3,95564,752.4724409448819,261.53385826771654,4083.3070866141734,21454.653543307086,48819,2724741,2.8858404547749164,690.2997569862288,96.0,31.0,21932.554054054053,-477.9005107469675,"More flights, little TOW increase"
UDI -> REC,2025,9,2025-09-01,12,A320,1,60335,5027.916666666667,1044.45,8690.0,65487.083333333336,68432,785845,4.814435700866494,2084.4881142018075,6.0,6.0,64689.857142857145,797.2261904761908,"More flights, little TOW increase"
UDI -> VCP,2025,9,2025-09-01,108,ATR,4,115535,1069.7685185185185,284.7537037037037,4173.333333333333,26856.833333333332,57780,2900538,3.7249202858424684,1008.2670466349912,66.0,42.0,40170.59459459459,-13313.761261261261,"More flights, little TOW increase"
UNA -> CNF,2024,11,2024-11-01,5,A320,2,12455,2491.0,407.68,4128.0,53140.2,63034,265701,6.119099479665655,2180.0803813066727,3.0,2.0,44869.0,8271.199999999997,More flights + heavier departures
UNA -> REC,2024,4,2024-04-01,1,E1,1,2997,2997.0,524.4,4740.0,46756.0,46756,46756,5.715102974828375,2276.2025316455697,1.0,0.0,51976.0,-5220.0,Relatively stable
UNA -> VCP,2024,1,2024-01-01,3,E1,1,11897,3965.6666666666665,704.8666666666667,6540.0,44458.333333333336,46710,133375,5.6215628918192815,2182.9237743985914,3.0,0.0,58710.08333333333,-14251.749999999993,Relatively stable
VCP -> AFL,2025,9,2025-09-01,9,E2,2,39871,4430.111111111111,963.0777777777779,8673.333333333334,55797.333333333336,57576,502176,4.602267895313234,1839.10489478401,7.0,2.0,55769.875,27.45833333333576,"More flights, little TOW increase"
VCP -> AJU,2025,1,2025-01-01,36,E2,3,152099,4224.972222222223,945.936111111111,8165.0,54873.0,67060,1975428,4.4661680124702485,1864.6929589658107,21.0,15.0,58767.92857142857,-3894.9285714285725,"More flights, little TOW increase"
VCP -> AQA,2024,10,2024-10-01,12,ATR,1,4418,368.1666666666667,123.08333333333333,2140.0,17736.25,19248,212835,3.002375574193234,619.970570195059,12.0,0.0,17736.25,0.0,Relatively stable
VCP -> ARU,2024,3,2024-03-01,56,ATR,1,37487,669.4107142857143,240.67857142857142,3891.4285714285716,20205.928571428572,22449,1131532,2.7806952008273202,619.5509346786993,28.0,28.0,21566.95238095238,-1361.0238095238092,"More flights, little TOW increase"
VCP -> ASU,2025,6,2025-06-01,10,E2,1,30160,3016.0,603.0699999999999,6510.0,52211.4,55952,522114,5.0026562765834495,1669.5649213890442,5.0,5.0,53866.0,-1654.5999999999985,"More flights, little TOW increase"
VCP -> BEL,2024,5,2024-05-01,102,A320,3,696849,6831.85294117647,1319.063725490196,11251.764705882353,64926.03921568627,84107,6622456,5.17206437558997,2185.414587495744,78.0,24.0,68507.32258064517,-3581.283364958894,"More flights, little TOW increase"
VCP -> BPS,2025,7,2025-07-01,79,A320,3,253158,3204.53164556962,626.8544303797469,5358.227848101265,63642.45569620253,70022,5027754,5.111611022923113,2153.081873443652,37.0,42.0,64573.05882352941,-930.6031273268818,"More flights, little TOW increase"
VCP -> BRC,2025,7,2025-07-01,21,A320,1,199078,9479.904761904761,1665.5809523809523,15600.0,73336.0,75501,1540056,5.690435569769976,2187.273071307542,8.0,13.0,73808.16666666666,-472.16666666665697,"More flights, little TOW increase"
VCP -> BSB,2025,10,2025-10-01,109,E2,3,261691,2400.8348623853212,454.9504587155963,4355.229357798165,54168.35779816514,69855,5904351,5.278469195434332,1989.708811782705,84.0,25.0,53888.04054054054,280.31725762459973,"More flights, little TOW increase"
VCP -> BVB,2024,11,2024-11-01,7,A320,1,61776,8825.142857142857,1770.8285714285714,14442.857142857143,71929.57142857143,76368,503507,4.9825872438309915,2199.242246173878,3.0,4.0,73952.41666666666,-2022.8452380952222,"More flights, little TOW increase"
VCP -> BVH,2025,6,2025-06-01,6,E2,2,29196,4866.0,999.4499999999999,9420.0,55919.5,57766,335517,4.868590581468209,1863.338456505646,5.0,1.0,56925.0,-1005.5,Relatively stable
VCP -> BYO,2025,2,2025-02-01,7,E1,2,21505,3072.1428571428573,551.2714285714286,5185.714285714285,46221.28571428572,52182,323549,5.573725440635409,2129.5113234568557,4.0,3.0,49484.666666666664,-3263.380952380947,"More flights, little TOW increase"
VCP -> CAC,2024,8,2024-08-01,41,E2,4,89588,2185.0731707317073,385.26341463414633,4204.390243902439,48038.26829268293,66866,1969569,5.6674604118240275,1908.0857190953645,28.0,13.0,47746.583333333336,291.68495934959356,"More flights, little TOW increase"
VCP -> CAW,2024,2,2024-02-01,34,ATR,1,32922,968.2941176470588,361.1764705882353,5546.470588235294,20466.29411764706,22365,695854,2.6817426907094974,629.1757503516291,24.0,10.0,20494.875,-28.580882352940534,"More flights, little TOW increase"
VCP -> CFB,2024,12,2024-12-01,1,ATR,1,1625,1625.0,660.0,10200.0,19633.0,19633,19633,2.462121212121212,573.5294117647059,1.0,0.0,19633.0,0.0,Relatively stable
VCP -> CGB,2025,9,2025-09-01,120,A320,5,474954,3957.95,707.3591666666667,6509.0,65746.26666666666,73162,7889552,5.5953089444955095,2200.018303785447,94.0,26.0,64042.7,1703.5666666666657,"More flights, little TOW increase"
VCP -> CGH,2025,2,2025-02-01,11,A320,3,6275,570.4545454545455,74.01818181818182,1227.2727272727273,41008.72727272727,49097,451096,7.99656401796128,1726.7862221510547,4.0,7.0,39938.75,1069.977272727272,"More flights, little TOW increase"
VCP -> CGR,2024,8,2024-08-01,91,A320,3,258960,2845.714285714286,473.3659340659341,4817.802197802198,58959.91208791209,68868,5365352,6.012308512711801,2129.689011591143,62.0,29.0,56886.89705882353,2073.0150290885576,More flights + heavier departures
VCP -> CLV,2024,7,2024-07-01,7,E1,2,15175,2167.8571428571427,347.0857142857143,3540.0,46741.857142857145,62034,327193,6.243095132261379,2203.6380084594052,4.5,2.5,44140.92857142857,2600.9285714285725,More flights + heavier departures
VCP -> CMG,2024,7,2024-07-01,21,E1,1,85875,4089.285714285714,664.2857142857143,6857.142857142857,45108.71428571428,46549,947283,6.158343456318643,2147.5121674894517,7.5,13.5,46795.642857142855,-1686.9285714285725,"More flights, little TOW increase"
VCP -> CNF,2024,6,2024-06-01,188,A320,4,340335,1810.2925531914893,304.23297872340424,3114.8936170212764,53569.824468085106,69125,10071127,5.951011271007717,2120.623172919683,143.0,45.0,53487.43373493976,82.39073314534471,"More flights, little TOW increase"
VCP -> CWB,2024,9,2024-09-01,160,E1,4,233096,1456.85,212.974375,2535.375,44496.775,61175,7119484,6.862024227764296,2110.820464784394,116.0,44.0,45118.65413533834,-621.8791353383422,"More flights, little TOW increase"
VCP -> CXJ,2024,10,2024-10-01,29,A320,1,84158,2902.0,454.57586206896553,4504.137931034483,67670.4827586207,70108,1962444,6.380979774618917,2320.4416959782448,22.0,7.0,64833.25925925926,2837.223499361433,More flights + heavier departures
VCP -> EEA,2025,2,2025-02-01,21,ATR,1,19232,915.8095238095239,344.85714285714283,5271.428571428572,20520.904761904763,22784,430939,2.655239228696797,625.9715379056033,15.0,6.0,21425.8,-904.895238095236,"More flights, little TOW increase"
VCP -> EZE,2024,4,2024-04-01,1,E1,1,5413,5413.0,988.2,10140.0,41668.0,41668,41668,5.477636106051406,1921.775147928994,1.0,0.0,50291.0,-8623.0,Relatively stable
VCP -> FLN,2024,6,2024-06-01,146,A320,5,291976,1999.835616438356,316.4013698630137,3444.6575342465753,61201.32191780822,78597,8935393,6.403201712474156,2163.2264359412634,70.0,76.0,52831.70491803279,8369.616999775433,More flights + heavier departures
VCP -> FOR,2025,1,2025-01-01,72,A320,3,459579,6383.041666666667,1283.8249999999998,10685.0,69235.45833333333,80957,4984953,4.9727436944316254,2152.3351680287437,52.0,20.0,72166.76595744681,-2931.307624113484,"More flights, little TOW increase"
VCP -> GEL,2025,1,2025-01-01,16,ATR,1,23577,1473.5625,518.125,8167.5,22134.125,22995,354146,2.8439598610101937,650.1502743141805,10.0,6.0,22545.785714285714,-411.66071428571377,"More flights, little TOW increase"
VCP -> GIG,2025,8,2025-08-01,115,E1,3,186439,1621.208695652174,247.69478260869568,2690.608695652174,43596.1652173913,58668,5013559,6.546464292508567,2174.6112237618295,70.0,45.0,48663.045454545456,-5066.880237154153,"More flights, little TOW increase"
VCP -> GPB,2024,7,2024-07-01,17,ATR,1,15460,909.4117647058823,298.1764705882353,5089.411764705882,21304.70588235294,22683,362180,3.050129163919677,644.082772761495,14.0,3.0,20930.4,374.3058823529391,"More flights, little TOW increase"
VCP -> GRU,2025,5,2025-05-01,10,A320,3,6838,683.8,78.17999999999999,1206.0,46195.5,58534,461955,8.745112834241201,2045.5042869321642,4.0,6.0,44810.08333333333,1385.4166666666715,"More flights, little TOW increase"
VCP -> GYN,2025,9,2025-09-01,134,A320,3,333119,2485.9626865671644,431.2574626865672,4039.2537313432836,62331.14179104478,67817,8352373,5.765127908352436,2216.6340355797433,93.0,41.0,61716.93406593407,614.2077251107112,"More flights, little TOW increase"
VCP -> IGU,2025,1,2025-01-01,61,A320,4,167474,2745.4754098360654,455.40983606557376,4558.0327868852455,61088.57377049181,68494,3726403,6.027649630497509,2169.460220058535,45.0,16.0,62088.05454545454,-999.4807749627362,"More flights, little TOW increase"
VCP -> IOS,2024,12,2024-12-01,37,E2,3,127095,3435.0,696.3108108108108,6063.243243243243,60293.40540540541,69054,2230856,4.9345673734352165,2042.412634888955,22.0,15.0,63400.89473684211,-3107.4893314367,"More flights, little TOW increase"
VCP -> IZA,2024,4,2024-04-01,43,ATR,1,34192,795.1627906976744,282.95348837209303,4428.837209302325,21472.3488372093,22599,923311,2.8104138524131566,646.5237319628905,28.0,15.0,21780.933333333334,-308.58449612403274,"More flights, little TOW increase"
VCP -> JDO,2025,8,2025-08-01,26,E2,3,125279,4818.423076923077,1075.6653846153845,9191.538461538461,59451.11538461538,71226,1545729,4.480227006762782,1892.006184869203,17.0,9.0,59112.05769230769,339.0576923076951,"More flights, little TOW increase"
VCP -> JJG,2025,1,2025-01-01,27,ATR,3,30224,1119.4074074074074,370.81851851851854,5608.888888888889,23538.48148148148,57658,635539,3.009951266792972,750.5045060761606,21.0,6.0,24230.157894736843,-691.6764132553617,"More flights, little TOW increase"
VCP -> JOI,2024,10,2024-10-01,96,ATR,1,68287,711.3229166666666,233.5625,3914.375,21676.833333333332,22956,2080976,3.0437409798293107,655.9167416661909,70.0,26.0,24387.266666666666,-2710.4333333333343,"More flights, little TOW increase"
VCP -> JPA,2025,1,2025-01-01,51,A320,3,286071,5609.235294117647,1217.7254901960785,10271.764705882353,62091.450980392154,70377,3166664,4.607214867988794,1967.6697923283489,23.0,28.0,67430.62068965517,-5339.16970926302,"More flights, little TOW increase"
VCP -> JPR,2025,8,2025-08-01,7,E2,1,38389,5484.142857142857,1144.0571428571427,10628.57142857143,58024.42857142857,59032,406171,4.793119588079229,1862.5740827273273,5.0,2.0,57637.0,387.42857142857247,"More flights, little TOW increase"
VCP -> JTC,2024,5,2024-05-01,82,ATR,2,39996,487.7560975609756,147.59146341463415,2616.5853658536585,19730.256097560974,39310,1617881,3.335195741418608,689.9158489034382,38.0,44.0,20590.89285714286,-860.6367595818847,"More flights, little TOW increase"
VCP -> LDB,2024,6,2024-06-01,104,ATR,2,77021,740.5865384615385,241.4923076923077,4082.3076923076924,21194.615384615383,39267,2204240,3.0691888975188446,658.1055360309672,51.0,53.0,23912.640625,-2718.025240384617,"More flights, little TOW increase"
VCP -> MAB,2024,1,2024-01-01,1,E1,1,7455,7455.0,1617.5,15180.0,39831.0,39831,39831,4.6089644513137555,1767.9841897233202,1.0,0.0,39831.0,0.0,Relatively stable
VCP -> MAO,2024,5,2024-05-01,101,A320,3,781168,7734.336633663366,1442.6693069306932,12450.29702970297,67842.36633663367,88384,6852079,5.363911405351141,2240.006339457906,72.0,29.0,74125.67605633802,-6283.3097197043535,"More flights, little TOW increase"
VCP -> MCP,2024,2,2024-02-01,1,E1,1,6957,6957.0,1499.4,13620.0,40215.0,40215,40215,4.6398559423769505,1838.8546255506608,1.0,0.0,48867.0,-8652.0,Relatively stable
VCP -> MCZ,2025,1,2025-01-01,84,A320,3,431710,5139.4047619047615,1061.661904761905,8882.857142857143,65224.57142857143,71786,5478864,4.840577597440289,2084.5550629387526,42.0,42.0,65224.57142857143,0.0,"More flights, little TOW increase"
VCP -> MDZ,2025,7,2025-07-01,11,A320,1,84026,7638.727272727273,1347.3727272727274,12954.545454545454,69322.09090909091,71525,762543,5.67379033479515,2125.5530833079233,7.0,4.0,68050.87878787878,1271.2121212121274,"More flights, little TOW increase"
VCP -> MGF,2025,9,2025-09-01,100,ATR,3,102927,1029.27,297.361,4737.0,24751.93,54110,2475193,3.433888925928871,822.7563746365155,68.0,32.0,25693.541666666668,-941.6116666666676,"More flights, little TOW increase"
VCP -> MII,2024,6,2024-06-01,50,ATR,1,27857,557.14,181.26,3140.4,20091.92,22520,1004596,3.0745104992175323,639.5483484420863,25.0,25.0,20122.88888888889,-30.968888888892252,"More flights, little TOW increase"
VCP -> MVD,2025,7,2025-07-01,12,E2,1,49273,4106.083333333333,878.6833333333334,8695.0,54309.75,57268,651717,4.67256107447441,1700.305373070327,3.0,9.0,55472.16666666667,-1162.4166666666715,"More flights, little TOW increase"
VCP -> NAT,2025,1,2025-01-01,45,A320,3,283329,6296.2,1271.1266666666666,10452.0,69157.37777777777,80260,3112082,4.953109761412536,2169.0491627646197,26.0,19.0,68979.4074074074,177.9703703703708,"More flights, little TOW increase"
VCP -> NVT,2025,9,2025-09-01,99,E1,3,188811,1907.1818181818182,276.29393939393935,3124.242424242424,46586.71717171717,63624,4612085,6.893939739319167,2208.2044487129097,61.0,38.0,49372.857142857145,-2786.1399711399717,"More flights, little TOW increase"
VCP -> OAL,2025,8,2025-08-01,7,E2,1,36490,5212.857142857143,1105.9428571428573,10500.0,57603.142857142855,58158,403222,4.713926215071806,1786.7005332186818,5.0,2.0,57603.142857142855,0.0,"More flights, little TOW increase"
VCP -> OPS,2025,5,2025-05-01,25,A320,1,118351,4734.04,841.488,7555.2,70064.24,71470,1751606,5.625824262887869,2256.5611811664025,21.0,4.0,69108.95238095238,955.2876190476236,"More flights, little TOW increase"
VCP -> PDP,2025,1,2025-01-01,7,E2,1,27438,3919.714285714286,861.4428571428572,8417.142857142857,52606.71428571428,54805,368247,4.551864716900052,1680.0197296813956,3.0,4.0,53146.857142857145,-540.1428571428623,"More flights, little TOW increase"
VCP -> PET,2024,9,2024-09-01,20,E1,1,75506,3775.3,612.395,6021.0,47295.25,48558,945905,6.164254447837367,2258.6066502774165,7.0,13.0,47007.21428571429,288.0357142857101,"More flights, little TOW increase"
VCP -> PFB,2024,6,2024-06-01,31,A320,2,88394,2851.4193548387098,452.8741935483871,4710.967741935484,65382.51612903226,70019,2026858,6.299423797007807,2241.5703099850816,22.0,9.0,63938.444444444445,1444.0716845878123,"More flights, little TOW increase"
VCP -> PGZ,2024,7,2024-07-01,20,ATR,1,13861,693.05,236.55,3963.0,20082.85,22660,401657,2.9211436443352197,629.85923522634,11.0,9.0,19997.6,85.25,"More flights, little TOW increase"
VCP -> PHB,2025,2,2025-02-01,1,A320,1,9147,9147.0,1653.1,16080.0,66429.0,66429,66429,5.5332405783074226,2047.8358208955224,1.0,0.0,66429.0,0.0,Relatively stable
VCP -> PLU,2025,2,2025-02-01,6,ATR,2,7154,1192.3333333333333,280.8333333333333,3680.0,25654.666666666668,35469,153928,4.247576463405238,1329.7906565656565,2.0,4.0,26432.0,-777.3333333333321,"More flights, little TOW increase"
VCP -> PMG,2024,1,2024-01-01,21,E1,2,50628,2410.8571428571427,500.6952380952381,6191.428571428572,36371.857142857145,47218,763809,4.809143941313223,1571.6334119684886,11.0,10.0,45684.375,-9312.517857142855,"More flights, little TOW increase"
VCP -> PMW,2025,7,2025-07-01,27,A320,3,115811,4289.2962962962965,789.0814814814815,7002.222222222223,67249.51851851853,71481,1815737,5.43591920243607,2206.1941554384284,20.0,7.0,65843.26086956522,1406.2576489533094,"More flights, little TOW increase"
VCP -> PNZ,2024,7,2024-07-01,28,A320,3,121471,4338.25,921.9142857142857,7917.857142857143,61460.607142857145,68840,1720897,4.705974028001877,1972.77228352408,17.0,11.0,55190.76470588235,6269.842436974795,More flights + heavier departures
VCP -> POA,2024,11,2024-11-01,195,A320,3,586827,3009.369230769231,499.7584615384615,4997.538461538462,62638.18974358974,69246,12214447,6.024611071912927,2173.5131891851165,144.0,51.0,62638.18974358974,0.0,"More flights, little TOW increase"
VCP -> PPB,2024,4,2024-04-01,91,ATR,2,70813,778.1648351648352,270.6054945054945,4428.791208791209,20544.395604395606,41987,1869540,2.871291489839911,639.9770832408368,43.0,48.0,36817.32558139535,-16272.929976999745,"More flights, little TOW increase"
VCP -> PTO,2024,10,2024-10-01,21,ATR,1,23927,1139.3809523809523,382.4761904761905,6140.0,21663.619047619046,22989,454936,2.9817790064612804,668.5578923596483,13.0,8.0,21762.5,-98.88095238095411,"More flights, little TOW increase"
VCP -> PVH,2024,1,2024-01-01,1,E1,1,6745,6745.0,1328.6,12000.0,45028.0,45028,45028,5.076772542525967,2023.5,1.0,0.0,57417.5,-12389.5,Relatively stable
VCP -> QNS,2024,8,2024-08-01,86,A320,1,256817,2986.2441860465115,490.10348837209307,4832.790697674419,67134.52325581395,69302,5773569,6.093967579339129,2225.9514970178866,60.5,25.5,67217.4635509839,-82.94029516994487,"More flights, little TOW increase"
VCP -> RAO,2024,7,2024-07-01,130,ATR,2,59416,457.04615384615386,142.39153846153846,2498.769230769231,20996.684615384616,40036,2729569,3.209750412178489,662.1351617942387,105.0,25.0,21910.464912280702,-913.7802968960859,"More flights, little TOW increase"
VCP -> REC,2025,7,2025-07-01,169,A321,3,1067652,6317.467455621302,1170.0952662721893,9597.15976331361,74631.27810650888,80873,12612686,5.398655930900369,2372.207335789333,135.0,34.0,74098.86428571428,532.4138207945944,"More flights, little TOW increase"
VCP -> RIA,2024,10,2024-10-01,26,ATR,1,43729,1681.8846153846155,566.2307692307693,9140.76923076923,22767.384615384617,22996,591952,2.97045948401711,662.7059352025638,10.5,15.5,22534.016666666666,233.36794871795064,"More flights, little TOW increase"
VCP -> ROO,2024,10,2024-10-01,18,E1,2,49208,2733.777777777778,613.9166666666666,7396.666666666667,35575.666666666664,47681,640362,4.455535640751856,1514.752418691329,9.0,9.0,48347.666666666664,-12772.0,"More flights, little TOW increase"
VCP -> RVD,2024,4,2024-04-01,45,ATR,1,47553,1056.7333333333333,395.9555555555556,6333.333333333333,20751.222222222223,22593,933805,2.6736271988319333,600.5967443566568,25.0,20.0,21253.32,-502.0977777777771,"More flights, little TOW increase"
VCP -> SDU,2024,9,2024-09-01,194,E1,2,327548,1688.3917525773195,251.27680412371132,2759.0721649484535,43080.73195876289,45346,8357662,6.715356588208761,2208.302005491384,120.0,74.0,42986.681818181816,94.0501405810719,"More flights, little TOW increase"
VCP -> SJP,2025,10,2025-10-01,137,ATR,4,99527,726.4744525547445,210.56350364963504,3428.7591240875913,23114.554744525547,54891,3166694,3.4160324361897714,787.7521534585079,105.0,32.0,21577.434782608696,1537.119961916851,"More flights, little TOW increase"
VCP -> SLZ,2025,8,2025-08-01,29,A320,2,185382,6392.482758620689,1244.0862068965516,10543.448275862069,70079.89655172414,79025,2032317,5.1383271958159265,2182.36489787976,22.0,7.0,68303.29411764706,1776.6024340770819,"More flights, little TOW increase"
VCP -> SOD,2024,2,2024-02-01,2,E2,1,811,405.5,49.75,870.0,42030.0,42075,84060,8.279571683125447,1746.212121212121,1.0,1.0,40154.0,1876.0,Relatively stable
VCP -> SSA,2025,9,2025-09-01,115,A320,4,453037,3939.4521739130437,804.7782608695652,6827.478260869565,63755.1652173913,74428,7331844,4.894435087210179,2078.9870984796544,92.0,23.0,63136.86486486487,618.3003525264357,"More flights, little TOW increase"
VCP -> STM,2024,5,2024-05-01,1,E1,1,8501,8501.0,1750.1,15300.0,47117.0,47117,47117,4.857436717901835,2000.235294117647,1.0,0.0,47117.0,0.0,Relatively stable
VCP -> TEC,2025,2,2025-02-01,2,ATR,1,1177,588.5,223.5,3480.0,18417.0,19168,36834,2.633033033033033,609.2857142857142,2.0,0.0,18176.5,240.5,Relatively stable
VCP -> TFF,2025,3,2025-03-01,1,E1,1,7009,7009.0,1593.2,13680.0,42883.0,42883,42883,4.399322119005775,1844.4736842105262,1.0,0.0,42883.0,0.0,Relatively stable
VCP -> THE,2024,12,2024-12-01,30,A320,2,170909,5696.966666666666,1118.8766666666668,9256.0,70438.6,72028,2113158,5.091942078215045,2216.9504018918456,22.0,8.0,68976.81481481482,1461.7851851851883,"More flights, little TOW increase"
VCP -> TJL,2024,3,2024-03-01,24,ATR,1,20794,866.4166666666666,318.0416666666667,5127.5,20762.291666666668,22849,498295,2.72066227397991,609.3764832028261,19.0,5.0,20960.041666666668,-197.75,"More flights, little TOW increase"
VCP -> UBA,2024,10,2024-10-01,28,ATR,1,18137,647.75,218.78571428571428,3572.1428571428573,20628.928571428572,22441,577610,2.954933333029385,652.2746195332913,21.5,6.5,20812.576203208555,-183.64763177998248,"More flights, little TOW increase"
VCP -> UDI,2025,9,2025-09-01,108,ATR,3,109376,1012.7407407407408,275.6268518518519,4043.8888888888887,26134.37962962963,58119,2822513,3.6866473347385496,1008.4081914677371,57.0,51.0,38425.57894736842,-12291.199317738789,"More flights, little TOW increase"
VCP -> UNA,2024,4,2024-04-01,4,A320,1,13390,3347.5,682.475,5910.0,61310.0,67928,245240,4.904177810340025,2039.6870945941637,3.0,1.0,56628.5,4681.5,"Heavier departures, little frequency increase"
VCP -> VCP,2024,5,2024-05-01,17,A320,3,73261,4309.470588235294,808.3882352941176,9402.35294117647,50249.05882352941,70027,854234,5.215778765969124,1724.1568438924796,4.0,13.0,40422.5,9826.558823529413,More flights + heavier departures
VCP -> VDC,2024,7,2024-07-01,1,ATR,1,1502,1502.0,624.0,10080.0,18113.0,18113,18113,2.407051282051282,536.4285714285714,1.0,0.0,43753.5,-25640.5,Relatively stable
VCP -> VIX,2024,7,2024-07-01,100,A320,4,251028,2510.28,471.67699999999996,4190.4,60735.83,72124,6073583,5.327969131439902,2162.7197172862893,78.0,22.0,63718.333333333336,-2982.503333333334,"More flights, little TOW increase"
VCP -> XAP,2024,8,2024-08-01,60,A320,4,160169,2669.483333333333,425.8,4485.0,61660.13333333333,68586,3699608,6.301796925026614,2188.5090328030233,35.0,25.0,55798.181818181816,5861.951515151515,More flights + heavier departures
VDC -> CNF,2025,7,2025-07-01,41,E2,3,65952,1608.5853658536585,349.2317073170732,4248.292682926829,38652.07317073171,52982,1584735,4.607930482890719,1501.0147825736992,27.0,14.0,39845.583333333336,-1193.5101626016258,"More flights, little TOW increase"
VDC -> REC,2025,5,2025-05-01,1,ATR,1,1311,1311.0,557.0,7800.0,16878.0,16878,16878,2.3536804308797126,605.0769230769231,1.0,0.0,16878.0,0.0,Relatively stable
VDC -> VCP,2024,7,2024-07-01,1,ATR,1,1567,1567.0,626.0,9000.0,16736.0,16736,16736,2.5031948881789137,626.8,1.0,0.0,16736.0,0.0,Relatively stable
VIX -> CNF,2025,9,2025-09-01,123,E1,4,219720,1786.341463414634,251.5,2843.4146341463415,43577.89430894309,58469,5360081,7.100606481596525,2269.2440274511464,84.0,39.0,45282.56756756757,-1704.6732586244761,"More flights, little TOW increase"
VIX -> REC,2025,7,2025-07-01,32,A320,1,132073,4127.28125,823.221875,7162.5,63893.15625,69323,2044581,5.012927795833413,2076.298384825747,26.0,6.0,65651.75,-1758.59375,"More flights, little TOW increase"
VIX -> VCP,2024,7,2024-07-01,102,A320,4,306361,3003.5392156862745,482.93039215686275,5040.588235294118,59793.529411764706,74505,6098940,6.219660829758806,2149.424495392803,79.0,23.0,61021.207792207795,-1227.6783804430888,"More flights, little TOW increase"
XAP -> VCP,2024,8,2024-08-01,70,A320,3,157951,2256.442857142857,411.74857142857144,3850.285714285714,58063.08571428571,65320,4064416,5.480693268856926,2126.1835960815774,43.0,27.0,53378.825,4684.260714285716,More flights + heavier departures
