Route,ActiveMonths,TotalFlights,AvgFlightsPerMonth,StdFlightsPerMonth,CoeffVarFlights,PeakMonth,PeakFlights,TroughMonth,TroughFlights,PeakMinusTrough,PeakToTroughRatio,SeasonalityIndex,AvgMonthlyTOW_kg,PeakMonthAvgTOW_kg,TroughMonthAvgTOW_kg,PeakMonthTotalTOW_kg,TroughMonthTotalTOW_kg,VolatilityScore
VCP -> SDU,23,2665,115.8695652173913,48.18380058631115,0.415845183296494,2024-09-01,194,2025-11-01,27,167,7.185185185185185,0.3651521331266825,43898.56751936676,43080.73195876289,47807.92592592593,8357662,1290814,42.39115302368507
REC -> FEN,23,2796,121.56521739130434,44.66184646093987,0.36739001022947676,2024-10-01,198,2025-11-01,24,174,8.25,0.31090999564595384,30574.508263121104,22261.116161616163,53416.0,4407701,1281984,38.46096626070796
FEN -> REC,23,2814,122.34782608695652,44.91790453091078,0.3671328373173234,2024-10-01,198,2025-11-01,26,172,7.615384615384615,0.31235128704304566,29501.00859323545,21503.257575757576,51819.192307692305,4257645,1347299,38.24340674566274
SDU -> VCP,23,3244,141.04347826086956,48.670568073501606,0.34507492777143556,2025-09-01,201,2025-11-01,45,156,4.466666666666667,0.2992816168980861,43363.09373724808,49322.60199004975,48804.86666666667,9913843,2196219,34.845666824925694
POA -> VCP,19,2762,145.3684210526316,43.76758055951049,0.30108038762878325,2024-11-01,204,2024-05-01,17,187,12.0,0.2052669690155875,63789.99545504787,63429.93137254902,62204.529411764706,12939706,1057477,32.62508866014195
REC -> NAT,23,2045,88.91304347826087,32.37674023320668,0.364139376705992,2024-07-01,156,2025-11-01,24,132,6.5,0.29212288721165086,22192.403371586115,22041.98076923077,21354.416666666668,3438549,512506,31.894595677906864
REC -> MCZ,23,1981,86.1304347826087,32.38397932932685,0.37598764491394115,2024-07-01,144,2025-11-01,20,124,7.2,0.3008142571823628,21226.42223728169,20122.652777777777,21252.95,2897662,425059,31.785767730489937
VCP -> POA,19,2576,135.57894736842104,40.91881022794913,0.3018079946937242,2024-11-01,195,2024-05-01,16,179,12.1875,0.20022883295194513,62507.523990437534,62638.18974358974,61072.4375,12214447,977159,31.715329742134543
NAT -> REC,23,2022,87.91304347826087,32.052827377801684,0.3645969484121853,2024-07-01,154,2025-11-01,25,129,6.16,0.2944566292521395,21701.600506717834,21144.603896103898,22305.68,3256269,557642,31.522879483419672
MCZ -> REC,23,1967,85.52173913043478,31.51379210167509,0.3684886722615796,2024-07-01,140,2025-11-01,20,120,7.0,0.29769456908556396,21022.605559898544,20055.57857142857,20902.7,2807781,418054,30.616627953085526
REC -> POA,17,430,25.294117647058822,17.622728325467033,0.6967125151928827,2025-10-01,51,2025-02-01,1,50,51.0,0.6276333789329686,62565.07598588552,58068.450980392154,59531.0,2961491,59531,29.884690242937243
REC -> JDO,21,397,18.904761904761905,13.067242802792034,0.691214354807639,2024-07-01,55,2025-04-01,3,52,18.333333333333332,0.5695094158570229,28994.05908906139,22526.8,41172.333333333336,1238974,123517,29.83897671988151
VCP -> CWB,23,2432,105.73913043478261,34.548286802430404,0.32673133077956384,2024-09-01,160,2025-11-01,24,136,6.666666666666667,0.29615989702517165,46207.12021078964,44496.775,48650.666666666664,7119484,1167616,29.708526029061037
CGH -> CNF,23,3489,151.69565217391303,42.6425331479067,0.281105836171354,2024-06-01,227,2025-11-01,66,161,3.4393939393939394,0.23998404924794692,47451.97834269068,45014.845814977976,48668.01515151515,10218370,3212089,29.09700187057554
CNF -> VCP,23,2881,125.26086956521739,37.074797945802985,0.29598068474608424,2024-06-01,177,2025-11-01,25,152,7.08,0.23871542187948025,54542.03522145867,55290.141242937854,50934.72,9786355,1273368,29.069565381466596
POA -> REC,17,450,26.470588235294116,17.690534681038844,0.6683090879503564,2025-05-01,52,2024-05-01,2,50,26.0,0.5942483660130718,60788.152356168364,55949.96153846154,70749.5,2909398,141499,28.88070990386883
JDO -> REC,21,390,18.571428571428573,12.556809681911847,0.6761359059490994,2024-07-01,52,2025-04-01,2,50,26.0,0.5443223443223443,27869.826529180165,21761.596153846152,38004.5,1131603,76009,28.53640780140719
MVD -> VCP,10,33,3.3,5.9169248769948055,1.7930075384832744,2025-07-01,21,2024-03-01,1,20,21.0,1.0727272727272728,53865.61904761905,54234.19047619047,51508.0,1138918,51508,28.276380985144748
VCP -> UDI,23,1410,61.30434782608695,26.177379519113686,0.4270068999571736,2025-09-01,108,2024-01-01,25,83,4.32,0.3744064138143695,34860.33143202123,26134.37962962963,36431.44,2822513,910786,28.212070819715787
JPA -> REC,23,1101,47.869565217391305,19.351001205029444,0.4042443485156015,2024-01-01,101,2025-11-01,8,93,12.625,0.29759507167397226,21045.89039618879,20312.19801980198,21309.875,2051532,170479,27.307771140644057
REC -> JPA,23,1093,47.52173913043478,19.311788616907574,0.40637798553419413,2024-01-01,99,2025-11-01,9,90,11.0,0.30231910577190824,20984.798242680743,19450.454545454544,20454.11111111111,1925595,184087,26.977412467268447
GIG -> CNF,23,1741,75.69565217391305,27.462915362846008,0.3628070381076727,2025-06-01,119,2024-03-01,25,94,4.76,0.31011662462852435,44861.21564641197,46457.57142857143,44574.12,5528451,1114353,26.250694757780025
CNF -> SDU,23,1645,71.52173913043478,25.141114023979323,0.3515170957760027,2024-09-01,110,2025-11-01,12,98,9.166666666666666,0.2768864807717722,45325.67910949183,44670.38181818182,51031.25,4913742,612375,25.7720674528748
REC -> AJU,23,1609,69.95652173913044,23.597122633858422,0.3373112620128923,2024-01-01,124,2025-11-01,17,107,7.294117647058823,0.26281514308103876,23128.493945203787,21103.379032258064,22104.58823529412,2616819,375778,25.764030125927892
CNF -> CGH,23,3028,131.65217391304347,36.52111800714065,0.2774061143210816,2024-06-01,193,2025-11-01,59,134,3.2711864406779663,0.2462523691918902,47935.618548049875,45240.04663212435,47076.898305084746,8731329,2777537,25.741003667378383
VCP -> FLN,23,1681,73.08695652173913,23.245220253856136,0.3180488196541887,2024-06-01,146,2025-11-01,29,117,5.0344827586206895,0.24871324004862527,52598.819997767525,61201.32191780822,52925.89655172414,8935393,1534851,25.55308529191696
CNF -> GIG,23,1709,74.30434782608695,25.42069472352876,0.34211584472859075,2025-09-01,121,2024-03-01,21,100,5.761904761904762,0.28279950136108073,45590.751138779895,44377.61157024794,45009.76190476191,5369691,945205,25.46795415092236
VCP -> CNF,23,3141,136.56521739130434,34.44949180789619,0.252256705374598,2024-06-01,188,2025-11-01,32,156,5.875,0.2038951870769486,53291.75132012021,53569.824468085106,50086.625,10071127,1602772,25.371254655413967
AJU -> REC,23,1618,70.34782608695652,23.274559157366536,0.3308497284421696,2024-01-01,123,2025-11-01,20,103,6.15,0.26103079486214864,22399.803072347255,20285.71544715447,21063.5,2495143,421270,24.812367617200152
SDU -> CNF,23,1895,82.3913043478261,27.25043139735874,0.3307440222370717,2025-10-01,126,2024-01-01,32,94,3.9375,0.2660548353791442,43864.90515317854,48858.206349206346,44731.625,6156134,1431412,24.202439822428737
GRU -> CNF,23,1124,48.869565217391305,20.186746292999292,0.41307398998130224,2024-11-01,84,2025-11-01,16,68,5.25,0.36353086801794826,51909.675377750566,55719.42857142857,48553.125,4680432,776850,23.93105872969799
VCP -> QNS,6,341,56.833333333333336,26.238754204844067,0.4616789596160246,2024-08-01,86,2024-05-01,8,78,10.75,0.3841642228739003,57791.366576397035,67134.52325581395,25198.0,5773569,201584,23.79108000436106
VCP -> JTC,23,944,41.04347826086956,16.786325337502664,0.40898885885864544,2024-05-01,82,2025-11-01,10,72,8.2,0.3233235077376566,20621.907852913635,19730.256097560974,20198.8,1617881,201988,23.776253147706562
BPS -> VCP,23,921,40.04347826086956,16.640647617178026,0.415564489896954,2025-07-01,84,2025-11-01,14,70,6.0,0.3138365670584903,61113.788584761685,60408.119047619046,62874.92857142857,5074282,880249,23.73495548408599
UDI -> VCP,23,1560,67.82608695652173,25.05585442984992,0.36941323838881296,2025-09-01,108,2025-11-01,33,75,3.272727272727273,0.3191192865105909,36408.82444964401,26856.833333333332,27097.484848484848,2900538,894217,23.52407151561996
CWB -> VCP,23,3589,156.04347826086956,34.01211837856256,0.21796565135328475,2024-08-01,223,2025-11-01,51,172,4.372549019607843,0.16242867699613556,48667.5592596781,47489.793721973096,51392.8431372549,10590224,2621035,23.40017551938379
VCP -> BPS,23,889,38.65217391304348,16.60437002628387,0.4295843763830473,2025-07-01,79,2024-04-01,15,64,5.266666666666667,0.3317846138797867,63189.61117185633,63642.45569620253,53794.666666666664,5027754,806920,23.339221095555157
JTC -> VCP,23,955,41.52173913043478,16.441912417110945,0.3959832309880123,2024-05-01,83,2025-11-01,10,73,8.3,0.3115866150694287,20484.216934297274,19189.289156626506,20150.4,1592711,201504,23.218646749461158
CNF -> GRU,23,1368,59.47826086956522,20.821956565997706,0.35007675513007835,2024-10-01,99,2025-11-01,16,83,6.1875,0.2920162725654717,53059.81489661052,58916.656565656565,48428.0625,5832749,774849,23.03296949331771
MCZ -> VCP,23,1066,46.34782608695652,17.47945053273346,0.37713636233852676,2025-01-01,88,2025-11-01,12,76,7.333333333333333,0.28493351823150337,67366.49165534035,69268.47727272728,67523.66666666667,6095626,810284,22.924524951008546
VCP -> LDB,23,1338,58.17391304347826,19.98619561404504,0.3435594163849297,2024-06-01,104,2025-11-01,20,84,5.2,0.27269773185156304,28293.382403981344,21194.615384615383,42867.3,2204240,857346,22.670160433957847
VCP -> PPB,23,1148,49.91304347826087,19.214833589382835,0.3849661781844993,2024-04-01,91,2025-02-01,22,69,4.136363636363637,0.32366308135131044,32527.30472610015,20544.395604395606,44120.77272727273,1869540,970657,22.533551925199685
LDB -> VCP,23,1343,58.391304347826086,19.907916560427353,0.34093974749801126,2024-06-01,105,2025-11-01,21,84,5.0,0.2717472239308491,29050.540412443836,21720.02857142857,44678.619047619046,2280603,938251,22.508945135780397
FLN -> VCP,23,2344,101.91304347826087,26.853731087987303,0.26349650811591635,2024-06-01,155,2025-11-01,35,120,4.428571428571429,0.19557797892862444,52043.43768174563,61921.09032258065,50753.25714285715,9597769,1776364,22.39904412441679
RAO -> CNF,19,659,34.68421052631579,16.41902821529417,0.4733862459644753,2025-07-01,53,2024-03-01,1,52,53.0,0.36450762718632695,24048.11017396682,20103.905660377357,15985.0,1065507,15985,22.162148593533036
PPB -> VCP,23,1134,49.30434782608695,18.933372382966024,0.38401019824357896,2024-05-01,88,2025-11-01,21,67,4.190476190476191,0.3214477417375968,31542.328739748402,20480.875,20396.52380952381,1802317,428327,22.11090275249891
GIG -> VCP,23,1494,64.95652173913044,19.625799924698864,0.3021374821071445,2025-08-01,111,2025-11-01,17,94,6.529411764705882,0.23898492520807868,47556.62623243298,43714.10810810811,47365.05882352941,4852266,805206,21.413066626655247
QNS -> VCP,6,348,58.0,24.365275838099322,0.4200909627258504,2024-09-01,85,2024-05-01,11,74,7.7272727272727275,0.3390804597701149,55685.80714501185,65789.02352941176,20262.0,5592067,222882,21.158819458239442
VCP -> MCZ,23,1006,43.73913043478261,15.77068659778627,0.36056241724561056,2025-01-01,84,2025-11-01,12,72,7.0,0.26657446624600223,65469.3165499986,65224.57142857143,67312.66666666667,5478864,807752,21.155436363638163
CNF -> CFB,15,251,16.733333333333334,10.926827332558869,0.6529976493561076,2025-01-01,36,2025-03-01,2,34,18.0,0.5928286852589641,24629.472329934524,43298.694444444445,20947.0,1558753,41894,21.053842475877502
CFB -> CNF,15,253,16.866666666666667,10.91095270308184,0.6468944290364727,2025-01-01,36,2025-03-01,2,34,18.0,0.5865612648221346,24233.662334386412,43905.583333333336,20503.0,1580601,41006,20.886881871768715
CNF -> CPV,21,154,7.333333333333333,6.431568966051703,0.8770321317343232,2024-05-01,23,2025-04-01,1,22,23.0,0.6536796536796534,57781.135374149664,66476.0,53634.0,1528948,53634,20.74686219232169
VCP -> JOI,23,1483,64.47826086956522,20.412846690721597,0.31658494530451564,2024-10-01,96,2025-11-01,16,80,6.0,0.26468087601512796,28680.506513425902,21676.833333333332,43560.1875,2080976,696963,20.67790831186709
CWB -> CNF,23,1179,51.26086956521739,18.233312540522583,0.35569651266498675,2025-10-01,83,2024-01-01,18,65,4.611111111111111,0.29664048382933217,52162.46689638827,51401.409638554214,52838.27777777778,4266317,951089,20.28413556873263
VCP -> GIG,23,1599,69.52173913043478,19.394910953352397,0.27897620508261733,2025-08-01,115,2025-11-01,22,93,5.2272727272727275,0.22481442205726399,47857.68543610606,43596.1652173913,48663.045454545456,5013559,1070587,19.848746983020824
JOI -> VCP,23,1488,64.69565217391305,19.95960002781422,0.3085153230105692,2024-04-01,95,2025-11-01,18,77,5.277777777777778,0.2602851799906498,27943.804672184087,21788.8,42229.88888888889,2069936,760138,19.778504443173084
BPS -> CNF,23,1819,79.08695652173913,21.76337778186949,0.27518289663716233,2025-07-01,123,2025-11-01,35,88,3.5142857142857142,0.22645027129096254,55939.13093913678,50391.829268292684,56460.22857142857,6198195,1976108,19.377849241999016
VCP -> MGF,23,1504,65.3913043478261,18.860446604594593,0.2884243829160077,2025-09-01,100,2025-11-01,17,83,5.882352941176471,0.22808741905642924,31753.397223648288,24751.93,36313.117647058825,2475193,617323,19.225482805399942
CNF -> JPA,23,419,18.217391304347824,9.61410432075496,0.5277431966046876,2025-01-01,40,2024-04-01,4,36,10.0,0.41714226419010075,64820.546364105816,64452.2,52348.75,2578088,209395,19.1262199778164
CNF -> RAO,18,657,36.5,14.637281168304447,0.4010214018713547,2025-09-01,54,2024-03-01,1,53,54.0,0.28767123287671237,22852.80513091145,20900.0,21037.0,1128600,21037,18.945103192519493
REC -> CNF,23,3026,131.56521739130434,27.24737895165973,0.20710169064381156,2025-03-01,177,2025-11-01,52,125,3.4038461538461537,0.16236098738469495,65541.09134325969,64706.09039548023,69856.21153846153,11452978,3632523,18.559228224112285
SJP -> CNF,17,653,38.411764705882355,15.05698518190697,0.3919888944753729,2025-07-01,54,2024-04-01,1,53,54.0,0.2967300243221332,20703.60181883181,19849.666666666668,17248.0,1071882,17248,18.50098754990678
MAO -> VCP,23,1863,81.0,20.338440793557492,0.25109186164885794,2024-05-01,125,2025-11-01,30,95,4.166666666666667,0.18894256575416,69669.17581151395,61931.136,72394.03333333334,7741392,2171821,18.42965046263226
CNF -> MCZ,23,896,38.95652173913044,14.232474381924462,0.3653425343574359,2025-01-01,69,2024-02-01,14,55,4.928571428571429,0.3205551242236025,62700.261554486584,63204.47826086957,59902.0,4361109,838628,18.4217206067568
CNF -> REC,23,2985,129.7826086956522,27.462158187679673,0.21160121886654354,2025-03-01,168,2025-11-01,53,115,3.169811320754717,0.17274779695579348,64018.3210001176,62821.39880952381,64948.67924528302,10553995,3442280,18.157197018137417
POA -> CNF,19,658,34.63157894736842,13.769571817352965,0.39760161782630143,2024-11-01,53,2024-05-01,4,49,13.25,0.33258678611422177,63530.294127644134,66577.39622641509,58194.25,3528602,232777,18.065055247270124
CNF -> VIX,23,1752,76.17391304347827,20.15732076294527,0.26462236161400754,2025-09-01,121,2024-01-01,38,83,3.1842105263157894,0.21396664681357952,44642.12963955756,43967.371900826445,43396.71052631579,5320052,1649075,18.00665004170415
MGF -> VCP,23,1534,66.69565217391305,18.209970471548523,0.27303084800887617,2025-09-01,98,2025-11-01,19,79,5.157894736842105,0.21897851595714532,31391.913342331743,24433.01020408163,36275.36842105263,2394435,689232,17.803340462041596
CNF -> GYN,23,1063,46.21739130434783,14.258350784987389,0.3085061787908842,2024-10-01,80,2025-11-01,15,65,5.333333333333333,0.2285574052108471,50970.86188703229,46935.575,51067.0,3754846,766005,17.335655964960438
REC -> GIG,23,2283,99.26086956521739,21.195195089831806,0.21353021772498096,2024-07-01,142,2025-11-01,35,107,4.057142857142857,0.16458130987068886,70208.2651943047,68058.9014084507,69583.22857142857,9664364,2435413,17.08195723856539
GYN -> CNF,23,1943,84.47826086956522,20.510590191871703,0.24279134040815706,2024-10-01,116,2025-11-01,30,86,3.8666666666666667,0.18407214303296116,50261.1139824302,47757.1724137931,49825.0,5539832,1494750,17.049901392309227
CGR -> VCP,23,1738,75.56521739130434,18.502235086972885,0.24485121231322002,2024-08-01,110,2025-11-01,23,87,4.782608695652174,0.1824185720718467,53473.15161822913,54958.24545454545,54334.52173913043,6045407,1249694,17.039731156714794
GIG -> REC,23,2280,99.1304347826087,20.822864414380163,0.2100552111976946,2024-07-01,147,2025-11-01,37,110,3.972972972972973,0.15400457665903888,65827.44157319986,64456.73469387755,64650.16216216216,9475140,2392056,17.035009746220194
CNF -> BPS,23,1393,60.56521739130435,17.807731801362653,0.2940257224919892,2025-10-01,95,2025-11-01,31,64,3.064516129032258,0.23371515964917758,57899.78478196556,60482.58947368421,58966.967741935485,5745846,1827976,17.029811287650407
THE -> REC,23,751,32.65217391304348,12.199817160611996,0.37362955352074023,2024-10-01,54,2025-11-01,7,47,7.714285714285714,0.3360157471197824,57478.66198399986,55194.2962962963,46327.71428571428,2980492,324294,16.963974634302048
REC -> VCP,23,3157,137.2608695652174,26.037126321273306,0.1896908157710757,2025-07-01,174,2025-11-01,51,123,3.411764705882353,0.139758438804038,77524.93527301658,77835.49425287357,78358.70588235294,13543376,3996294,16.95155882245257
REC -> GYN,23,1319,57.34782608695652,15.763493035028956,0.27487516285494007,2025-09-01,86,2024-03-01,15,71,5.733333333333333,0.21307314500444996,68324.73314613945,68841.6511627907,70093.06666666667,5920382,1051396,16.64235718884713
VCP -> ARU,23,728,31.652173913043477,11.521657095688267,0.36400839725388756,2024-03-01,56,2025-11-01,8,48,7.0,0.29252269469660774,21701.489972641826,20205.928571428572,21780.0,1131532,174240,16.623701198074283
VCP -> UBA,16,278,17.375,9.636356936104017,0.5546104711426773,2024-10-01,28,2024-04-01,1,27,28.0,0.46223021582733814,22678.095310272733,20628.928571428572,44289.0,577610,44289,16.22825442068536
BSB -> VCP,23,2461,107.0,22.751970769870542,0.21263524083991162,2024-07-01,138,2025-11-01,43,95,3.2093023255813953,0.16253555465258024,52347.95563563392,53686.884057971016,53749.58139534884,7408790,2311232,16.183684903475044
VCP -> MII,23,632,27.47826086956522,10.594787747293852,0.38556980725911166,2024-06-01,50,2025-11-01,8,42,6.25,0.30283434232250966,20118.049183208295,20091.92,20286.375,1004596,162291,16.118293206257313
GYN -> REC,23,1302,56.608695652173914,15.849123224782147,0.2799768311597461,2025-09-01,82,2024-03-01,18,64,4.555555555555555,0.22320176317371265,64437.84489001748,64804.18292682927,67097.72222222222,5313943,1207759,16.06490163868557
VCP -> XAP,23,842,36.608695652173914,12.747511710934642,0.3482099398473833,2024-08-01,60,2025-11-01,14,46,4.285714285714286,0.29195497263244863,56172.52024810792,61660.13333333333,53002.357142857145,3699608,742033,15.910524523529382
BSB -> CNF,23,1644,71.47826086956522,17.12833798688059,0.2396300326631713,2024-10-01,105,2025-11-01,25,80,4.2,0.18285200465460702,49756.39062692637,49191.79047619048,50852.88,5165138,1271322,15.872318601366223
VCP -> NVT,23,1507,65.52173913043478,17.589200157847333,0.2684483103055665,2025-09-01,99,2025-11-01,34,65,2.911764705882353,0.22532529355760073,49216.105277722985,46586.71717171717,46251.5,4612085,1572551,15.839511264520004
GRU -> REC,23,3224,140.17391304347825,25.06626378901061,0.17882260147247023,2024-09-01,173,2025-11-01,56,117,3.0892857142857144,0.13321286007120509,74699.83711195542,74638.94797687861,75715.0,12912538,4240040,15.626301077232647
UDI -> CNF,23,2198,95.56521739130434,20.318819905300735,0.21261731475064463,2024-05-01,127,2025-11-01,36,91,3.5277777777777777,0.16398306761087153,21979.535851591725,21454.653543307086,24565.583333333332,2724741,884361,15.608843528055568
CNF -> POA,19,572,30.105263157894736,10.900964403700616,0.3620949714515939,2024-11-01,50,2024-05-01,4,46,12.5,0.2585572322414428,65882.35646058044,67092.9,68597.0,3354645,274388,15.596807328507353
VCP -> REC,23,3166,137.65217391304347,24.88514258269497,0.18078277934364637,2025-07-01,169,2025-11-01,55,114,3.0727272727272728,0.13444478013677935,74057.4933213167,74631.27810650888,74496.70909090909,12612686,4097319,15.558711381321352
REC -> SSA,23,2245,97.6086956521739,20.474244967625275,0.20975841169504736,2024-09-01,133,2025-11-01,41,92,3.2439024390243905,0.16686356153771667,49490.81480254082,55982.05263157895,53562.0,7445613,2196042,15.525890442249118
REC -> GRU,23,3190,138.69565217391303,25.667497265588963,0.18506345990863518,2024-08-01,171,2025-11-01,63,108,2.7142857142857144,0.14567261823633632,77832.67357183683,75665.6783625731,77800.93650793651,12938831,4901459,15.516839542010715
CNF -> JJD,19,114,6.0,4.364932024550597,0.7274886707584328,2025-01-01,21,2025-05-01,1,20,21.0,0.49122807017543857,64931.6845807701,67169.95238095238,65366.0,1410569,65366,15.437296189723227
GYN -> VCP,23,2225,96.73913043478261,19.580863309351518,0.20240892409666736,2025-09-01,132,2025-11-01,35,97,3.7714285714285714,0.14776746458231557,60607.65500510306,62290.666666666664,60159.77142857143,8222368,2105592,15.36579596409866
CNF -> UDI,23,2171,94.3913043478261,20.10567544886763,0.21300347090002553,2024-08-01,124,2025-11-01,36,88,3.4444444444444446,0.15909318486772275,22457.92144224897,22168.225806451614,24086.61111111111,2748860,867118,15.352590557535716
NVT -> VCP,23,2161,93.95652173913044,19.88112117578003,0.2115991610564279,2025-01-01,128,2025-11-01,40,88,3.2,0.16063416695169302,49686.944233188966,50021.40625,46139.375,6402740,1845575,15.242212481482701
MOC -> CNF,23,2244,97.56521739130434,20.654141782674678,0.2116957491094107,2025-08-01,127,2025-11-01,41,86,3.097560975609756,0.16507788886305508,20656.2954381534,20531.496062992126,20182.170731707316,2607500,827469,15.148844836670193
VCP -> GYN,23,2108,91.65217391304348,18.30801367814978,0.19975536745609343,2025-09-01,134,2025-11-01,36,98,3.7222222222222223,0.13806616615790773,61505.29909777655,62331.14179104478,61747.305555555555,8352373,2222903,15.135549916591117
MCZ -> CNF,23,998,43.391304347826086,13.666013478173996,0.31494820641082355,2025-01-01,67,2025-11-01,19,48,3.526315789473684,0.2735906595800296,62460.864269931,64841.59701492537,66659.94736842105,4344387,1266539,15.070712846175516
ARU -> VCP,23,721,31.347826086956523,10.849198310002183,0.3460909308322472,2024-06-01,52,2025-11-01,9,43,5.777777777777778,0.28535246939636966,20907.9622660343,20291.846153846152,20632.555555555555,1055176,185693,14.937708610069704
REC -> FOR,23,2312,100.52173913043478,20.73407102629031,0.20626454740686725,2024-12-01,127,2025-11-01,40,87,3.175,0.16063637731307356,48998.298482575534,49461.48818897638,56324.925,6281609,2252997,14.903166862184118
PNZ -> REC,23,829,36.04347826086956,11.532480636915535,0.31996025892528024,2024-07-01,58,2025-11-01,10,48,5.8,0.26663869512770755,33413.02799383933,37377.10344827586,48993.5,2167872,489935,14.899718402075706
JPA -> VCP,23,551,23.956521739130434,8.482607581396312,0.35408343806191506,2025-01-01,53,2025-11-01,9,44,5.888888888888889,0.23372524264183694,68116.59095699372,64044.698113207545,69966.11111111111,3394369,629695,14.828780666448925
CNF -> BSB,23,984,42.78260869565217,12.257939828816298,0.28651688624265736,2024-10-01,67,2025-11-01,11,56,6.090909090909091,0.2178331565924355,50640.843064957815,50334.55223880597,51604.90909090909,3372415,567654,14.778485700984838
VIX -> VCP,23,1809,78.65217391304348,17.31199306751693,0.22010825901210027,2024-07-01,102,2025-11-01,22,80,4.636363636363637,0.15646405652894946,60800.94002428765,59793.529411764706,61006.454545454544,6098940,1342142,14.767441273620962
REC -> THE,23,748,32.52173913043478,11.142825983047064,0.3426270021525167,2024-09-01,51,2025-11-01,9,42,5.666666666666667,0.3001627528481748,60102.03509095339,55914.470588235294,50490.555555555555,2851638,454415,14.696756075027706
CNF -> MOC,23,2257,98.1304347826087,19.89822877812536,0.2027732662369886,2025-08-01,130,2025-11-01,42,88,3.0952380952380953,0.1572306447573732,21253.52835946093,21121.292307692307,21336.5,2745768,896133,14.689094751649213
CNF -> SSA,23,1992,86.6086956521739,17.919479637327356,0.20690162231853876,2025-01-01,113,2025-11-01,26,87,4.346153846153846,0.15007857517024623,61161.42790139337,61124.19469026549,59078.692307692305,6907034,1536046,14.66183421021886
FOR -> REC,23,2280,99.1304347826087,20.486059624569066,0.20665761901977564,2024-09-01,124,2025-11-01,40,84,3.1,0.16407322654462245,47806.09388550282,50510.25806451613,55173.475,6263272,2206939,14.645481276819005
MII -> VCP,23,608,26.434782608695652,9.65863473544481,0.3653759850579451,2024-06-01,49,2025-11-01,10,39,4.9,0.2780320366132723,19570.67493481518,19555.102040816328,19577.4,958200,195774,14.630309286077617
VIX -> CNF,23,1999,86.91304347826087,18.74059310341257,0.21562463300574744,2025-09-01,123,2025-11-01,44,79,2.7954545454545454,0.1870500467625117,45340.67076680297,43577.89430894309,43332.545454545456,5360081,1906632,14.567233386851676
VCP -> BRC,6,59,9.833333333333334,7.776388764858803,0.7908191964263189,2025-07-01,21,2024-06-01,1,20,21.0,0.6949152542372881,73996.40116959064,73336.0,74900.0,1540056,74900,14.480267635733156
JPA -> CNF,23,512,22.26086956521739,8.693912869530427,0.3905468671859372,2025-01-01,42,2024-03-01,7,35,6.0,0.3169157608695653,62854.86316595566,66500.73809523809,62641.857142857145,2793031,438493,14.418197435983924
VCP -> CGR,23,1385,60.21739130434783,14.148149431114367,0.23495121798962487,2024-08-01,91,2025-11-01,20,71,4.55,0.17579657824517345,56459.22648538628,58959.91208791209,58596.95,5365352,1171939,14.32174762560532
CNF -> CGB,23,721,31.347826086956523,11.277560234346765,0.3597557356310341,2025-07-01,47,2025-08-01,11,36,4.2727272727272725,0.3203280467949104,59858.027500521384,65664.8085106383,53664.454545454544,3086246,590309,14.207527774706088
NAT -> CNF,23,785,34.130434782608695,11.17957900671961,0.3275545441459249,2025-01-01,56,2025-11-01,14,42,4.0,0.281362503461645,66110.59958560375,66346.10714285714,68199.28571428571,3715382,954790,14.152589645793329
SSA -> REC,23,1929,83.8695652173913,17.98865426927928,0.2144836952791205,2024-07-01,109,2025-11-01,34,75,3.2058823529411766,0.17697838483557599,47050.062388616665,41758.064220183485,51058.029411764706,4551629,1735973,14.052372405948725
CNF -> AJU,23,382,16.608695652173914,7.545451439715953,0.45430728563734796,2025-01-01,31,2024-02-01,4,27,7.75,0.404734805372183,63555.23689124134,64927.51612903226,63491.5,2012753,253966,14.041228219760848
SSA -> VCP,23,2267,98.56521739130434,18.47872122188706,0.18747710106016868,2025-09-01,124,2025-11-01,31,93,4.0,0.12661820831974838,61980.00985258789,62727.01612903226,61284.290322580644,7778150,1899813,13.969509258173755
VCP -> VIX,23,1772,77.04347826086956,16.17695156124122,0.20997171891001587,2024-07-01,100,2025-11-01,21,79,4.761904761904762,0.14839532829522034,62726.701279673885,60735.83,65828.23809523809,6073583,1382393,13.96049489392575
REC -> PNZ,23,841,36.56521739130435,11.270685666254897,0.30823516090827896,2024-07-01,55,2025-11-01,10,45,5.5,0.26821072222509434,35660.621785668634,40757.72727272727,51401.4,2241675,514014,13.927601424180866
SJP -> VCP,23,2464,107.1304347826087,20.044091285541928,0.18709987807121117,2025-10-01,141,2025-11-01,51,90,2.764705882352941,0.144233483907397,21217.867165990385,22759.55319148936,23179.058823529413,3209097,1182132,13.862541224902555
VDC -> CNF,23,590,25.652173913043477,9.849337632340623,0.38395722973531243,2025-07-01,41,2025-01-01,9,32,4.555555555555555,0.3497420781134857,39804.21428674608,38652.07317073171,21924.333333333332,1584735,197319,13.861241124639957
VCP -> JPA,23,562,24.434782608695652,8.34488172712457,0.34151651196417276,2025-01-01,51,2025-11-01,10,41,5.1,0.23874361751508588,66672.106475486,62091.450980392154,67753.2,3166664,677532,13.849442708812793
CNF -> SJP,16,636,39.75,12.371843031658623,0.31124133412977667,2025-09-01,54,2025-11-01,7,47,7.714285714285714,0.2452830188679245,21917.977237461277,22173.777777777777,25139.714285714286,1197384,175978,13.777216733995735
VCP -> SJP,23,2471,107.43478260869566,20.258816839473862,0.18856850963492466,2025-10-01,137,2025-11-01,50,87,2.74,0.1486460331145637,21826.11363790361,23114.554744525547,23579.96,3166694,1178998,13.7415128013909
VCP -> BSB,23,1866,81.1304347826087,16.59309533674903,0.20452368314320882,2025-10-01,109,2025-11-01,32,77,3.40625,0.14502073721981457,53803.200303962876,54168.35779816514,56491.53125,5904351,1807729,13.517748477009953
REC -> CPV,23,998,43.391304347826086,11.239445794919677,0.2590253038909344,2024-07-01,69,2025-11-01,13,56,5.3076923076923075,0.19055502308965755,20307.59013187243,19427.347826086956,20464.46153846154,1340487,266038,13.387831640966699
CNF -> NAT,23,756,32.869565217391305,10.899957510192758,0.3316124639344358,2025-01-01,53,2025-11-01,16,37,3.3125,0.290200138026225,66447.0365431857,66477.92452830188,67342.9375,3523330,1077487,13.37222034528409
FLN -> CNF,23,777,33.78260869565217,10.818488690317752,0.32023840396049974,2025-09-01,53,2025-11-01,14,39,3.7857142857142856,0.27497062279670975,53027.0276198905,51260.16981132075,58106.07142857143,2716789,813485,13.312708771370906
VCP -> SSA,23,2177,94.65217391304348,17.726444739433486,0.18727984795910435,2025-09-01,115,2025-11-01,32,83,3.59375,0.13672584929400253,63485.98073600998,63755.1652173913,62631.0,7331844,2004192,13.114134853388096
VCP -> VCP,23,124,5.391304347826087,3.632451925948769,0.6737612443292071,2024-05-01,17,2024-06-01,1,16,17.0,0.4817671809256661,39986.7771155954,50249.05882352941,50062.0,854234,50062,13.012522686626413
MAO -> CNF,18,400,22.22222222222222,8.663817195385745,0.38987177379235854,2025-03-01,32,2024-06-01,1,31,32.0,0.27166666666666667,69527.02911814493,68063.28125,68359.0,2178025,68359,13.011176993865227
CGB -> VCP,23,2182,94.8695652173913,17.614974725885155,0.18567571892546222,2025-09-01,122,2025-11-01,39,83,3.128205128205128,0.13892320567488942,60704.98199062511,60476.270491803276,60472.05128205128,7378105,2358410,13.00568578413243
AJU -> CNF,23,519,22.565217391304348,8.020766996591446,0.35544824840385986,2025-01-01,41,2025-11-01,7,34,5.857142857142857,0.2898550724637682,58919.40335583754,60622.85365853659,65139.857142857145,2485537,455979,12.961695835828257
SSA -> CNF,23,2180,94.78260869565217,16.92684135957144,0.17858594094960695,2025-01-01,119,2025-11-01,31,88,3.838709677419355,0.10829676904666935,58086.25784152544,59838.82352941176,58051.290322580644,7120820,1799590,12.878815490082857
CNF -> BRA,23,613,26.652173913043477,8.750695354493011,0.32832951574769864,2024-06-01,44,2025-11-01,7,37,6.285714285714286,0.23221505071281648,22206.534105172334,22387.75,22466.0,985061,157262,12.821695926545058
XAP -> VCP,23,1016,44.17391304347826,11.02034550832565,0.24947632548374998,2024-08-01,70,2025-11-01,16,54,4.375,0.19573776104073945,53839.247423836125,58063.08571428571,51296.4375,4064416,820743,12.69467794220931
VCP -> PET,16,131,8.1875,4.876201774947382,0.5955666290012069,2024-09-01,20,2025-08-01,1,19,20.0,0.4685114503816794,46647.778229368676,47295.25,47014.0,945905,47014,12.6758258121743
CNF -> THE,23,327,14.217391304347826,6.6001088379638,0.4642278387558636,2025-03-01,23,2024-01-01,1,22,23.0,0.4135088419093206,65898.40654176124,69818.47826086957,52057.0,1605825,52057,12.613832792277618
CNF -> MAO,18,389,21.61111111111111,8.60322219280459,0.3980925436259194,2024-09-01,29,2024-06-01,1,28,29.0,0.28820337046558125,71729.01223830646,71352.1724137931,72594.0,2069213,72594,12.567734274672173
FOR -> CNF,23,748,32.52173913043478,9.721645795616364,0.29892761136253526,2025-01-01,53,2025-11-01,13,40,4.076923076923077,0.2412229714019995,67111.15728955083,68720.32075471699,69577.92307692308,3642177,904513,12.51328344437375
CNF -> FOR,23,706,30.695652173913043,9.616266936397952,0.31327781804129307,2025-01-01,51,2025-11-01,14,37,3.642857142857143,0.2559428501046927,67312.4803753619,70308.86274509804,68187.35714285714,3585752,954623,12.502664431237102
CPV -> CNF,23,368,16.0,7.046429870015275,0.4404018668759547,2024-09-01,27,2024-01-01,4,23,6.75,0.3804347826086956,55909.879312763944,52556.51851851852,66499.5,1419026,265998,12.484153138914635
BRA -> CNF,23,621,27.0,8.692825627568078,0.32195650472474363,2024-06-01,44,2025-11-01,8,36,5.5,0.2286634460547504,21226.669473683934,21392.204545454544,21469.0,941257,171752,12.426761444171847
RVD -> VCP,15,385,25.666666666666668,8.291896981725928,0.3230609213659453,2024-04-01,46,2025-03-01,5,41,9.2,0.20432900432900425,20420.048156597026,20183.652173913044,19282.8,928448,96414,12.32024051170283
VCP -> MAO,23,1723,74.91304347826087,14.273456799181817,0.190533665920593,2024-05-01,101,2025-11-01,26,75,3.8846153846153846,0.12637210123899165,73177.43542120907,67842.36633663367,75252.15384615384,6852079,1956556,12.296985337343699
BEL -> CNF,23,1325,57.608695652173914,13.252527668449689,0.23004387650893798,2025-05-01,76,2025-11-01,22,54,3.4545454545454546,0.18972928630024607,67263.95712970044,66134.30263157895,67926.90909090909,5026207,1494392,12.154350231889076
PET -> VCP,16,127,7.9375,4.6833314798335595,0.5900260132073776,2024-09-01,19,2025-08-01,1,18,19.0,0.47933070866141736,44898.857854220885,45913.84210526316,45988.0,872363,45988,12.14593389040106
VCP -> RAO,23,2412,104.8695652173913,17.90143144100636,0.1707018752666444,2024-07-01,130,2025-11-01,48,82,2.7083333333333335,0.12661331026029274,22025.580791491204,20996.684615384616,22833.0,2729569,1095984,12.039434049401342
IGU -> VCP,23,1083,47.08695652173913,10.379381917923132,0.2204300868995679,2025-01-01,75,2025-11-01,14,61,5.357142857142857,0.14043116945682282,62292.09112761584,63826.08,61682.42857142857,4786956,863554,12.031350075115919
VCP -> FOR,23,1132,49.21739130434783,11.635614450018943,0.23641266108695733,2025-01-01,72,2025-11-01,20,52,3.6,0.18190198187125517,72274.67861018903,69235.45833333333,69796.95,4984953,1395939,11.989189311908945
IMP -> CNF,23,403,17.52173913043478,6.819853149109982,0.38922238816260446,2025-03-01,30,2024-03-01,4,26,7.5,0.34372639982738157,51154.72327509518,51062.2,44923.5,1531866,179694,11.91072335536672
VCP -> CGB,23,2094,91.04347826086956,15.71893972768427,0.17265311066701922,2025-09-01,120,2025-11-01,39,81,3.076923076923077,0.12362443420123749,64437.33620983672,65746.26666666666,64904.92307692308,7889552,2531292,11.882984923239075
UBA -> VCP,14,280,20.0,8.035634920242991,0.40178174601214955,2024-10-01,29,2024-05-01,2,27,14.5,0.30000000000000004,20749.43290582021,20358.310344827587,31152.5,590391,62305,11.771301259772798
GVR -> CNF,23,1269,55.17391304347826,12.338177491774282,0.22362339031584594,2025-08-01,76,2025-11-01,22,54,3.4545454545454546,0.1782300339192106,20295.396244403062,20766.302631578947,20034.409090909092,1578239,440757,11.74421641375348
VCP -> RIA,16,187,11.6875,5.228751643556997,0.44737981976958263,2024-10-01,26,2025-08-01,1,25,26.0,0.30147058823529416,22476.412334520053,22767.384615384617,22369.0,591952,22369,11.71339230782371
IPN -> CNF,23,1959,85.17391304347827,15.906389675667377,0.18675189512013765,2024-04-01,110,2025-11-01,42,68,2.619047619047619,0.1525179217435693,20002.00522052003,20234.18181818182,19277.85714285714,2225760,809670,11.674244102099353
CNF -> RBR,15,314,20.933333333333334,8.012212900039263,0.3827490238872259,2025-01-01,29,2024-02-01,1,28,29.0,0.3099787685774946,73183.85195596406,73695.5172413793,74272.0,2137170,74272,11.65078582556156
RAO -> VCP,23,2418,105.1304347826087,17.565540246710036,0.16708330259484316,2024-07-01,129,2025-11-01,49,80,2.63265306122449,0.12928399323911244,21960.809975194923,20538.565891472866,21837.755102040817,2649475,1070050,11.643333932686204
CNF -> IPN,23,1985,86.30434782608695,15.809833985897061,0.18318699328747226,2024-04-01,113,2025-11-01,43,70,2.627906976744186,0.1438177636622495,20448.312252620457,20309.66371681416,19701.441860465115,2294992,847162,11.638774698676652
VCP -> RVD,15,387,25.8,8.051500895278263,0.31207367811156056,2024-04-01,45,2025-03-01,6,39,7.5,0.20258397932816535,21040.22661487491,20751.222222222223,19639.5,933805,117837,11.617400297035012
CNF -> GVR,23,1276,55.47826086956522,12.175776254933727,0.21946932120962045,2025-08-01,75,2025-11-01,21,54,3.5714285714285716,0.17432192994411888,20671.988584116123,20689.64,20304.190476190477,1551723,426388,11.5349185356683
FOR -> VCP,23,1129,49.08695652173913,11.46606730456839,0.23358684500006463,2025-01-01,71,2025-11-01,22,49,3.227272727272727,0.17514537682443104,73015.15141962281,71311.47887323944,70859.86363636363,5063115,1558917,11.494764350169888
RIA -> VCP,16,191,11.9375,5.1897585444796945,0.4347441712653147,2024-10-01,26,2025-08-01,1,25,26.0,0.287303664921466,22005.662228305322,22270.923076923078,22071.0,579044,22071,11.428327342217226
THE -> CNF,23,390,16.956521739130434,7.080151440713713,0.4175473926574754,2024-10-01,27,2025-11-01,6,21,4.5,0.39264214046822743,61418.274742650574,64703.666666666664,60398.666666666664,1746999,362392,11.420778912817985
CNF -> BEL,23,1345,58.47826086956522,12.7001183329557,0.2171767447271235,2024-10-01,79,2025-11-01,26,53,3.0384615384615383,0.17740423468563116,67573.91848655103,68423.26582278482,69114.26923076923,5405438,1796971,11.391443486353117
UBA -> CNF,23,633,27.52173913043478,8.176687780659224,0.29709924005554844,2024-05-01,46,2025-11-01,11,35,4.181818181818182,0.23325777869359154,20951.235131073365,20594.369565217392,22697.18181818182,947341,249669,11.340526480460355
VCP -> BEL,23,1832,79.65217391304348,14.223705551716408,0.17857272253792433,2024-05-01,102,2025-11-01,31,71,3.2903225806451615,0.12497626732485284,68061.45606937948,64926.03921568627,71709.0,6622456,2222979,11.305731829282706
CGB -> CNF,23,896,38.95652173913044,9.848761832881923,0.2528141988351386,2025-09-01,58,2024-01-01,15,43,3.8666666666666667,0.18196816770186333,56531.11058126557,51654.34482758621,46872.13333333333,2995952,703082,11.271567050450187
BRC -> VCP,5,54,10.8,7.35934779718964,0.681421092332374,2025-07-01,19,2024-08-01,2,17,9.5,0.6518518518518518,70727.5761167625,69619.15789473684,72966.0,1322764,145932,11.258887662428204
CPV -> REC,23,987,42.91304347826087,9.903504182109792,0.2307807458850306,2024-07-01,64,2025-11-01,15,49,4.266666666666667,0.16809832165983876,20309.97962416068,20846.953125,20279.933333333334,1334205,304199,11.139735574609272
VCP -> IGU,23,986,42.869565217391305,10.267315587639327,0.23950127638509586,2025-01-01,61,2025-11-01,16,45,3.8125,0.18220301613898934,60940.5479815364,61088.57377049181,61741.625,3726403,987866,11.077138248798299
REC -> MVF,15,283,18.866666666666667,7.116803277377343,0.37721572141576026,2024-07-01,31,2025-03-01,4,27,7.75,0.319434628975265,21481.98758878053,21091.1935483871,21171.0,653827,84684,11.072387108252068
AJU -> VCP,23,525,22.82608695652174,7.130169666333293,0.3123693377631728,2025-01-01,41,2024-04-01,9,32,4.555555555555555,0.23585921325051756,58280.747099525885,56346.04878048781,62869.88888888889,2310188,565829,11.07096151687657
MVF -> REC,15,281,18.733333333333334,7.056596598612929,0.3766866511715086,2024-07-01,31,2025-03-01,4,27,7.75,0.32123368920521944,20482.165424976407,20498.387096774193,18594.0,635450,74376,11.043024629167634
NAT -> VCP,23,665,28.91304347826087,8.155622459001018,0.2820741602361254,2025-01-01,46,2025-11-01,10,36,4.6,0.2284406668846028,69634.18946562715,71279.63043478261,70348.9,3278863,703489,11.003074945616861
CNF -> CKS,23,563,24.47826086956522,7.873287613506226,0.3216440765730785,2024-09-01,32,2024-01-01,3,29,10.666666666666666,0.2587072360800062,66906.2908320187,69836.15625,62918.666666666664,2234757,188756,10.972987770003467
CNF -> CWB,23,739,32.130434782608695,9.414624829515477,0.2930126807562327,2024-09-01,47,2025-11-01,15,32,3.1333333333333333,0.26028122609872334,52275.41381631805,51235.78723404255,51782.46666666667,2408082,776737,10.950721070038194
IZA -> VCP,23,651,28.304347826086957,8.20092668469318,0.289740881333246,2024-04-01,43,2025-11-01,10,33,4.3,0.21705736993254526,21099.476742488892,20510.0,21090.1,881930,210901,10.785610664065711
REC -> CGH,23,2281,99.17391304347827,16.188165763144607,0.163230080031708,2025-07-01,120,2025-11-01,48,72,2.5,0.12412557421420811,69186.78061133929,69691.95,66080.20833333333,8363034,3171850,10.710349488736545
VCP -> CMG,22,178,8.090909090909092,3.6916255462267182,0.45626832593813366,2024-07-01,21,2025-10-01,1,20,21.0,0.28600612870275793,48754.82393502963,45108.71428571428,53834.0,947283,53834,10.584829537573487
IOS -> VCP,23,581,25.26086956521739,6.910718777845401,0.2735740652159109,2025-01-01,46,2025-11-01,10,36,4.6,0.18379106488064062,60046.77899231293,55281.15217391304,59281.2,2542933,592812,10.4502072087771
VCP -> IZA,23,655,28.47826086956522,7.867763425729795,0.2762726088424203,2024-04-01,43,2025-11-01,10,33,4.3,0.21135081314304677,21817.925524790146,21472.3488372093,21625.8,923311,216258,10.293960776844553
REC -> BSB,23,1330,57.82608695652174,11.354570709297581,0.19635723782995818,2025-07-01,76,2025-11-01,23,53,3.3043478260869565,0.14351095129127167,68825.87007082006,69963.42105263157,68936.17391304347,5317220,1585532,10.283390199564534
CAW -> VCP,15,339,22.6,7.078606265831338,0.3132126666297052,2024-02-01,34,2025-03-01,3,31,11.333333333333334,0.22182890855457227,19574.651520880347,19236.470588235294,19251.0,654040,57753,10.165065173070772
NSR -> REC,15,95,6.333333333333333,3.8930136855083823,0.6146863713960604,2024-12-01,14,2024-05-01,1,13,14.0,0.5403508771929824,19900.780880230883,19345.785714285714,21594.0,270841,21594,10.115888354444852
BEL -> REC,23,1144,49.73913043478261,10.254235143309867,0.2061603219371739,2024-06-01,66,2025-11-01,18,48,3.6666666666666665,0.16061112800243235,63561.34588402052,63961.681818181816,64745.72222222222,4221471,1165423,10.059890456261318
VCP -> NAT,23,628,27.304347826086957,7.141031362660107,0.26153458812290203,2025-01-01,45,2025-11-01,10,35,4.5,0.19731376350041546,68709.84707615773,69157.37777777777,71683.4,3112082,716834,9.970743237708998
CAC -> VCP,23,937,40.73913043478261,9.213493843763814,0.2261583334114917,2024-08-01,60,2025-11-01,19,41,3.1578947368421053,0.18542063013317248,46966.60879740295,48002.9,49472.68421052631,2880174,939981,9.910570533968482
BSB -> REC,23,1320,57.391304347826086,11.243313492857732,0.19590621995130897,2025-06-01,73,2025-11-01,24,49,3.0416666666666665,0.14802371541501977,64249.70786037519,64344.41095890411,64728.458333333336,4697142,1553483,9.854672567065178
VCP -> CAW,15,338,22.533333333333335,6.897986823865512,0.3061236756153334,2024-02-01,34,2025-03-01,4,30,8.5,0.22011834319526627,20455.620099048294,20466.29411764706,19312.25,695854,77249,9.768503465314053
VCP -> MVD,6,24,4.0,3.6514837167011076,0.9128709291752769,2025-07-01,12,2025-08-01,1,11,12.0,0.6666666666666666,55250.40277777778,54309.75,50764.0,651717,50764,9.745630530958064
CMG -> VCP,10,109,10.9,5.647123161398199,0.5180846937062568,2025-03-01,17,2024-01-01,1,16,17.0,0.434862385321101,49771.98129774637,50069.82352941176,42612.0,851187,42612,9.740987722335351
PVH -> CNF,23,499,21.695652173913043,6.590076746987923,0.30375103242629703,2025-01-01,29,2025-11-01,3,26,9.666666666666666,0.23595016119194911,68898.14880415212,69181.24137931035,70182.0,2006256,210546,9.625386634763592
SMT -> CNF,9,149,16.555555555555557,6.76775214792936,0.4087903981970754,2025-02-01,23,2025-08-01,1,22,23.0,0.331096196868009,49142.798900191956,47784.52173913043,46053.0,1099044,46053,9.607376711049342
REC -> BEL,23,1154,50.17391304347826,9.725145238271871,0.19382871792049658,2025-02-01,68,2025-11-01,19,49,3.5789473684210527,0.1387988847863763,66895.74931607782,62408.25,69365.1052631579,4243761,1317937,9.567964940505899
VCP -> IOS,23,510,22.17391304347826,6.2041513024541,0.2797950587381261,2024-12-01,37,2025-11-01,7,30,5.285714285714286,0.191304347826087,61979.62954462686,60293.40540540541,60596.0,2230856,424172,9.557240459941715
VCP -> PMG,23,245,10.652173913043478,4.238628732853544,0.3979120851250266,2024-01-01,21,2025-11-01,2,19,10.5,0.31446317657497774,44370.40149102106,36371.857142857145,46262.5,763809,92525,9.548769449280178
REC -> CWB,7,35,5.0,4.174754056057845,0.8349508112115689,2025-01-01,11,2025-04-01,1,10,11.0,0.8,59161.72034632035,65141.90909090909,54728.0,716561,54728,9.461730961653233
CNF -> IOS,23,300,13.043478260869565,4.929752272368127,0.37794767421488973,2024-11-01,23,2025-11-01,4,19,5.75,0.3237681159420289,43403.96568001417,49675.913043478264,27367.0,1142546,109468,9.402097295849604
CKS -> CNF,23,648,28.17391304347826,7.855500282483014,0.27882176928566255,2025-01-01,37,2025-11-01,10,27,3.7,0.2208803005904455,62879.614935498474,64926.83783783784,62854.4,2402293,628544,9.381609587690521
CNF -> PMW,23,313,13.608695652173912,5.156162462738641,0.37888733751753595,2025-09-01,24,2024-02-01,6,18,4.0,0.3214335324350604,52660.16727038329,48668.875,52498.833333333336,1168053,314993,9.24205053068815
CNF -> IMP,23,333,14.478260869565217,5.273968600732497,0.3642681015520944,2024-09-01,22,2024-03-01,3,19,7.333333333333333,0.3078730904817862,53805.650617267784,53215.77272727273,47979.666666666664,1170747,143939,9.226975245549196
CNF -> PVH,23,481,20.91304347826087,6.205979188956552,0.2967516036299391,2025-03-01,29,2025-11-01,4,25,7.25,0.22995570821657782,72978.16977340494,73182.06896551725,73136.0,2122280,292544,9.166574114903295
VCP -> CAC,23,655,28.47826086956522,7.228383457607098,0.2538210985113943,2024-08-01,41,2025-11-01,10,31,4.1,0.20378360438101556,47025.813748435976,48038.26829268293,50650.2,1969569,506502,9.1663466389533
CGH -> REC,23,2279,99.08695652173913,14.421942953823072,0.14554834924876292,2025-03-01,116,2025-11-01,51,65,2.2745098039215685,0.10775130205849248,66301.25662055502,65207.25,64081.64705882353,7564041,3268164,9.073021011513575
VCP -> AJU,23,474,20.608695652173914,5.7915915844684225,0.2810265958708306,2025-01-01,36,2025-11-01,9,27,4.0,0.19611080535681524,59084.89649274528,54873.0,55928.22222222222,1975428,503354,9.000023752076602
IOS -> CNF,23,747,32.47826086956522,7.9118489303805895,0.2436044516716915,2024-07-01,45,2025-11-01,14,31,3.2142857142857144,0.1910249694429893,48419.13481337973,49062.35555555556,44921.642857142855,2207806,628903,8.97539663778843
CNF -> VDC,23,433,18.82608695652174,5.902484177928767,0.31352687319252115,2025-07-01,30,2025-11-01,8,22,3.75,0.25363992368711713,37485.79222350198,35808.9,34175.125,1074267,273401,8.930845524737965
BEL -> VCP,23,1640,71.30434782608695,11.183974492291835,0.15684842275775135,2024-07-01,84,2025-11-01,26,58,3.230769230769231,0.09846235418875927,71211.02433405511,75348.16666666667,70842.03846153847,6329246,1841893,8.843119338694159
REC -> FLN,6,33,5.5,4.112987559751022,0.7478159199547313,2025-07-01,12,2025-06-01,1,11,12.0,0.6666666666666667,58418.00555555555,58458.0,58349.0,701496,58349,8.746166892993143
VCP -> ROO,23,227,9.869565217391305,4.07862239984646,0.4132524898522845,2024-10-01,18,2024-03-01,3,15,6.0,0.3562535912660409,48079.89624843756,35575.666666666664,44615.666666666664,640362,133847,8.689776325650175
CWB -> REC,7,37,5.285714285714286,3.9897828696482693,0.7548237861496726,2025-01-01,11,2024-02-01,1,10,11.0,0.7104247104247106,60099.831168831166,62540.818181818184,65684.0,687949,65684,8.682781376585757
VCP -> PNZ,23,404,17.565217391304348,5.670872081975782,0.3228466779342648,2024-07-01,28,2024-11-01,8,20,3.5,0.26130004304778304,56288.30534717083,61460.607142857145,56564.375,1720897,452515,8.668497620878007
CNF -> AAX,23,282,12.26086956521739,4.162121023921503,0.33946377145459067,2024-06-01,23,2025-11-01,3,20,7.666666666666667,0.26857847671908724,20454.386506775038,21238.347826086956,19312.0,488482,57936,8.570511785439548
PMW -> CNF,23,367,15.956521739130435,5.336325562631742,0.3344291224537604,2025-09-01,25,2024-02-01,7,18,3.5714285714285716,0.2757967065513565,50585.263080132354,47465.08,50293.28571428572,1186627,352053,8.38275792977274
CNF -> SMT,9,86,9.555555555555555,4.4748956812449485,0.4683030364093551,2025-02-01,17,2025-08-01,1,16,17.0,0.37726098191214474,51227.97054579408,50568.17647058824,45746.0,859659,45746,8.365593329164529
FLN -> REC,5,25,5.0,3.9496835316262997,0.7899367063252599,2025-01-01,11,2025-06-01,1,10,11.0,0.7200000000000001,55997.85454545454,58732.27272727273,54905.0,646055,54905,8.138722543413163
TJL -> VCP,15,261,17.4,5.376492040974921,0.30899379545832883,2024-03-01,26,2025-03-01,4,22,6.5,0.2513409961685824,19884.28784023682,19454.23076923077,18392.0,505810,73568,8.07025385302552
CNF -> FLN,23,558,24.26086956521739,6.582040065038299,0.27130272669512706,2025-02-01,34,2024-03-01,12,22,2.8333333333333335,0.236091631603553,54151.53345143458,52779.705882352944,51785.5,1794510,621426,8.050168080510556
JDO -> VCP,23,458,19.91304347826087,5.926455377874343,0.2976167547840827,2025-08-01,28,2025-11-01,9,19,3.111111111111111,0.25745205999620274,59397.6279469074,58427.03571428572,56162.555555555555,1635957,505463,7.951102579808658
NVT -> CNF,8,37,4.625,3.3517719194479807,0.7247074420428067,2024-10-01,10,2024-02-01,1,9,10.0,0.6756756756756757,50789.720982142855,51619.5,55127.0,516195,55127,7.908557283076876
MAO -> REC,23,554,24.08695652173913,5.609875170883239,0.2329009547478601,2024-10-01,36,2025-11-01,9,27,4.0,0.1695181290221315,79978.26982174453,79567.52777777778,79836.77777777778,2864431,718531,7.647144819617972
UDI -> REC,23,145,6.304347826086956,3.0422357712236345,0.48256153612512825,2025-09-01,12,2024-04-01,2,10,6.0,0.4227886056971514,64629.39378097747,65487.083333333336,67160.0,785845,134320,7.604951636937802
VCP -> CXJ,23,465,20.217391304347824,5.332072944958571,0.26373694136354225,2024-10-01,29,2025-11-01,7,22,4.142857142857143,0.21916783543712012,65129.02716759256,67670.4827586207,65095.857142857145,1962444,455671,7.600578243889524
RBR -> CNF,14,280,20.0,5.707138387268051,0.2853569193634026,2025-03-01,27,2025-11-01,5,22,5.4,0.21428571428571433,69238.22508943948,68363.70370370371,71035.8,1845820,355179,7.546614036866927
VCP -> TJL,15,257,17.133333333333333,5.200854630624556,0.3035518266901492,2024-03-01,24,2025-03-01,4,20,6.0,0.2562905317769131,20954.279933458354,20762.291666666668,19623.25,498295,78493,7.5382816734590445
IGU -> CNF,23,94,4.086956521739131,2.124659430064455,0.5198634775689623,2024-01-01,11,2024-02-01,1,10,11.0,0.30989824236817765,53326.51947738253,57654.90909090909,69206.0,634204,69206,7.486358035879553
REC -> UDI,23,142,6.173913043478261,2.7921033666090995,0.45224209459161474,2025-09-01,13,2024-04-01,2,11,6.5,0.38395590936925905,69554.00332903811,72025.61538461539,68600.0,936333,137200,7.4438567273962954
REC -> VIX,23,523,22.73913043478261,5.366704043203295,0.236011841288099,2025-07-01,33,2024-02-01,8,25,4.125,0.16127691412419987,67199.10058104325,66439.24242424243,68634.625,2192495,549077,7.388930908133648
CNF -> MAB,23,420,18.26086956521739,5.26033055089943,0.2880657206444926,2025-06-01,25,2024-01-01,7,18,3.5714285714285716,0.23975155279503108,62245.04205441785,69885.76,57038.0,1747144,399266,7.38506019799674
ROO -> VCP,23,356,15.478260869565217,4.651970739163567,0.3005486713504552,2025-10-01,24,2024-04-01,7,17,3.4285714285714284,0.25427454811919886,45980.627662391424,47874.791666666664,48092.28571428572,1148995,336646,7.283654430140985
VCP -> JDO,22,396,18.0,5.090097337879788,0.28278318543776604,2025-08-01,26,2025-11-01,8,18,3.25,0.24242424242424243,60202.162729538155,59451.11538461538,57619.5,1545729,460956,7.179212282775097
THE -> VCP,23,499,21.695652173913043,5.303278580755867,0.24443969410297584,2024-07-01,28,2025-11-01,6,22,4.666666666666667,0.17617844384421016,66585.14341993092,67720.67857142857,66181.16666666667,1896179,397087,7.125196052411019
CXJ -> VCP,23,464,20.17391304347826,5.205784190294179,0.2580453370188925,2024-09-01,27,2025-11-01,7,20,3.857142857142857,0.21008245877061466,63533.01436835881,62346.25925925926,64456.142857142855,1683349,451193,7.087996108595864
VIX -> REC,23,538,23.391304347826086,5.362828021262035,0.22926588194986397,2025-07-01,32,2025-11-01,8,24,4.0,0.17375141425569746,65596.06187178053,63893.15625,64489.375,2044581,515915,7.064412619779906
VCP -> SLZ,23,494,21.47826086956522,5.315028448673434,0.24746083870341898,2025-08-01,29,2025-11-01,8,21,3.625,0.1894032740714663,68435.04655837653,70079.89655172414,66114.25,2032317,528914,7.03601829368165
PNZ -> VCP,22,315,14.318181818181818,4.0043880889521875,0.27967154906967656,2024-07-01,24,2025-11-01,5,19,4.8,0.21269841269841272,56424.20354991858,64145.625,48352.0,1539495,241760,7.016595216733464
SLZ -> VCP,23,493,21.434782608695652,5.1400058108284,0.2397974313368219,2025-08-01,29,2025-11-01,7,22,4.142857142857143,0.1844959873004674,66843.6417760137,68009.75862068965,61872.42857142857,1972283,433107,6.976299658938411
VCP -> GRU,20,81,4.05,2.1324868112136124,0.5265399533860772,2025-05-01,10,2024-01-01,1,9,10.0,0.4098765432098765,43209.38380952381,46195.5,48070.0,461955,48070,6.960941241120147
JJG -> VCP,15,307,20.466666666666665,5.17515431868676,0.25285770286743126,2025-01-01,29,2025-03-01,6,23,4.833333333333333,0.17763300760043435,27099.2764138207,23440.03448275862,24378.833333333332,679761,146273,6.948679662631236
PMG -> VCP,23,262,11.391304347826088,3.4356080461110277,0.3015991796204337,2024-01-01,20,2025-11-01,3,17,6.666666666666667,0.22203783604381014,41946.92614414571,34474.45,44453.0,689489,133359,6.929114370607412
VCP -> GEL,11,107,9.727272727272727,3.839765833080523,0.3947422819054744,2025-01-01,16,2025-03-01,2,14,8.0,0.3109600679694138,22491.74891774892,22134.125,22205.0,354146,44410,6.915462756779075
SLZ -> REC,23,903,39.26086956521739,6.8665375826752095,0.1748951986727905,2025-09-01,52,2025-11-01,19,33,2.736842105263158,0.13154220232076652,62612.86362836261,63854.13461538462,62343.78947368421,3320415,1184532,6.838797126384483
PHB -> CNF,15,93,6.2,2.68824602048746,0.4335880678205581,2024-07-01,14,2025-03-01,2,12,7.0,0.31397849462365596,64352.98952380953,56819.92857142857,63747.0,795479,127494,6.8239975325504565
VCP -> PGZ,15,196,13.066666666666666,4.654269246855216,0.3561940750144298,2024-07-01,20,2024-09-01,7,13,2.857142857142857,0.3224489795918367,19931.285366699572,20082.85,19802.285714285714,401657,138616,6.785091759753097
EEA -> VCP,15,221,14.733333333333333,4.343065993307288,0.2947782348398612,2025-02-01,21,2025-03-01,3,18,7.0,0.22503770739064857,20279.84234836027,19420.52380952381,19527.0,407831,58581,6.756794353033077
VCP -> PFB,23,509,22.130434782608695,4.794057443073229,0.2166273500799298,2024-06-01,31,2025-11-01,6,25,5.166666666666667,0.14760399760826856,63745.64541551018,65382.51612903226,65277.166666666664,2026858,391663,6.752719374111314
MDZ -> VCP,4,27,6.75,4.322904116447646,0.6404302394737252,2025-07-01,12,2024-05-01,2,10,6.0,0.6296296296296297,67652.80833333332,70243.83333333333,63113.0,842926,126226,6.748441350698165
VCP -> EEA,15,225,15.0,4.366539438350084,0.2911026292233389,2025-02-01,21,2025-03-01,3,18,7.0,0.21333333333333337,21250.61644210279,20520.904761904763,19976.0,430939,59928,6.694598462642963
VCP -> JJG,15,300,20.0,5.059644256269407,0.25298221281347033,2025-01-01,27,2025-03-01,6,21,4.5,0.18,27760.66055693325,23538.48148148148,24454.166666666668,635539,146725,6.616310798281671
MAB -> CNF,23,471,20.47826086956522,5.046475870798925,0.2464308811642787,2024-08-01,27,2025-11-01,8,19,3.375,0.1923751500046156,59414.49876142987,54634.59259259259,65102.5,1475134,520820,6.613625539667002
REC -> SLZ,23,896,38.95652173913044,6.66253810410551,0.1710249736544941,2025-09-01,50,2025-11-01,18,32,2.7777777777777777,0.12402950310559006,66346.241972897,67745.46,67013.88888888889,3387273,1206250,6.5778373542553785
VCP -> THE,23,506,22.0,5.0216920758194465,0.22825873071906574,2024-12-01,30,2024-05-01,9,21,3.3333333333333335,0.16205533596837945,68734.28198340007,70438.6,69813.0,2113158,628317,6.5151029295166545
JJD -> CNF,11,90,8.181818181818182,3.5372866287897673,0.4323350324076382,2024-01-01,13,2025-08-01,2,11,6.5,0.3979797979797979,57011.67344322346,59294.07692307692,55065.0,770823,110130,6.468090259314549
CNF -> GNM,23,491,21.347826086956523,4.922077112377359,0.230565730315029,2025-07-01,29,2025-11-01,9,20,3.2222222222222223,0.18259098556628,21420.319744018383,21545.0,20885.11111111111,624805,187966,6.391383385885222
PMW -> VCP,23,471,20.47826086956522,4.726148953635197,0.2307885900925892,2025-09-01,28,2025-11-01,8,20,3.5,0.18812886550355398,60044.72740441838,65038.03571428572,61293.375,1821065,490347,6.354728539611779
REC -> REC,20,47,2.35,1.5580436450882882,0.6629972957822503,2025-02-01,7,2024-01-01,1,6,7.0,0.5191489361702127,32894.161190476196,20331.85714285714,22996.0,142323,22996,6.286850090040079
CNF -> CUR,21,194,9.238095238095237,3.0535656270250278,0.3305406091109566,2025-01-01,18,2024-08-01,5,13,3.6,0.24300441826215022,75565.22798088155,76124.88888888889,74318.8,1370248,371594,6.284261292100812
VCP -> PMW,23,443,19.26086956521739,4.5321785845349485,0.23530498294425242,2025-07-01,27,2025-11-01,8,19,3.375,0.1923643144567671,64088.43421057379,67249.51851851853,66853.75,1815737,534830,6.252308289820948
PGZ -> VCP,15,195,13.0,4.442221666388715,0.34170935895297805,2024-03-01,19,2024-09-01,7,12,2.7142857142857144,0.3076923076923077,19179.88539783803,19872.684210526317,18750.14285714286,377581,131251,6.247788467189942
CNF -> UBA,23,549,23.869565217391305,5.024326455625989,0.21049090797704506,2024-07-01,33,2025-11-01,11,22,3.0,0.15965787598004277,21657.489370352316,21400.878787878788,23765.454545454544,706229,261420,6.229718409714438
VCP -> CGH,21,88,4.190476190476191,1.9178124348192636,0.4576597855818697,2025-02-01,11,2024-05-01,2,9,5.5,0.3246753246753246,40474.7386002886,41008.72727272727,48302.0,451096,96604,6.1628050755797785
GPB -> VCP,15,190,12.666666666666666,3.960920207336786,0.31270422689500943,2024-07-01,17,2025-03-01,3,14,5.666666666666667,0.27017543859649124,19818.786737402028,20035.352941176472,18772.333333333332,340601,56317,6.145328406042142
VCP -> GPB,15,188,12.533333333333333,3.913509365717112,0.31224808769019513,2024-07-01,17,2025-03-01,3,14,5.666666666666667,0.26312056737588657,20845.05459242283,21304.70588235294,19355.0,362180,58065,6.124065988380315
BYO -> VCP,23,253,11.0,2.919201796799047,0.26538198152718606,2024-07-01,21,2025-11-01,4,17,5.25,0.15810276679841898,46502.19117886945,43440.71428571428,50200.5,912255,200802,6.058939753447059
PLU -> VCP,21,62,2.9523809523809526,1.6176464525202883,0.5479125081117106,2024-10-01,8,2024-02-01,1,7,8.0,0.37634408602150543,25901.373809523808,23877.25,16210.0,191018,16210,6.0060548053850855
GNM -> CNF,23,491,21.347826086956523,4.621393500103376,0.21648075458732716,2025-07-01,30,2025-11-01,10,20,3.0,0.16222438678827591,20622.13501470627,20840.933333333334,19629.3,625228,196293,6.00094166788303
CNF -> IGU,21,49,2.3333333333333335,1.4584183648679576,0.6250364420862675,2024-07-01,7,2024-02-01,1,6,7.0,0.4625850340136054,53569.63106575964,54700.28571428572,63781.0,382902,63781,5.989386845672226
PDP -> VCP,5,26,5.2,3.0594117081556713,0.5883484054145521,2025-01-01,11,2025-02-01,2,9,5.5,0.4461538461538461,54127.18363636364,54937.818181818184,55727.5,604316,111455,5.817301093860426
SJP -> REC,23,201,8.73913043478261,3.0247873271175814,0.34611994290400183,2025-04-01,13,2024-02-01,3,10,4.333333333333333,0.29980532121998693,65600.15185237466,66287.69230769231,66322.33333333333,861740,198967,5.81004424591177
REC -> SJP,23,202,8.782608695652174,2.977546724915467,0.33902759739136507,2024-10-01,13,2024-02-01,3,10,4.333333333333333,0.2974601808006888,67716.76297784342,66457.23076923077,67244.0,863944,201732,5.696284928452674
SLZ -> CNF,23,514,22.347826086956523,4.545506100412218,0.20339813289782296,2024-06-01,30,2025-11-01,10,20,3.0,0.16020977837929284,66489.5177998824,67551.03333333334,65632.5,2026531,656325,5.679844717947576
PFB -> VCP,23,494,21.47826086956522,4.261756784293163,0.19842187457235372,2024-06-01,27,2025-11-01,6,21,4.5,0.13677169512409793,62323.11939488633,61749.2962962963,63001.5,1667231,378009,5.641700507735319
CUR -> CNF,21,187,8.904761904761905,2.860315698605944,0.32121192337286003,2025-07-01,16,2024-07-01,5,11,3.2,0.24446142093200918,75414.95354394283,76136.875,76400.4,1218190,382002,5.578588085521111
CNF -> SLZ,23,499,21.695652173913043,4.338250324614408,0.19995943379986247,2024-12-01,29,2025-11-01,9,20,3.2222222222222223,0.15491853271760914,67176.07485806021,67726.41379310345,64921.555555555555,1964066,584294,5.55738702558589
VCP -> ASU,9,50,5.555555555555555,2.586765939293959,0.4656178690729126,2025-06-01,10,2025-11-01,1,9,10.0,0.3511111111111111,53780.624691358025,52211.4,53800.0,522114,53800,5.492184818026071
VCP -> PTO,15,202,13.466666666666667,3.5938218591849482,0.26686795984046646,2024-10-01,21,2025-11-01,6,15,3.5,0.19537953795379537,21776.545663410663,21663.619047619046,21577.833333333332,454936,129467,5.491597741677121
REC -> NVT,3,14,4.666666666666667,3.299831645537222,0.7071067811865476,2025-01-01,9,2025-02-01,1,8,9.0,0.6190476190476191,63057.02777777778,60385.333333333336,65561.0,543468,65561,5.416100402204421
REC -> RAO,23,204,8.869565217391305,2.9971631199328845,0.3379154497963546,2025-03-01,13,2024-02-01,4,9,3.25,0.29965899403239554,70163.00855328246,70764.15384615384,68550.5,919934,274202,5.396181934113119
PTO -> VCP,15,203,13.533333333333333,3.630733014450694,0.26828076461458333,2024-10-01,20,2025-11-01,6,14,3.3333333333333335,0.20426929392446636,20768.36939051689,20482.55,20790.166666666668,409651,124741,5.338407050911422
OPS -> VCP,23,464,20.17391304347826,3.8181736348000257,0.18926291724224265,2025-09-01,29,2025-11-01,8,21,3.625,0.13324587706146926,64875.21705177487,64318.75862068965,63446.625,1865244,507573,5.327060562886446
GEL -> VCP,11,106,9.636363636363637,3.310389355642386,0.3435309708685495,2025-01-01,15,2025-03-01,4,11,3.75,0.2864493996569468,21619.495887445886,21981.266666666666,19940.75,329719,79763,5.3240498411536015
RAO -> REC,23,199,8.652173913043478,2.868247391734025,0.33150597994915865,2025-07-01,13,2024-03-01,4,9,3.25,0.2967008957832642,64190.41015771667,64768.46153846154,61794.25,841990,247177,5.269271672037457
IGU -> REC,5,25,5.0,2.8284271247461903,0.565685424949238,2025-01-01,9,2025-02-01,1,8,9.0,0.48000000000000004,64921.6,68435.66666666667,67112.0,615921,67112,5.212954460834371
VCP -> MDZ,4,27,6.75,3.491060010942235,0.517194075695146,2025-07-01,11,2024-05-01,2,9,5.5,0.48148148148148145,67913.13939393939,69322.09090909091,65977.0,762543,131954,5.170189295001784
LEC -> CNF,14,85,6.071428571428571,2.3134478201002353,0.3810384644870976,2024-07-01,10,2025-02-01,1,9,10.0,0.2957983193277311,21159.95977891156,21242.3,21482.0,212423,21482,5.091832962170074
REC -> MAO,23,538,23.391304347826086,4.321222959289898,0.18473629751611087,2024-10-01,31,2025-11-01,12,19,2.5833333333333335,0.14465815419427833,84940.454020622,83549.19354838709,82802.66666666667,2590025,993632,5.06477366393159
REC -> IGU,5,22,4.4,2.65329983228432,0.6030226891555273,2025-01-01,8,2025-02-01,1,7,8.0,0.5636363636363637,65269.28928571429,69005.875,69289.0,552047,69289,5.00251819666405
AAX -> CNF,18,137,7.611111111111111,2.5416287185995277,0.33393661996198176,2024-07-01,12,2025-11-01,3,9,4.0,0.2789943227899432,19362.65225869809,18933.083333333332,18647.333333333332,227197,55942,4.936171323949847
CNF -> LEC,14,85,6.071428571428571,2.2188892238584383,0.3654641074590369,2024-07-01,10,2025-02-01,1,9,10.0,0.2722689075630252,22030.608928571426,22197.7,21751.0,221977,21751,4.883712176813587
VCP -> BVB,16,49,3.0625,1.5599979967935855,0.5093871009938239,2024-11-01,7,2024-01-01,1,6,7.0,0.39540816326530615,74258.89925595239,71929.57142857143,75786.0,503507,75786,4.881181634568486
VCP -> PLU,16,39,2.4375,1.4128318194321643,0.5796233105362726,2025-02-01,6,2024-09-01,1,5,6.0,0.4807692307692308,26480.765625,25654.666666666668,34990.0,153928,34990,4.781072272573518
REC -> NSR,15,123,8.2,2.5612496949731396,0.3123475237772122,2024-12-01,13,2025-03-01,3,10,4.333333333333333,0.2569105691056911,20897.842614977617,21342.076923076922,21096.0,277447,63288,4.761134766532517
CLV -> VCP,3,10,3.3333333333333335,2.6246692913372702,0.787400787401181,2024-07-01,7,2025-02-01,1,6,7.0,0.7333333333333333,41107.04761904762,44483.142857142855,35963.0,311382,35963,4.624892914460682
ASU -> VCP,8,26,3.25,1.8540496217739157,0.5704768066996664,2025-03-01,7,2025-05-01,1,6,7.0,0.46153846153846156,51544.580357142855,51557.142857142855,49436.0,360900,49436,4.605526917417957
VCP -> BYO,19,75,3.9473684210526314,1.637510440642531,0.41483597829610785,2025-02-01,7,2024-06-01,1,6,7.0,0.3073684210526316,49287.296365914786,46221.28571428572,45864.0,323549,45864,4.4006161052529285
VCP -> PDP,4,14,3.5,2.29128784747792,0.6546536707079771,2025-01-01,7,2025-02-01,1,6,7.0,0.5714285714285714,53265.99107142857,52606.71428571428,53687.0,368247,53687,4.342541159446603
BRC -> CNF,3,15,5.0,2.943920288775949,0.5887840577551897,2025-07-01,8,2025-06-01,1,7,8.0,0.5333333333333334,68424.06944444444,69530.875,66067.0,556247,66067,4.319072703763779
GRU -> VCP,21,75,3.5714285714285716,1.5907898179514346,0.4454211490264017,2024-03-01,6,2024-11-01,1,5,6.0,0.38095238095238093,45879.643650793645,47873.333333333336,48532.0,287240,48532,4.313375621778175
REC -> ASU,5,14,2.8,1.9390719429665317,0.6925256939166186,2025-07-01,6,2025-02-01,1,5,6.0,0.6285714285714286,57728.883333333324,56787.166666666664,60804.0,340723,60804,4.19350923932169
CNF -> POJ,21,192,9.142857142857142,2.4159335036125373,0.2642427269576213,2024-12-01,13,2025-03-01,4,9,3.25,0.22321428571428573,20928.48841423127,21389.923076923078,21579.25,278069,86317,4.1718828199480384
CNF -> CNF,17,33,1.9411764705882353,1.1098801331831296,0.5717564322458547,2025-01-01,5,2024-06-01,1,4,5.0,0.4563279857397504,34386.76470588235,35718.0,63128.0,178590,63128,4.032438624734314
CNF -> BRC,3,16,5.333333333333333,2.8674417556808756,0.5376453291901642,2025-07-01,9,2025-06-01,2,7,4.5,0.4583333333333333,74405.36666666667,74942.0,74132.5,674478,148265,4.030177516165343
CGH -> VCP,19,60,3.1578947368421053,1.5308462707630512,0.4847679857416329,2024-07-01,5,2024-01-01,1,4,5.0,0.4245614035087719,42172.24385964912,41699.6,34547.0,208498,34547,3.985640085546438
CAU -> REC,7,29,4.142857142857143,1.9587584572574412,0.47280376554489956,2024-10-01,8,2025-01-01,2,6,4.0,0.3940886699507389,17560.916666666668,16433.25,16425.0,131466,32850,3.939021832973638
REC -> CAU,7,29,4.142857142857143,1.9587584572574412,0.47280376554489956,2024-10-01,8,2025-01-01,2,6,4.0,0.3940886699507389,17260.23214285714,16698.125,16353.0,133585,32706,3.939021832973638
JTC -> REC,7,19,2.7142857142857144,1.6659862556700857,0.6137844099837158,2024-12-01,5,2024-01-01,1,4,5.0,0.5413533834586466,60936.485714285714,65341.0,62367.0,326705,62367,3.677467531985023
VCP -> OPS,23,472,20.52173913043478,3.1466968909082134,0.15333480612476463,2025-05-01,25,2025-11-01,10,15,2.5,0.1048268238761975,68970.02158234382,70064.24,68048.7,1751606,680487,3.657659791733191
BVB -> VCP,15,49,3.2666666666666666,1.339983416149452,0.4101990049437098,2024-11-01,7,2024-02-01,2,5,3.5,0.31292517006802717,71617.21015873014,71657.28571428571,73510.5,501601,147021,3.588236047138861
AFL -> VCP,9,88,9.777777777777779,2.57240820062005,0.26308720233614147,2025-08-01,13,2025-11-01,4,9,3.25,0.1893939393939394,52420.54496028662,54132.46153846154,53004.5,703722,212018,3.542708354451249
CNF -> NVT,7,18,2.5714285714285716,1.4982983545287878,0.5826715823167508,2024-10-01,5,2024-02-01,1,4,5.0,0.523809523809524,51286.219047619044,54645.2,47358.0,273226,47358,3.431281838052056
MVD -> REC,23,150,6.521739130434782,1.664712149484926,0.255255862921022,2024-06-01,9,2025-11-01,2,7,4.5,0.2028985507246377,62905.21613181505,71371.66666666667,55342.0,642345,110684,3.388387495962279
ASU -> REC,5,11,2.2,1.469693845669907,0.668042657122685,2025-07-01,5,2025-02-01,1,4,5.0,0.5090909090909091,56211.96,55667.8,57893.0,278339,57893,3.3200472820524096
CNF -> UNA,23,76,3.3043478260869565,1.0808524256222656,0.3271000761751593,2024-11-01,6,2025-02-01,1,5,6.0,0.2437070938215103,49824.665942028994,53158.666666666664,45753.0,318952,45753,3.177137499118235
IZA -> CNF,7,113,16.142857142857142,3.356382892705923,0.2079175243269156,2024-06-01,22,2024-01-01,12,10,1.8333333333333333,0.1719342604298356,19787.561188811185,19651.909090909092,20784.166666666668,432342,249410,3.1140170533245617
CNF -> PLU,21,38,1.8095238095238095,0.85183541999992,0.4707511531578505,2024-09-01,4,2024-01-01,1,3,4.0,0.3834586466165413,20958.119047619046,26333.0,15758.0,105332,15758,2.987139630160916
VCP -> CLV,2,9,4.5,2.5,0.5555555555555556,2024-07-01,7,2024-08-01,2,5,3.5,0.5555555555555556,44140.92857142857,46741.857142857145,41540.0,327193,83080,2.860409328840201
CNF -> STM,4,26,6.5,2.29128784747792,0.35250582268891073,2024-01-01,9,2024-12-01,3,6,3.0,0.3076923076923077,60495.725694444445,62185.444444444445,62332.0,559669,186996,2.845821312758532
PLU -> CNF,21,51,2.4285714285714284,1.0033955955097849,0.413162892268735,2024-05-01,4,2024-02-01,1,3,4.0,0.35854341736694684,23429.52380952381,21717.0,16791.0,86868,16791,2.82758555758392
REC -> MVD,23,163,7.086956521739131,1.5856158720704756,0.22373720894245974,2024-03-01,9,2025-11-01,3,6,3.0,0.18458255534809279,65513.0442546584,72797.44444444444,58149.666666666664,655177,174449,2.794940988593654
CNF -> IZA,7,114,16.285714285714285,3.1943828249996993,0.19614631381577102,2024-06-01,22,2024-01-01,13,9,1.6923076923076923,0.16541353383458646,20207.82041708292,20090.772727272728,20528.76923076923,441997,266874,2.7921028388534173
REC -> JTC,7,16,2.2857142857142856,1.2777531299998799,0.5590169943749475,2024-12-01,4,2024-01-01,1,3,4.0,0.5178571428571428,68395.25,66238.25,70220.0,264953,70220,2.743247024445587
STM -> CNF,4,29,7.25,2.384848003542364,0.3289445522127399,2024-01-01,10,2024-12-01,4,6,2.5,0.3103448275862069,58637.384722222225,62317.4,59292.25,623174,237169,2.7405022282562
JPR -> VCP,9,62,6.888888888888889,1.852592444503674,0.26892470968601717,2025-08-01,9,2025-11-01,3,6,3.0,0.21505376344086025,53871.59678130511,55960.22222222222,56409.333333333336,503642,169228,2.7292001693844794
CLV -> CNF,16,104,6.5,1.4142135623730951,0.21757131728816848,2025-07-01,9,2024-01-01,3,6,3.0,0.16346153846153844,21068.79228670635,20561.444444444445,21526.333333333332,185053,64579,2.4802756255027303
POJ -> CNF,15,191,12.733333333333333,2.2350739485653612,0.17552936768837918,2024-07-01,16,2025-04-01,9,7,1.7777777777777777,0.14520069808027924,20127.22868057868,19533.375,20227.222222222223,312534,182045,2.441617940779548
CNF -> CLV,16,103,6.4375,1.3678792892649556,0.21248610318678923,2025-07-01,9,2024-01-01,3,6,3.0,0.1565533980582524,21556.768601190477,21591.0,21800.666666666668,194319,65402,2.417324326608768
REC -> FEC,6,80,13.333333333333334,2.5603819159562025,0.19202864369671518,2024-05-01,16,2024-03-01,8,8,2.0,0.14166666666666666,20247.322748779,20245.4375,19637.625,323927,157101,2.3867968273473523
UNA -> CNF,23,75,3.260869565217391,0.8952721861727828,0.27455013709298676,2024-11-01,5,2025-02-01,1,4,5.0,0.2110144927536232,48550.282608695656,53140.2,45640.0,265701,45640,2.378006864577561
VCP -> AFL,9,60,6.666666666666667,1.5634719199411433,0.2345207879911715,2025-09-01,9,2025-11-01,3,6,3.0,0.16666666666666669,55639.58664021164,55797.333333333336,55721.333333333336,502176,167164,2.361517244475945
PPB -> REC,6,19,3.1666666666666665,1.2133516482134197,0.38316367838318516,2024-07-01,5,2025-08-01,1,4,5.0,0.2807017543859649,63964.65555555556,63653.6,57437.0,318268,57437,2.2957115947723388
REC -> PMW,2,13,6.5,2.5,0.38461538461538464,2025-01-01,9,2024-12-01,4,5,2.25,0.3846153846153846,66288.08333333334,69770.66666666667,62805.5,627936,251222,2.269658302130303
VCP -> OAL,9,44,4.888888888888889,1.4487116456005884,0.2963273820546658,2025-08-01,7,2025-07-01,3,4,2.3333333333333335,0.2525252525252525,57646.01084656085,57603.142857142855,57895.666666666664,403222,173687,2.25603665991867
BVH -> VCP,9,57,6.333333333333333,1.4907119849998598,0.23537557657892524,2025-07-01,8,2025-11-01,3,5,2.6666666666666665,0.1871345029239766,53988.423941798945,53828.375,54687.666666666664,430627,164063,2.137075268708642
VCP -> JPR,9,44,4.888888888888889,1.3698697784375504,0.28020063649858984,2025-08-01,7,2025-04-01,3,4,2.3333333333333335,0.2525252525252525,57249.710582010586,58024.42857142857,57637.0,406171,172911,2.1332585051379005
PMW -> REC,2,15,7.5,2.5,0.3333333333333333,2025-01-01,10,2024-12-01,5,5,2.0,0.3333333333333333,63251.4,60956.2,65546.6,609562,327733,2.0665656188591446
FEC -> REC,6,81,13.5,2.217355782608345,0.16424857648950705,2024-05-01,16,2024-03-01,9,7,1.7777777777777777,0.12345679012345678,19072.90961538462,19044.25,18835.0,304708,169515,1.9149878230338218
REC -> PVH,3,9,3.0,1.4142135623730951,0.47140452079103173,2024-12-01,5,2025-01-01,2,3,2.5,0.4444444444444445,73192.53333333334,72479.6,73233.0,362398,146466,1.8800528557247886
REC -> PPB,6,20,3.3333333333333335,1.1055415967851334,0.33166247903554,2024-01-01,4,2025-08-01,1,3,4.0,0.2666666666666667,70336.68055555555,69017.25,69319.0,276069,69319,1.7489449872292877
REC -> PAV,6,59,9.833333333333334,1.8633899812498245,0.1894972862287957,2024-01-01,12,2024-06-01,7,5,1.7142857142857142,0.15819209039548027,19928.219444444443,20479.166666666668,19663.0,245750,137641,1.734891763653432
NVT -> REC,2,12,6.0,2.0,0.3333333333333333,2025-01-01,8,2024-12-01,4,4,2.0,0.3333333333333333,58974.25,55275.75,62672.75,442206,250691,1.709966238307691
REC -> CGR,2,12,6.0,2.0,0.3333333333333333,2025-01-01,8,2024-12-01,4,4,2.0,0.3333333333333333,70714.875,72340.5,69089.25,578724,276357,1.709966238307691
OAL -> VCP,9,52,5.777777777777778,1.227262335243029,0.2124107887920627,2025-04-01,7,2025-11-01,3,4,2.3333333333333335,0.16666666666666669,54629.176719576724,54440.142857142855,55238.0,381081,165714,1.6866656741847086
PAV -> REC,6,60,10.0,1.7320508075688772,0.17320508075688773,2024-01-01,12,2024-06-01,7,5,1.7142857142857142,0.13333333333333336,19740.920105820107,21081.833333333332,19469.14285714286,252982,136284,1.5921346014302566
VCP -> BVH,9,43,4.777777777777778,1.1331154474650633,0.23716369830664116,2025-06-01,6,2025-04-01,3,3,2.0,0.20155038759689925,56759.72777777778,55919.5,57234.0,335517,171702,1.5544678102140836
SOD -> VCP,5,8,1.6,0.8,0.5,2024-02-01,3,2024-04-01,1,2,3.0,0.45,39678.5,40921.0,41025.0,122763,41025,1.5536723984241867
LDB -> REC,3,5,1.6666666666666667,0.9428090415820634,0.565685424949238,2025-07-01,3,2024-05-01,1,2,3.0,0.5333333333333332,48708.777777777774,66649.33333333333,18517.0,199948,18517,1.4334075753824442
REC -> LDB,2,4,2.0,1.0,0.5,2025-07-01,3,2025-06-01,1,2,3.0,0.5,65966.33333333334,71340.66666666667,60592.0,214022,60592,1.1380444617808732
VCP -> SOD,3,4,1.3333333333333333,0.4714045207910317,0.3535533905932738,2024-02-01,2,2024-03-01,1,1,2.0,0.3333333333333333,40442.0,42030.0,39142.0,84060,39142,0.5690222308904366
UNA -> VCP,4,11,2.75,0.4330127018922193,0.15745916432444337,2024-01-01,3,2025-08-01,2,1,1.5,0.1363636363636363,55729.958333333336,44458.333333333336,56594.5,133375,113189,0.3912713244998708
VCP -> UNA,4,13,3.25,0.4330127018922193,0.13323467750529824,2024-04-01,4,2024-01-01,3,1,1.3333333333333333,0.11538461538461536,54643.0,61310.0,44005.0,245240,132015,0.35161395222928254
PVH -> REC,2,7,3.5,0.5,0.14285714285714285,2024-12-01,4,2025-01-01,3,1,1.3333333333333333,0.14285714285714285,71520.79166666666,71789.25,71252.33333333333,287157,213757,0.29706307738283366
CNF -> EZE,2,9,4.5,0.5,0.1111111111111111,2024-11-01,5,2024-12-01,4,1,1.25,0.11111111111111116,65831.1,72559.2,59103.0,362796,236412,0.2558427881104495
EZE -> CNF,2,11,5.5,0.5,0.09090909090909091,2024-12-01,6,2024-11-01,5,1,1.2,0.09090909090909088,61729.583333333336,70174.16666666667,53285.0,421045,266425,0.22590060452618185
AQA -> VCP,1,12,12.0,0.0,0.0,2024-10-01,12,2024-10-01,12,0,1.0,0.0,17430.583333333332,17430.583333333332,17430.583333333332,209167,209167,0.0
VCP -> AQA,1,12,12.0,0.0,0.0,2024-10-01,12,2024-10-01,12,0,1.0,0.0,17736.25,17736.25,17736.25,212835,212835,0.0
CGR -> REC,2,10,5.0,0.0,0.0,2024-12-01,5,2024-12-01,5,0,1.0,0.0,67513.3,69024.6,69024.6,345123,345123,0.0
REC -> PLU,4,4,1.0,0.0,0.0,2024-06-01,1,2024-06-01,1,0,1.0,0.0,17707.5,17423.0,17423.0,17423,17423,0.0
TEC -> VCP,2,4,2.0,0.0,0.0,2025-02-01,2,2025-02-01,2,0,1.0,0.0,17290.25,17499.0,17499.0,34998,34998,0.0
VCP -> TEC,2,4,2.0,0.0,0.0,2025-02-01,2,2025-02-01,2,0,1.0,0.0,18176.5,18417.0,18417.0,36834,36834,0.0
BPS -> REC,3,3,1.0,0.0,0.0,2024-07-01,1,2024-07-01,1,0,1.0,0.0,49972.0,66908.0,66908.0,66908,66908,0.0
CNF -> JTC,3,3,1.0,0.0,0.0,2024-09-01,1,2024-09-01,1,0,1.0,0.0,24852.333333333332,16494.0,16494.0,16494,16494,0.0
JTC -> CNF,3,3,1.0,0.0,0.0,2024-11-01,1,2024-11-01,1,0,1.0,0.0,23098.0,35583.0,35583.0,35583,35583,0.0
MOC -> VCP,3,3,1.0,0.0,0.0,2024-08-01,1,2024-08-01,1,0,1.0,0.0,16507.666666666668,16407.0,16407.0,16407,16407,0.0
CFB -> VCP,2,2,1.0,0.0,0.0,2024-12-01,1,2024-12-01,1,0,1.0,0.0,32937.5,15978.0,15978.0,15978,15978,0.0
CGB -> REC,2,2,1.0,0.0,0.0,2025-02-01,1,2025-02-01,1,0,1.0,0.0,48522.0,44445.0,44445.0,44445,44445,0.0
CNF -> MCP,1,2,2.0,0.0,0.0,2025-08-01,2,2025-08-01,2,0,1.0,0.0,18358.5,18358.5,18358.5,36717,36717,0.0
CNF -> MVD,2,2,1.0,0.0,0.0,2024-06-01,1,2024-06-01,1,0,1.0,0.0,56109.5,58140.0,58140.0,58140,58140,0.0
JJD -> REC,2,2,1.0,0.0,0.0,2024-02-01,1,2024-02-01,1,0,1.0,0.0,35464.0,16131.0,16131.0,16131,16131,0.0
MCP -> CNF,1,2,2.0,0.0,0.0,2025-08-01,2,2025-08-01,2,0,1.0,0.0,18138.0,18138.0,18138.0,36276,36276,0.0
MCP -> VCP,2,2,1.0,0.0,0.0,2024-11-01,1,2024-11-01,1,0,1.0,0.0,47688.0,39682.0,39682.0,39682,39682,0.0
MGF -> CNF,2,2,1.0,0.0,0.0,2025-04-01,1,2025-04-01,1,0,1.0,0.0,29721.0,42572.0,42572.0,42572,42572,0.0
MVD -> CNF,2,2,1.0,0.0,0.0,2024-09-01,1,2024-09-01,1,0,1.0,0.0,54123.0,54284.0,54284.0,54284,54284,0.0
REC -> UNA,2,2,1.0,0.0,0.0,2024-04-01,1,2024-04-01,1,0,1.0,0.0,44616.5,39338.0,39338.0,39338,39338,0.0
UNA -> REC,2,2,1.0,0.0,0.0,2024-04-01,1,2024-04-01,1,0,1.0,0.0,51976.0,46756.0,46756.0,46756,46756,0.0
VCP -> EZE,2,2,1.0,0.0,0.0,2024-04-01,1,2024-04-01,1,0,1.0,0.0,50291.0,41668.0,41668.0,41668,41668,0.0
VCP -> MCP,2,2,1.0,0.0,0.0,2024-02-01,1,2024-02-01,1,0,1.0,0.0,48867.0,40215.0,40215.0,40215,40215,0.0
VCP -> PVH,2,2,1.0,0.0,0.0,2024-01-01,1,2024-01-01,1,0,1.0,0.0,57417.5,45028.0,45028.0,45028,45028,0.0
VCP -> VDC,2,2,1.0,0.0,0.0,2024-07-01,1,2024-07-01,1,0,1.0,0.0,43753.5,18113.0,18113.0,18113,18113,0.0
AAX -> VCP,1,1,1.0,0.0,0.0,2024-04-01,1,2024-04-01,1,0,1.0,0.0,34670.0,34670.0,34670.0,34670,34670,0.0
ASU -> CNF,1,1,1.0,0.0,0.0,2024-11-01,1,2024-11-01,1,0,1.0,0.0,65905.0,65905.0,65905.0,65905,65905,0.0
ATM -> CNF,1,1,1.0,0.0,0.0,2025-07-01,1,2025-07-01,1,0,1.0,0.0,52614.0,52614.0,52614.0,52614,52614,0.0
BYO -> CNF,1,1,1.0,0.0,0.0,2024-10-01,1,2024-10-01,1,0,1.0,0.0,36929.0,36929.0,36929.0,36929,36929,0.0
CAC -> CNF,1,1,1.0,0.0,0.0,2024-10-01,1,2024-10-01,1,0,1.0,0.0,50135.0,50135.0,50135.0,50135,50135,0.0
CGR -> CNF,1,1,1.0,0.0,0.0,2024-10-01,1,2024-10-01,1,0,1.0,0.0,38381.0,38381.0,38381.0,38381,38381,0.0
CNF -> ASU,1,1,1.0,0.0,0.0,2024-11-01,1,2024-11-01,1,0,1.0,0.0,68318.0,68318.0,68318.0,68318,68318,0.0
CNF -> ATM,1,1,1.0,0.0,0.0,2024-04-01,1,2024-04-01,1,0,1.0,0.0,63966.0,63966.0,63966.0,63966,63966,0.0
CNF -> BVB,1,1,1.0,0.0,0.0,2024-11-01,1,2024-11-01,1,0,1.0,0.0,42345.0,42345.0,42345.0,42345,42345,0.0
CNF -> CGR,1,1,1.0,0.0,0.0,2024-12-01,1,2024-12-01,1,0,1.0,0.0,55059.0,55059.0,55059.0,55059,55059,0.0
CNF -> CXJ,1,1,1.0,0.0,0.0,2025-05-01,1,2025-05-01,1,0,1.0,0.0,44586.0,44586.0,44586.0,44586,44586,0.0
CNF -> JDO,1,1,1.0,0.0,0.0,2025-05-01,1,2025-05-01,1,0,1.0,0.0,67611.0,67611.0,67611.0,67611,67611,0.0
CNF -> JJG,1,1,1.0,0.0,0.0,2024-06-01,1,2024-06-01,1,0,1.0,0.0,36142.0,36142.0,36142.0,36142,36142,0.0
CNF -> PDP,1,1,1.0,0.0,0.0,2024-11-01,1,2024-11-01,1,0,1.0,0.0,56364.0,56364.0,56364.0,56364,56364,0.0
CUR -> VCP,1,1,1.0,0.0,0.0,2025-01-01,1,2025-01-01,1,0,1.0,0.0,61595.0,61595.0,61595.0,61595,61595,0.0
CXJ -> CNF,1,1,1.0,0.0,0.0,2025-05-01,1,2025-05-01,1,0,1.0,0.0,41263.0,41263.0,41263.0,41263,41263,0.0
FLL -> VCP,1,1,1.0,0.0,0.0,2024-06-01,1,2024-06-01,1,0,1.0,0.0,62837.0,62837.0,62837.0,62837,62837,0.0
JJD -> VCP,1,1,1.0,0.0,0.0,2024-05-01,1,2024-05-01,1,0,1.0,0.0,47579.0,47579.0,47579.0,47579,47579,0.0
JJG -> CNF,1,1,1.0,0.0,0.0,2024-06-01,1,2024-06-01,1,0,1.0,0.0,40932.0,40932.0,40932.0,40932,40932,0.0
LDB -> CNF,1,1,1.0,0.0,0.0,2025-10-01,1,2025-10-01,1,0,1.0,0.0,52499.0,52499.0,52499.0,52499,52499,0.0
MAB -> VCP,1,1,1.0,0.0,0.0,2024-10-01,1,2024-10-01,1,0,1.0,0.0,52422.0,52422.0,52422.0,52422,52422,0.0
MCP -> REC,1,1,1.0,0.0,0.0,2024-01-01,1,2024-01-01,1,0,1.0,0.0,20745.0,20745.0,20745.0,20745,20745,0.0
PLU -> REC,1,1,1.0,0.0,0.0,2024-04-01,1,2024-04-01,1,0,1.0,0.0,17374.0,17374.0,17374.0,17374,17374,0.0
PNZ -> CNF,1,1,1.0,0.0,0.0,2024-01-01,1,2024-01-01,1,0,1.0,0.0,40538.0,40538.0,40538.0,40538,40538,0.0
PPB -> CNF,1,1,1.0,0.0,0.0,2025-01-01,1,2025-01-01,1,0,1.0,0.0,40412.0,40412.0,40412.0,40412,40412,0.0
PVH -> VCP,1,1,1.0,0.0,0.0,2024-01-01,1,2024-01-01,1,0,1.0,0.0,38456.0,38456.0,38456.0,38456,38456,0.0
REC -> BPS,1,1,1.0,0.0,0.0,2025-06-01,1,2025-06-01,1,0,1.0,0.0,68230.0,68230.0,68230.0,68230,68230,0.0
REC -> IMP,1,1,1.0,0.0,0.0,2024-01-01,1,2024-01-01,1,0,1.0,0.0,65541.0,65541.0,65541.0,65541,65541,0.0
REC -> JJD,1,1,1.0,0.0,0.0,2024-02-01,1,2024-02-01,1,0,1.0,0.0,21048.0,21048.0,21048.0,21048,21048,0.0
REC -> MCP,1,1,1.0,0.0,0.0,2024-01-01,1,2024-01-01,1,0,1.0,0.0,21849.0,21849.0,21849.0,21849,21849,0.0
REC -> UBA,1,1,1.0,0.0,0.0,2025-07-01,1,2025-07-01,1,0,1.0,0.0,70813.0,70813.0,70813.0,70813,70813,0.0
STM -> VCP,1,1,1.0,0.0,0.0,2025-02-01,1,2025-02-01,1,0,1.0,0.0,53960.0,53960.0,53960.0,53960,53960,0.0
VCP -> CFB,1,1,1.0,0.0,0.0,2024-12-01,1,2024-12-01,1,0,1.0,0.0,19633.0,19633.0,19633.0,19633,19633,0.0
VCP -> MAB,1,1,1.0,0.0,0.0,2024-01-01,1,2024-01-01,1,0,1.0,0.0,39831.0,39831.0,39831.0,39831,39831,0.0
VCP -> PHB,1,1,1.0,0.0,0.0,2025-02-01,1,2025-02-01,1,0,1.0,0.0,66429.0,66429.0,66429.0,66429,66429,0.0
VCP -> STM,1,1,1.0,0.0,0.0,2024-05-01,1,2024-05-01,1,0,1.0,0.0,47117.0,47117.0,47117.0,47117,47117,0.0
VCP -> TFF,1,1,1.0,0.0,0.0,2025-03-01,1,2025-03-01,1,0,1.0,0.0,42883.0,42883.0,42883.0,42883,42883,0.0
VDC -> REC,1,1,1.0,0.0,0.0,2025-05-01,1,2025-05-01,1,0,1.0,0.0,16878.0,16878.0,16878.0,16878,16878,0.0
VDC -> VCP,1,1,1.0,0.0,0.0,2024-07-01,1,2024-07-01,1,0,1.0,0.0,16736.0,16736.0,16736.0,16736,16736,0.0
