Route,Recommendation,Months,TotalFlights,AvgPriorityScore,MaxPriorityScore,AvgPassengers,AvgTOW_kg,E2FuelAdvantage,AvgFuelPerNM,EstimatedFuelSavedKg
VCP -> MAO,Maintain current aircraft assignment,23,1723,9.837547815672206,19.854568751163033,153.8149902477161,73177.43542120907,0.09595577548234684,5.461676587507312,482709.7625848554
MAO -> VCP,Maintain current aircraft assignment,23,1863,11.056443446902609,27.254037736079237,154.13390349461758,69669.17581151394,0.09059759863162369,5.267345933615453,436104.38694508
BSB -> VCP,Maintain current aircraft assignment,23,2461,16.04953905360915,22.64614622109608,108.79233849705841,52347.95563563392,0.21539873331456433,4.96678110962686,378132.3632667584
VCP -> BSB,Maintain current aircraft assignment,23,1866,13.934667829706889,22.07141426252788,109.37016944275182,53803.200303962876,0.19309062143107256,5.266251269148179,356653.4966133045
CGR -> VCP,Maintain current aircraft assignment,23,1738,14.013687903931759,25.710835830652147,124.27521052539056,53473.15161822913,0.18801050332358898,5.0822559381466315,229393.83105590512
BEL -> VCP,Maintain current aircraft assignment,23,1640,6.997391923092076,12.78655188486237,155.4888943536765,71211.0243340551,0.08875563429636088,5.3251968205315485,226645.38594972898
FOR -> VCP,Maintain current aircraft assignment,23,1129,14.819273283835699,26.011579241517076,167.88662274532476,73015.15141962281,0.18852632069195127,5.587457006103423,223183.6603757404
FLN -> VCP,Maintain current aircraft assignment,23,2344,14.996173800547838,29.718848236245705,114.61135651248942,52043.43768174563,0.18109288146645341,5.7014886048852125,216842.93826122003
VCP -> FLN,Maintain current aircraft assignment,23,1681,17.65638856147314,52.51485631925812,119.92216211555346,52598.81999776753,0.1971076204371807,5.882051741642891,205090.1602028674
JOI -> VCP,Maintain current aircraft assignment,23,1488,24.688090019691575,48.78949849893461,65.61584209250529,27943.804672184087,0.2110580637492818,4.080586664579482,196185.82949463773
VCP -> FOR,Maintain current aircraft assignment,23,1132,17.30676960295483,27.79821763648072,168.27740689166959,72274.67861018903,0.2389446529157043,5.232963103922277,193366.37588191626
VCP -> CGR,Maintain current aircraft assignment,23,1385,14.858559372882823,30.763267107839155,123.28875595157903,56459.22648538628,0.1918156362279673,5.804577401514979,182356.47022834964
VCP -> BEL,Maintain current aircraft assignment,23,1832,6.006555664118906,13.986766024480362,136.2072825153279,68061.45606937946,0.04772235059378955,5.082606529176225,175818.76184177792
VCP -> JOI,Maintain current aircraft assignment,23,1483,11.948649906854019,39.2854839075283,68.32637338483133,28680.506513425902,,4.214672930553924,163965.2132099065
CNF -> VDC,Maintain current aircraft assignment,22,420,22.443768241109503,35.635142101488256,79.71606528000265,38183.810751143676,0.2050301461359154,4.684948035723672,152558.1786212798
GYN -> CNF,Maintain current aircraft assignment,23,1943,13.567046651251061,21.95858244166395,110.21542820566081,50261.1139824302,0.17712907805188785,5.210725547517221,151150.35006931907
VCP -> CNF,Maintain current aircraft assignment,23,3141,14.694221017582896,23.1610175768164,116.23559981944915,53291.751320120224,0.1909925245654627,5.758857600867721,147635.62126188894
CNF -> GYN,Maintain current aircraft assignment,23,1063,18.639282509509815,41.22029061941742,107.84264829302862,50970.86188703229,0.20973211638422967,5.432324405691335,137824.98896276977
NVT -> VCP,Maintain current aircraft assignment,23,2161,14.35448450733357,23.278155284251557,111.81900716757295,49686.94423318895,0.179426766156869,6.088956649082045,134418.674013182
VCP -> MGF,Maintain current aircraft assignment,23,1504,25.773422030917196,42.01073942063985,73.54833486522601,31753.39722364828,0.21029401469202874,4.496315517674229,122341.84802584346
UDI -> VCP,Maintain current aircraft assignment,22,1527,19.986440967785118,33.009561166671524,76.97141126319822,36832.0671587876,0.17894723156573755,4.863714806674797,120581.52255590852
CNF -> GRU,Maintain current aircraft assignment,23,1368,18.551714966143415,39.45765620628074,112.73870829049011,53059.81489661052,0.2008852083095963,6.134113620892997,117836.89451565295
BSB -> CNF,Maintain current aircraft assignment,23,1644,15.349942510263476,26.894540757833923,110.90700273701306,49756.39062692637,0.20334202862424444,5.07358173152764,113635.49300474316
VCP -> NVT,Maintain current aircraft assignment,23,1507,18.82608455284004,36.56910685739703,112.21097533827188,49216.105277722985,0.2006318135020336,6.257256698612167,108970.96818880126
CNF -> BSB,Maintain current aircraft assignment,23,984,16.9995389194122,33.91632711226402,108.8118792066794,50640.84306495781,0.1953534193507418,5.399470225555265,108921.35914137388
SSA -> REC,Maintain current aircraft assignment,23,1929,16.38827824070108,23.258541703685534,100.86924551070044,47050.06238861666,0.2047933529199446,5.21382114859998,106293.66388839428
REC -> SSA,Maintain current aircraft assignment,23,2245,14.293358643861563,25.355839506966575,99.71742369616393,49490.81480254082,0.15729802472655388,5.535101515919444,105359.54621431384
VCP -> UDI,Maintain current aircraft assignment,21,1354,26.230186135287795,45.16549102684892,78.60702375964608,35225.87967900327,0.23082835921941178,4.981321381633489,96975.96000745452
VCP -> AJU,Maintain current aircraft assignment,23,474,17.68705769453788,38.48522722447555,130.7332721594636,59084.89649274529,0.2247537870745925,4.614536888665526,94681.80886111729
REC -> VCP,Maintain current aircraft assignment,23,3157,12.887098040210818,18.701958926240422,173.66379303260794,77524.93527301657,0.17417892934797158,6.037349372714639,90368.4706848521
VCP -> LDB,Maintain current aircraft assignment,22,1267,25.640098442271498,47.44373315340207,72.36248811365608,27727.725650257067,0.16747818816830423,4.097040388864401,87968.80610094023
AJU -> VCP,Maintain current aircraft assignment,22,492,17.311398633968,41.7621654467153,133.83161889128306,58227.556540688915,0.19164359968100497,4.95044287131917,85691.99124637469
LDB -> VCP,Maintain current aircraft assignment,22,1270,25.647877702553487,47.34606266579862,69.77746681573689,28476.491502175097,0.17145398560644756,3.9072776780109995,81797.55939163733
POA -> VCP,Maintain current aircraft assignment,19,2762,13.880055919313026,22.69175725913891,129.0789000919951,63789.99545504787,0.1846154462482678,5.644017398026702,81286.46871157232
REC -> CNF,Maintain current aircraft assignment,23,3026,13.537064693603067,21.75315449533091,139.32683320115083,65541.09134325969,0.18181230994732386,5.338777133968895,79927.01504121382
XAP -> VCP,Maintain current aircraft assignment,22,946,16.41268274756336,28.536513165622424,116.57233205309912,53647.25477427024,0.1924463210130858,5.239866652179644,77443.74892706353
CAC -> VCP,Maintain current aircraft assignment,22,886,17.54843620136013,30.153208133243805,107.45472516230274,46785.30402794443,0.21088680222073009,4.961221406581457,77169.1318168476
CNF -> IOS,Maintain current aircraft assignment,19,269,25.341613612580836,47.03387505498296,107.33870137987701,46331.747928438206,0.201436446793788,4.583545543619726,76574.78651063483
RAO -> VCP,Maintain current aircraft assignment,23,2418,16.183691201124024,21.48445824688783,57.29506139958259,21960.809975194923,0.22268712783033298,3.3051938028820413,75479.91454605456
CNF -> IMP,Maintain current aircraft assignment,22,323,19.561859164480158,31.03987672302633,102.88605237231573,54094.30291805268,0.22753419381705137,4.702622417021866,73530.35403307996
REC -> GIG,Maintain current aircraft assignment,23,2283,2.723413535434808,14.207920792079209,152.26235528930505,70208.2651943047,,5.557096423621321,73410.37069355814
REC -> AJU,Maintain current aircraft assignment,23,1609,16.157892967777887,38.135600419590325,53.972547782557086,23128.49394520379,0.15520118346376036,3.110721420625576,70524.22728540462
CGB -> CNF,Maintain current aircraft assignment,22,881,16.2003207675948,29.208706971167533,119.90373554033691,56970.155001626124,0.20262374866475807,4.802570194266197,70138.2294962517
CNF -> CWB,Maintain current aircraft assignment,23,739,16.383389494353313,25.57214822635602,119.00322496377596,52275.413816318054,0.22221889287051214,5.027422421531517,69739.2473015825
CNF -> VCP,Maintain current aircraft assignment,22,2856,15.86952485739893,23.850488035493292,111.60244843487898,54706.004095161334,0.2018600450867692,6.063614333493363,69048.23781240701
VCP -> XAP,Maintain current aircraft assignment,20,705,18.081691393861835,41.38924600766682,121.40191249773318,55803.268554747665,0.19419282769051746,5.991561255060833,67083.24713116809
VCP -> GIG,Maintain current aircraft assignment,23,1599,17.789619395988737,37.245937283095905,105.01317549997873,47857.68543610606,0.2077495103690987,5.968046001507042,67066.64961882234
CNF -> UDI,Maintain current aircraft assignment,23,2171,14.687451019807567,22.33338435250768,62.060372896610396,22457.921442248968,0.18605285977583713,3.0452488830812676,66744.59704036487
GRU -> CNF,Maintain current aircraft assignment,22,1045,21.448193173940837,45.845748257902116,113.46218614798727,51636.87581206721,0.2237796600622153,5.925459267434494,66599.72745471718
CNF -> REC,Maintain current aircraft assignment,23,2985,17.749187710664668,25.18311948667983,137.20453976926646,64018.32100011757,0.2409789508802733,4.909147510930166,65167.77712703841
IMP -> CNF,Maintain current aircraft assignment,22,393,20.480154315565215,39.23156626989834,107.16150141821934,51429.40615123587,0.20778100645909003,4.687994555894161,64619.87505559478
VCP -> SJP,Maintain current aircraft assignment,23,2471,15.350190647345116,24.74085382883983,55.574108613632156,21826.11363790361,0.1938344196012909,3.147636178674331,63859.21641853761
GIG -> REC,Maintain current aircraft assignment,23,2280,10.609846386070995,24.84291742348136,152.3758864247529,65827.44157319986,0.12238195705802267,4.933498861757045,63489.31216915535
CWB -> CNF,Maintain current aircraft assignment,23,1179,15.715896242026407,28.884819679406675,116.06606238708531,52162.46689638827,0.2001636613234446,4.684082050987015,62630.783030673054
UDI -> CNF,Maintain current aircraft assignment,23,2198,16.506484493496593,23.499948231261307,59.958109488221375,21979.535851591725,0.20329774829879957,2.9047068288944375,62483.55857044629
AJU -> REC,Maintain current aircraft assignment,23,1618,19.885199907785765,41.0487357293113,59.761624474497744,22399.803072347255,0.21233186999832565,3.1329804641114234,61712.54427133876
VCP -> PNZ,Maintain current aircraft assignment,23,404,19.704368386688532,39.862727003899536,121.55795793566384,56288.30534717083,0.2212219645105077,4.5951770586331016,61472.257471759396
MGF -> VCP,Maintain current aircraft assignment,23,1534,23.007425714919965,34.64438624554696,74.2104449329573,31391.913342331754,0.18345714131671118,4.116499457713004,61096.51428583139
VCP -> CAC,Maintain current aircraft assignment,23,655,15.925701440047217,27.94731953265451,106.54487433201379,47025.81374843599,0.18522334802380253,5.693919142926334,60884.88865000859
REC -> PNZ,Maintain current aircraft assignment,21,771,21.69902110005064,45.66967620709127,76.39597167624426,35709.86856408994,0.17140141938112305,4.478664518198155,59839.50182607548
SJP -> VCP,Maintain current aircraft assignment,23,2464,14.789888491344911,25.55291530113537,57.04772090251318,21217.867165990385,0.18925636947067326,3.0086056762557654,59601.50578903845
REC -> CGH,Maintain current aircraft assignment,23,2281,1.5146932357378504,6.051517843263546,157.04260981725471,69186.7806113393,-0.006993082928235051,5.403771626330207,59569.24284429695
FLN -> CNF,Maintain current aircraft assignment,23,777,15.450558670412093,27.468879836768906,112.50745750252598,53027.0276198905,0.19849838975953402,4.643472495119232,58772.28142604683
VCP -> RAO,Maintain current aircraft assignment,23,2412,14.49983942979868,20.502626107022014,57.34066713125419,22025.580791491207,0.19614985497899629,3.3277858540066374,57609.44254698848
VCP -> REC,Maintain current aircraft assignment,23,3166,12.021406991395077,17.829539455569115,172.7094587901132,74057.4933213167,0.14536487797628375,5.405554784612067,57384.694182148836
CWB -> VCP,Maintain current aircraft assignment,23,3589,13.924725149586292,23.911511856578002,108.88276772547405,48667.559259678084,0.1788749918483165,6.328190267722609,56926.76008640834
CNF -> FLN,Maintain current aircraft assignment,22,524,16.662887443148524,25.629134697715457,116.0347276567601,53906.49753879924,0.21561126640470613,4.911230617855652,53235.138926260515
CGB -> VCP,Maintain current aircraft assignment,23,2182,14.848401682204175,21.275578429193487,134.7196842468925,60704.98199062511,0.2042493312082076,5.086616966098478,52584.489737668715
IGU -> VCP,Maintain current aircraft assignment,23,1083,12.71170565665753,31.388131159029463,142.95274333710242,62292.09112761584,0.15938023273656163,5.5936456826892105,50516.30427365289
BEL -> CNF,Maintain current aircraft assignment,23,1325,3.722589801194064,11.667884481635136,139.22376865109277,67263.95712970046,,5.151342354991439,48986.13942233233
CNF -> MAB,Maintain current aircraft assignment,23,420,17.846670170562007,28.448587618702255,126.47816010281188,62245.042054417856,0.2173140952263115,4.865116341067488,48908.28538309692
FOR -> REC,Maintain current aircraft assignment,23,2280,16.674897786128415,23.000925289306117,112.46743518013746,47806.09388550282,0.19690174790690113,5.529149313677108,48235.3109050838
GIG -> VCP,Maintain current aircraft assignment,22,1408,16.375424357874227,37.80187203915719,103.1282846290585,47409.85607175075,0.1968743287302648,6.5270840266909795,46588.27030406465
FEN -> REC,Maintain current aircraft assignment,23,2814,30.972373058918425,66.69518438308934,80.38860232581028,29501.00859323545,0.19851148218401715,3.4797894968987935,46529.05961859819
MAB -> CNF,Maintain current aircraft assignment,23,471,18.0691544511332,27.102844117129337,131.8705106666071,59414.49876142989,0.2210079564153606,4.8262084012130995,46316.58296793363
JDO -> VCP,Maintain current aircraft assignment,21,420,20.04504252042628,31.937810035068086,123.66895587212925,59433.9244293793,0.21435433390791164,4.833075202125441,46136.51354325813
CNF -> PVH,Maintain current aircraft assignment,23,481,18.965149413150403,26.962546256094615,153.72989582360427,72978.16977340495,0.26376971032884966,5.403090191671224,45925.4706122336
REC -> FEN,Maintain current aircraft assignment,23,2796,30.943766091606445,73.21005602157807,79.17925153794657,30574.5082631211,0.16616346245940575,3.7164237206088377,45827.65658628817
PNZ -> REC,Maintain current aircraft assignment,20,759,24.300454053384442,42.3708784592771,80.38814405050363,35035.262775014286,0.23071545519566078,4.400069925741688,45817.255928430684
REC -> BEL,Maintain current aircraft assignment,23,1154,15.424835081560097,25.308094138916047,138.43197311051105,66895.74931607782,0.1956110927914579,5.229546461311928,45534.55112707147
VCP -> JDO,Maintain current aircraft assignment,22,396,20.127411887647337,32.05530852913734,128.5628013100239,60202.162729538155,0.21238834533200993,4.558876136207406,45295.02628922655
VCP -> SSA,Maintain current aircraft assignment,23,2177,15.561563199748269,21.93701352041237,142.38406368666182,63485.980736009966,0.20131214594714267,5.049786228128366,43949.876438568375
THE -> REC,Maintain current aircraft assignment,22,744,17.754682755222404,29.315201626906084,135.62069068021862,57985.52324301284,0.19692002711510137,5.474646394835045,43722.10113130167
SDU -> VCP,Maintain current aircraft assignment,20,2910,16.356768786009702,28.716074981139837,91.90875673626937,43471.162663850046,0.18961071545767644,6.872194796959266,43487.538311017306
CNF -> RBR,Maintain current aircraft assignment,15,314,2.3304475655004477,7.291666666666667,145.0,73183.85195596406,,5.4087540317229905,42967.889467957095
CNF -> CGB,Maintain current aircraft assignment,20,673,17.32370928740557,26.19541513215273,120.4127211150666,60795.42412268584,0.21571759498130333,5.420664767847255,42444.276750893594
SDU -> CNF,Current seasonal upgauge appears effective,4,482,34.81695052159852,37.81908656393395,106.74256090372575,48280.055562936504,0.19902069277019768,5.9411335101956535,41999.50775131433
VDC -> CNF,Maintain current aircraft assignment,21,565,18.82524828261317,28.942120439849045,82.07965351949277,41160.27536961078,0.17989953819501495,4.940739686932463,41612.66973321591
PVH -> CNF,Maintain current aircraft assignment,23,499,2.692029318178354,8.140249550107985,154.0515770195124,68898.14880415214,,4.972043402742769,40812.10611516034
IOS -> VCP,Maintain current aircraft assignment,23,581,15.45829513963127,40.52540566525762,139.09118304440665,60046.77899231292,0.18542342775429366,5.281641540606453,39636.85926117777
VCP -> IOS,Maintain current aircraft assignment,22,496,16.966799804592306,36.18245222747284,135.8796697041291,62257.9698486034,0.2053135977306079,5.029450263782815,39081.311277610235
BSB -> REC,Maintain current aircraft assignment,23,1320,2.9752399051456773,9.993986834052555,147.0512723757697,64249.70786037519,,4.8854034574655305,38453.27522873902
PNZ -> VCP,Maintain current aircraft assignment,21,310,17.76492080830093,42.22318663833144,125.11318426360442,56808.59419515281,0.20536404350607795,4.964096901523597,38283.744786897136
REC -> GYN,Maintain current aircraft assignment,23,1319,17.662170824134943,32.19008623393898,153.1321153986834,68324.73314613946,0.21900477376709146,5.381874755502307,36508.4114750635
GIG -> CNF,E1 -> E2 review candidate,1,119,35.64999724796108,35.64999724796108,109.00840336134453,46457.57142857143,0.2051282069348849,6.827787410791369,36171.90909800487
REC -> THE,Maintain current aircraft assignment,21,699,17.607658624363914,31.502548670979294,124.80617310081405,60249.99650173201,0.17868831118298825,5.601761909001171,36094.486506040164
BPS -> VCP,Maintain current aircraft assignment,20,802,16.88285726068527,49.80365780941733,145.4525338946231,61727.29036789927,0.1818271898880796,5.5437948919261775,36055.52772474118
REC -> BSB,Maintain current aircraft assignment,23,1330,2.2398336451086918,10.743069247108085,149.5363516123298,68825.87007082006,,5.5112705753219835,34984.02497750557
CNF -> MOC,Maintain current aircraft assignment,23,2257,2.5561259414812016,10.213483882874582,55.335478888459825,21253.52835946093,,2.9796413056983426,34931.012586565565
MOC -> CNF,Maintain current aircraft assignment,23,2244,2.773670164175229,10.079386904071974,55.825741052495886,20656.2954381534,,2.979879550210784,34481.74669688172
VCP -> SDU,Maintain current aircraft assignment,21,2540,21.24721415022441,35.60823296177854,101.0006319743614,44325.39425711298,0.22663563782528737,6.43497983150416,34276.44158737607
VCP -> CWB,Maintain current aircraft assignment,23,2432,17.421094067498785,27.041138625082628,105.56778052833296,46207.12021078964,0.21121402935677286,6.45603243354813,34249.25920022052
CNF -> NAT,Maintain current aircraft assignment,23,756,19.370959939937165,32.18043896873978,151.66539886025205,66447.0365431857,0.26017442821340875,4.981353545888041,33844.18263026821
REC -> NAT,Maintain current aircraft assignment,23,2045,17.98973412851896,41.77799494738204,59.36207164646443,22192.40337158612,0.1805260455755335,3.1731578007173464,33744.8161539896
SSA -> CNF,Maintain current aircraft assignment,23,2180,13.470235794175045,22.588279758412277,133.28703659954428,58086.25784152544,0.1845042887827851,5.450965572131583,33737.547080090786
CGH -> REC,Maintain current aircraft assignment,23,2279,10.70541974085276,13.614128585624119,151.27812736019007,66301.25662055504,0.159594450786043,4.804841363921674,33358.01172994523
PMW -> VCP,Maintain current aircraft assignment,23,471,15.107904472604302,26.810114408226504,130.46971646579877,60044.727404418394,0.1916547732206806,5.118642430156504,32033.483076114906
CGH -> CNF,Maintain current aircraft assignment,23,3489,15.788692223041796,27.72507798015824,106.45833847174372,47451.978342690665,0.18556948148748584,6.0045800492894505,31865.883247135924
ROO -> VCP,Maintain current aircraft assignment,23,356,15.176434890499262,26.459149456882436,88.28219664391628,45980.627662391424,0.19625791269821244,4.676493837499665,30815.576936611
CNF -> BEL,Maintain current aircraft assignment,23,1345,3.0060215363079097,11.083333333333332,129.4579845389976,67573.91848655103,,5.036730464563063,30202.50171881594
BEL -> REC,Maintain current aircraft assignment,23,1144,14.498210714018478,23.102260507621068,139.10530791809168,63561.34588402054,0.1826567227460654,5.021962103615415,29445.08523677675
REC -> FOR,Maintain current aircraft assignment,23,2312,13.404987805001294,19.315456110879524,111.1917348116598,48998.29848257553,0.15817967062492472,5.5234649314607696,29302.355380691424
POA -> REC,Maintain current aircraft assignment,17,450,15.781981529453684,40.833333333333336,129.93820582891317,60788.152356168364,,4.240361294541912,29097.228579590123
CNF -> SLZ,Maintain current aircraft assignment,23,499,17.67752558055418,26.052294505688575,140.85133907331107,67176.0748580602,0.2485988478220823,5.0390782690923,29021.60078731776
CNF -> MAO,Maintain current aircraft assignment,17,388,8.027246893683744,13.122709204568984,141.3267500529671,71648.77766408921,0.09081583643109536,5.197872388924838,28864.41395673593
VCP -> NAT,Maintain current aircraft assignment,23,628,16.703182337367704,37.464835985027136,157.33901422148526,68709.84707615775,0.19688773708619053,4.9515830794540605,28665.682014193655
VCP -> CGB,Maintain current aircraft assignment,23,2094,13.671395124679197,22.134073640047404,132.23330791112056,64437.33620983672,0.19220951904085232,5.579769026978218,28441.878476181566
GYN -> REC,Maintain current aircraft assignment,23,1302,18.19975983488131,29.83080606169556,149.67262676058164,64437.844890017484,0.226346767694926,4.833391036893517,28111.95549917803
NAT -> REC,Maintain current aircraft assignment,23,2022,21.493697603658667,44.837920506273825,63.106765593653016,21701.60050671783,0.24660425415087178,3.2562828495940597,27290.39078988875
NAT -> VCP,Maintain current aircraft assignment,23,665,19.99940999610096,41.181293291344154,154.74344920470753,69634.18946562713,0.22810370014538198,5.357810244050428,27190.916297770855
SLZ -> REC,Maintain current aircraft assignment,23,903,13.931432158485988,22.872921924045478,141.41091231289357,62612.86362836262,0.1867709209563135,5.279309010467373,26986.371348386616
SMT -> CNF,Maintain current aircraft assignment,9,149,15.38017780440569,19.750935327535615,85.19988575211352,49142.798900191956,0.19019654710108866,4.377562851997042,26741.62291825209
CNF -> SMT,Maintain current aircraft assignment,9,86,19.267391382445034,34.60418530414834,87.90757953012854,51227.97054579408,0.2501099075338377,4.876283171346237,26508.862946847494
RBR -> CNF,Maintain current aircraft assignment,14,280,2.854563697428961,10.151923825699589,151.93896693292703,69238.22508943948,,4.85708461487606,26393.580581547714
CNF -> SDU,Maintain current aircraft assignment,23,1645,19.52323287294368,32.086205510306094,99.40868419426806,45325.67910949183,0.22494513997234805,6.89044674979619,26201.10953308788
REC -> SLZ,Maintain current aircraft assignment,23,896,12.96883914880043,20.459023111805053,139.54052164691655,66346.24197289698,0.18398803343718625,5.489505986309736,25856.259634445298
VCP -> MCZ,Maintain current aircraft assignment,23,1006,18.738097406316907,47.69758586713559,155.88560352027497,65469.3165499986,0.21129177977476565,4.834870421975469,25696.967009999214
MAO -> CNF,Maintain current aircraft assignment,18,400,14.196429419915544,21.666761085285724,158.6562657789741,69527.02911814493,0.18529867853290183,5.082397667250943,25052.691001536783
VIX -> CNF,Maintain current aircraft assignment,23,1999,16.01267712217155,28.743866386762345,96.48352614754727,45340.67076680297,0.18460242257429704,6.856724519701175,23401.180793410265
SDU -> CNF,Maintain current aircraft assignment,19,1413,14.91270752384628,21.32756893493842,92.18370887380752,42935.3998037558,0.19902069277019768,6.956508099681431,23145.32756248725
CPV -> CNF,Maintain current aircraft assignment,23,368,18.991057832695912,33.50217104995711,108.48891294314636,55909.879312763944,0.1618657333519622,4.6095089880587,22554.369623507006
JPA -> CNF,Maintain current aircraft assignment,20,476,19.803799585868916,46.09197758946408,148.40870294863603,63728.34648700287,0.2027940009743558,5.137215605914223,22253.99580329732
VCP -> ARU,Maintain current aircraft assignment,23,728,8.677596204892273,35.0,55.977598901904074,21701.489972641823,,3.0877228297533623,21901.54332128091
REC -> MVD,Maintain current aircraft assignment,23,163,8.177126425768297,20.35748908833456,115.04287439613528,65513.04425465838,,4.803867041843657,21508.288658725833
CNF -> FOR,Maintain current aircraft assignment,23,706,20.39161746908437,41.95232434443068,154.43353464890671,67312.48037536192,0.2388225607753124,5.058548862920957,21376.42972441973
CUR -> CNF,Maintain current aircraft assignment,21,187,6.609547560796772,35.0,152.0,75414.95354394283,,5.071518159757749,21278.623756500052
CNF -> THE,Maintain current aircraft assignment,21,323,21.974020908972985,36.40525502675918,144.37218020075164,66805.9849425639,0.22408249925780716,5.106394455366786,20948.543406705485
JJG -> VCP,Maintain current aircraft assignment,15,307,19.562103728831236,35.33683405786658,56.88708088868404,27099.276413820695,0.21650182100651996,3.5176808201358924,20180.356684537586
POA -> CNF,Maintain current aircraft assignment,18,654,18.33198585773288,28.033577530311803,131.73360275845965,63826.74102362437,0.20238611781177585,4.97862495663487,20130.711901807874
AJU -> CNF,Maintain current aircraft assignment,20,471,17.046704755283187,37.00912316806847,140.46198040789187,59789.816984213176,0.19409631124751936,5.216199529606618,19880.200772475284
VCP -> UDI,Current seasonal downgauge appears effective,2,56,13.849701553164707,13.849701553164707,66.53946236559139,31022.07483870968,0.23082835921941178,4.218630955517267,19800.027784669892
CKS -> CNF,Maintain current aircraft assignment,22,635,17.187420010852808,23.353869506828694,140.3056257479217,63235.29323676238,0.24331668087941322,5.032115349105542,19254.838916391403
VCP -> SLZ,Maintain current aircraft assignment,23,494,16.728128675775494,25.91262759330934,151.06144505599974,68435.04655837652,0.22698209100631916,5.010408142044044,19212.085732819323
REC -> POA,Maintain current aircraft assignment,17,430,16.13874668821939,42.608695652173914,130.95608004811834,62565.07598588552,,4.751389562864843,19084.05753617529
VCP -> PPB,Maintain current aircraft assignment,22,1125,27.52183031104712,52.50473090299077,74.82106533336808,33022.82648242486,0.22391605768550518,5.047942833474602,18960.5042465586
SSA -> VCP,Maintain current aircraft assignment,23,2267,13.579674719890654,20.37006280261864,144.06962773703802,61980.00985258789,0.1929025700041247,5.348631739595355,18436.509837364192
VCP -> OPS,Maintain current aircraft assignment,23,472,10.838245202217712,16.305170983420183,154.42645299879706,68970.02158234383,0.15430910046262736,5.535684526365992,18387.734839862114
VCP -> POA,Maintain current aircraft assignment,19,2576,14.341768089865358,24.42073155011671,140.1610316724172,62507.523990437534,0.19510383344903334,5.897273090030115,18325.160072180784
CNF -> PMW,Maintain current aircraft assignment,21,271,21.011768912588014,48.04468733207406,107.37432463947832,51947.23809507588,0.21087581507892195,5.270015095886781,18283.660542659127
VCP -> JJG,Maintain current aircraft assignment,15,300,18.5934552901135,33.21766455997715,50.53528355984496,27760.66055693325,0.1987230755608411,3.6520978583631662,18229.449432398484
REC -> JDO,Maintain current aircraft assignment,17,352,24.93749247294807,62.52599569481801,54.034241444829675,25591.285871157826,0.22968744057263268,3.349338895152832,18114.865400041683
VIX -> REC,Maintain current aircraft assignment,23,538,0.9261499004707466,8.076923076923077,144.0121032526723,65596.06187178053,,5.106309400176136,17806.527871338312
SLZ -> VCP,Maintain current aircraft assignment,23,493,16.124499874725068,24.555103289096117,145.98766291685334,66843.6417760137,0.2327180961151678,5.125379496981971,17768.72312364655
THE -> VCP,Maintain current aircraft assignment,23,499,16.59527816051792,23.28389843019894,152.9838597447501,66585.1434199309,0.22599822882210574,5.181095212972989,17668.178458638045
RAO -> CNF,Maintain current aircraft assignment,15,639,15.253444413508726,23.323149001523383,58.49249540638765,21642.232887024635,0.18473652895814474,2.8797076022846806,17650.099698181744
VCP -> JTC,Maintain current aircraft assignment,23,944,20.502728218285476,53.12331282257262,44.51936861376793,20621.90785291364,0.20147396071132997,3.261567161019771,17602.177159162216
GIG -> CNF,Maintain current aircraft assignment,22,1622,18.03489822681925,34.3398908001453,99.35894575876833,44788.654019950176,0.2051282069348849,6.783987158833935,17589.810704719785
FOR -> CNF,Maintain current aircraft assignment,23,748,16.351564883031518,34.106962142368914,152.51203677087705,67111.15728955086,0.2082746273585812,5.285817857963951,17535.352422699638
MVD -> REC,Maintain current aircraft assignment,22,141,5.686476206882862,14.195715833504256,120.74242424242425,62520.377471139975,,4.104879846594235,17417.952168784268
PLU -> VCP,Maintain current aircraft assignment,21,62,18.61956470110705,68.57513297031085,0.0,25901.373809523808,0.15084878831173879,4.075764090182761,17292.615587623197
CNF -> CGB,Current seasonal downgauge appears effective,3,48,12.943055698878199,12.943055698878199,108.42026029526029,53608.716686091684,0.21571759498130336,5.0859926992697275,17170.62361646832
JPA -> VCP,Maintain current aircraft assignment,23,551,19.47126356464078,62.47522774188074,156.4851257409313,68116.59095699372,0.2192840987283153,5.329218081516527,16968.511517716415
VCP -> BPS,Maintain current aircraft assignment,20,834,20.05122833547453,50.99341973670646,144.20742822698637,64265.8701809681,0.1877281667829455,5.22123388052444,16902.314751150465
MCZ -> CNF,Maintain current aircraft assignment,21,947,16.821042561554396,31.092927820627807,146.9637199807825,62972.78849805697,0.19578721444500585,5.270532406811126,16837.98961502893
SLZ -> CNF,Maintain current aircraft assignment,23,514,14.273967835470108,24.171293218296952,150.6822308512396,66489.5177998824,0.1776644119591585,5.161542482498884,16534.932819353304
OPS -> VCP,Maintain current aircraft assignment,23,464,13.03750124598569,24.65982619945423,147.55049810678764,64875.21705177488,0.18877488110201493,5.148103085671486,16479.228190531732
PPB -> VCP,Maintain current aircraft assignment,22,1113,24.299130892644225,43.91723655107332,71.72648240867578,32048.956236576792,0.19934524686571475,4.69987798181421,16443.464009200896
VCP -> IGU,Maintain current aircraft assignment,22,961,14.69181250984729,24.741371745070786,144.06425502314266,61102.17107160623,0.2006319115323856,6.033260326535569,16409.374748207705
PMW -> CNF,Maintain current aircraft assignment,22,342,17.89554783381631,33.36770322297915,108.73989241369526,50144.495038320194,0.20634741561703585,5.158356836557256,16367.9667663409
JDO -> REC,Maintain current aircraft assignment,15,276,31.716580735056958,76.0566599591798,51.35154354301093,27601.58221099196,0.2544531045828213,3.9460776104907462,16352.177519109326
VCP -> VIX,Maintain current aircraft assignment,23,1772,6.970480084995917,13.947446409843426,138.4692374253143,62726.7012796739,0.06792752563414256,5.53793947606729,16033.021830962665
CNF -> CGH,Maintain current aircraft assignment,23,3028,20.035206420038286,35.18119309143196,108.85719102697992,47935.618548049875,0.20743583927315368,6.417952188687231,15892.306855476667
JTC -> VCP,Maintain current aircraft assignment,23,955,22.266415009124383,51.73781231852522,46.17532507455911,20484.21693429727,0.2041772138557622,3.1451652529627596,15496.915859148548
CNF -> POA,Maintain current aircraft assignment,19,572,18.308067017006454,36.40751660224867,148.44486629892955,65882.35646058044,0.23218517396552632,5.61497417284302,15475.737522592684
REC -> MCZ,Maintain current aircraft assignment,23,1981,17.69681083946421,35.8558488037815,55.26891129023291,21226.42223728169,0.16888262062527387,3.3049214106633023,14956.043369632527
VCP -> JPA,Maintain current aircraft assignment,23,562,18.01154449094659,54.79847719740092,152.86170458253977,66672.106475486,0.20316302575378345,4.858735824631849,14735.664927476853
CNF -> PMW,High-priority E1 -> E2 candidate,1,18,34.96829448499586,34.96829448499586,115.83333333333333,56776.055555555555,0.21087581507892195,5.7815803321957615,14580.911378040875
REC -> VIX,Maintain current aircraft assignment,23,523,1.6539310441476662,13.125,137.1824226256835,67199.10058104327,,5.48131464733629,14312.01337262819
VCP -> BPS,Current seasonal downgauge appears effective,3,55,11.263690006976729,11.263690006976729,128.15944444444446,56014.551111111105,0.1877281667829455,4.820066022314112,14033.037943337085
VCP -> CMG,Maintain current aircraft assignment,22,178,18.37950560398798,74.55582887176168,97.18097319347318,48754.82393502961,0.1658613774371275,5.523307654163678,13786.339531747759
ARU -> VCP,Maintain current aircraft assignment,23,721,8.442917626809539,27.758620689655174,56.20564074437961,20907.9622660343,,2.906041713635888,13743.413207686976
THE -> CNF,Maintain current aircraft assignment,21,371,17.960551992227625,29.454274359336907,136.85794527912174,61983.57201251339,0.1896733302574218,5.027050670451187,13616.118692690517
CNF -> RAO,Maintain current aircraft assignment,17,655,3.0525437150637487,11.731017185794801,57.88148633508121,21891.293668023885,,3.023782347743137,13486.290763030207
CNF -> CNF,Maintain current aircraft assignment,12,24,31.56169703192811,81.33562156886487,0.8152777777777778,31201.583333333332,0.2866913645510097,4.414477761542819,13406.012456551402
MCZ -> REC,Maintain current aircraft assignment,23,1967,20.426882640819077,38.20991227067758,59.80362526104925,21022.605559898544,0.22423024516169948,3.303964699354136,13194.992943155128
VCP -> ROO,Maintain current aircraft assignment,23,227,20.81523765157194,46.05725657394914,88.92404787241745,48079.89624843756,0.184287609565819,5.290343461921891,13090.569254730071
VCP -> GYN,Maintain current aircraft assignment,23,2108,15.05496633428117,28.365817462683143,140.09137149349948,61505.299097776566,0.20966869558005177,5.847584816940349,13065.133091603002
VCP -> CXJ,Maintain current aircraft assignment,22,451,2.103336637127447,11.581527454692983,141.9421777366244,65421.35632456105,,6.217896478737436,12772.77323117725
CNF -> CPV,Maintain current aircraft assignment,20,152,37.89108080391928,143.12116837591438,103.93015151515151,58275.942142857144,0.22819915769704932,4.555195256990009,12424.950938165457
CNF -> CUR,Maintain current aircraft assignment,21,194,4.759039172075338,35.0,154.5260770975057,75565.22798088155,,5.050024724414495,12420.210282232625
VCP -> PMW,Maintain current aircraft assignment,22,429,14.666678825514232,24.878020351155484,132.98017910501926,64299.239661703774,0.19409130067517946,5.265697573620036,12270.639017826095
CNF -> CKS,Maintain current aircraft assignment,23,563,14.64119364949377,19.01299042890468,141.906658365736,66906.2908320187,0.2140337925641341,5.199588414127832,12248.192542394972
MCZ -> CNF,Current seasonal downgauge appears effective,2,51,11.747232866700353,11.747232866700353,126.11093603915745,57085.65987460815,0.19578721444500588,4.852163369632045,12086.667116501772
CXJ -> VCP,Maintain current aircraft assignment,22,450,3.025620708344796,10.313843860899324,138.963157722129,63899.726060427056,,5.638814505706259,12041.921550084615
CNF -> SJP,Maintain current aircraft assignment,16,636,4.34701297370491,11.74033653130189,55.69642344440872,21917.977237461277,,2.9560084429906563,12021.98009302541
IOS -> CNF,Maintain current aircraft assignment,22,733,14.819704321942735,23.24810256312164,117.95989514995541,48578.1117204814,0.18548342929514353,4.872769945524076,11911.368871147311
VCP -> LDB,E1 -> E2 review candidate,1,71,56.41691128792463,56.41691128792463,91.97183098591549,40737.83098591549,0.16747818816830423,6.545913983660437,11531.33472576539
REC -> MAO,Maintain current aircraft assignment,23,538,2.387841355322513,10.208333333333334,181.72255723389517,84940.45402062201,,6.069465272109855,11451.793614975515
SJP -> CNF,Maintain current aircraft assignment,16,652,5.571373813261193,13.604872023993934,52.62793005279661,20919.576932508797,,2.7501195252543136,11360.474841164803
VCP -> PMG,Maintain current aircraft assignment,23,245,16.15077311847394,43.20891142999403,89.3808541699846,44370.40149102105,0.17150130548471285,5.924302155819568,11352.330014921057
BPS -> CNF,Maintain current aircraft assignment,23,1819,15.441209996696152,28.242865349389234,132.24836117578002,55939.1309391368,0.1790477558231539,5.766449862348461,11241.862049891142
VCP -> THE,Maintain current aircraft assignment,23,506,15.541037738629882,25.376189183554533,154.57010738527316,68734.28198340004,0.20785042859578576,5.047783348347793,10578.619878214939
VCP -> PFB,Maintain current aircraft assignment,23,509,3.1257363817262664,14.697597868563829,138.39766302303428,63745.64541551018,,6.167578098687022,10472.45766016414
CMG -> VCP,Maintain current aircraft assignment,9,108,17.31039903885933,24.697671996594863,101.36442187986306,50567.53477527374,0.2148972880438919,4.310299582568159,10404.55063568829
LDB -> VCP,E1 -> E2 review candidate,1,73,57.27404854037305,57.27404854037305,88.28767123287672,41679.61643835616,0.17145398560644756,6.203186813058825,10116.763184986414
MCZ -> VCP,Maintain current aircraft assignment,23,1066,19.29292247783738,51.27078164937994,153.61061247845188,67366.49165534035,0.1984111961034127,5.358016016337599,9634.671393268294
AFL -> VCP,Maintain current aircraft assignment,9,88,14.440461827188349,22.19302022586473,108.83984287317621,52420.54496028662,0.19046697015511974,4.271857582603202,9621.43937511521
VCP -> VCP,High-priority larger-aircraft review,3,22,61.78804772986974,84.40745019409373,0.32857142857142857,44946.828571428574,0.1592554728494615,5.056851380613658,9522.395131592271
CNF -> FLN,High-priority larger-aircraft review,1,34,30.8587137386748,30.8587137386748,128.41176470588235,59542.32352941176,0.21561126640470613,5.194010270420369,9470.731207380735
REC -> SJP,Maintain current aircraft assignment,23,202,2.334334895644533,10.5,149.5895408938887,67716.76297784342,,5.262676369570404,9434.520338261194
BYO -> VCP,Maintain current aircraft assignment,23,253,16.46749697527944,45.79431640235865,102.7226645335341,46502.191178869434,0.2109347834095216,4.921272764755564,9274.731770038137
REC -> JPA,Maintain current aircraft assignment,23,1093,29.93778609454705,61.77329299915313,53.392635108143494,20984.798242680743,0.4038079702280157,3.495090002221576,9250.37090234098
CNF -> CFB,High-priority E1 -> E2 candidate,1,36,90.57724263457901,90.57724263457901,91.25,43298.694444444445,0.17341022884737725,6.467808225001456,9216.400513543567
JJD -> CNF,Maintain current aircraft assignment,11,90,18.443325003799963,30.88170609411509,129.04144945963128,57011.673443223444,0.2234831974795689,4.569530296574522,9094.252867957412
GYN -> VCP,Maintain current aircraft assignment,23,2225,13.720153066794158,24.715026151374907,136.7287154687924,60607.65500510305,0.18635830682140653,5.723551029380644,8891.199043553073
NAT -> CNF,Maintain current aircraft assignment,23,785,17.125038835401796,33.39890455389278,153.1745904604031,66110.59958560378,0.2053560640512098,5.236733638154548,8666.344943386624
PMG -> VCP,Maintain current aircraft assignment,22,257,18.342651541583894,41.34113703742712,87.29638135433589,42019.57733251597,0.21174622335105805,5.064788692223569,8551.872964505745
SJP -> REC,Maintain current aircraft assignment,23,201,4.742203698199636,15.576088828715381,157.00628019323673,65600.15185237468,,4.793776155039161,8484.895361135672
JPA -> REC,Maintain current aircraft assignment,23,1101,4.7230925754312105,35.7,62.14117562918059,21045.89039618879,,3.8763208470667654,8347.513832478755
GIG -> VCP,Current seasonal upgauge appears effective,1,86,27.113237873491606,27.113237873491606,115.4186046511628,50785.56976744186,0.19687432873026478,6.11562049184344,8212.90597787501
VCP -> VCP,Strong review for larger aircraft,3,20,79.73847855411786,84.83005364569296,0.7619047619047619,29323.579365079368,0.1592554728494615,4.142414281755517,8211.643582252747
UDI -> REC,Maintain current aircraft assignment,23,145,8.80654418410966,35.0,140.6304347826087,64629.39378097747,,4.792213992835285,7929.739067166568
MAO -> REC,Maintain current aircraft assignment,23,554,2.5349934699766266,15.4,194.31817445947715,79978.26982174453,,5.772589868322043,7916.8694697957435
IGU -> CNF,Maintain current aircraft assignment,23,94,22.817885687381448,77.3100202292598,136.5546772068511,53326.51947738253,0.22786617652700975,4.606442063185969,7898.947498674771
CNF -> AJU,Current seasonal downgauge appears effective,3,23,13.372219828375336,13.372219828375336,129.66666666666666,55603.41798941799,0.22287033047292226,4.8601812980923365,7795.297310139139
VCP -> VCP,Maintain current aircraft assignment,11,59,58.02173353732269,123.97620796582439,0.43349787467434525,38133.08634992459,0.1592554728494615,4.955964396393823,7754.149740208005
BRA -> CNF,Maintain current aircraft assignment,23,621,5.733020734115077,24.23076923076923,52.37501959323193,21226.66947368393,,2.671513583776792,7704.301445533413
VCP -> BYO,Maintain current aircraft assignment,14,55,17.274472682144992,39.876421039715346,97.59268707482993,49736.029761904756,0.19411899485231796,5.554330089671647,7605.14343293315
PHB -> CNF,Maintain current aircraft assignment,15,93,6.636903180960588,46.666666666666664,153.0,64352.98952380953,,5.037817218971802,7471.036086336953
VCP -> BRC,Maintain current aircraft assignment,6,59,19.26478595242317,56.875,151.0,73996.40116959064,,5.721618622200605,7400.566107578744
REC -> UDI,Maintain current aircraft assignment,23,142,7.5473106070067555,41.57645567131284,144.7391304347826,69554.00332903811,,5.461686273199382,7169.01368452454
RAO -> REC,Maintain current aircraft assignment,23,199,6.314106156038415,15.630822480481093,146.6612182503487,64190.41015771668,,4.704404517113018,7032.744354740332
BRC -> VCP,Maintain current aircraft assignment,5,54,4.446501734876443,12.568800128445163,147.35714285714283,70727.5761167625,,4.681569277675062,7026.005338778084
PFB -> VCP,Maintain current aircraft assignment,23,494,2.2982280279683462,8.462386835222539,145.66607211759717,62323.11939488633,,5.593981061584127,6985.824477060056
IZA -> VCP,Maintain current aircraft assignment,23,651,4.489387426715391,18.75,56.25082192778301,21099.476742488892,,2.963440128319216,6822.398543174377
REC -> REC,Maintain current aircraft assignment,20,47,41.53080814625005,110.94150860466412,0.0,32894.161190476196,0.39069181007773535,4.556862922533149,6801.925466846729
CNF -> STM,Maintain current aircraft assignment,4,26,18.739656991454183,25.728316178839435,86.80902777777777,60495.725694444445,0.2392643606327251,4.45642335455092,6463.347765569701
VCP -> PLU,Maintain current aircraft assignment,16,39,27.73694839148891,82.67488364633074,0.0,26480.765625,0.2112480607721791,4.193948589747327,6430.832168914654
CFB -> CNF,High-priority E1 -> E2 candidate,1,36,115.31223460402877,115.31223460402877,111.69444444444444,43905.583333333336,0.10616706267824574,6.996467107096192,6409.70828310251
UDI -> VCP,Current seasonal downgauge appears effective,1,33,10.736833893944253,10.736833893944253,66.81818181818181,27097.484848484848,0.17894723156573755,3.5242076759025585,6317.338684207492
VCP -> AFL,Maintain current aircraft assignment,9,60,15.846670436565752,23.83649635843247,108.45679012345678,55639.58664021164,0.22838000922643842,4.613221862400962,6248.382948264622
UBA -> CNF,Maintain current aircraft assignment,23,633,6.338802337378897,29.4,49.64077255332051,20951.23513107336,,2.8328816873316764,6221.442215652821
CNF -> IOS,Current seasonal downgauge appears effective,4,31,12.08618680762728,12.08618680762728,72.20833333333333,29497.0,0.201436446793788,3.1990516492837324,6202.173425025525
CNF -> JPA,Current seasonal downgauge appears effective,3,21,11.082617849956193,11.082617849956193,125.01587301587301,55525.871212121216,0.1847102974992699,4.4515023894460795,6195.173987869715
JPR -> VCP,Maintain current aircraft assignment,9,62,15.764635782564486,22.46457058338114,119.24867724867724,53871.59678130512,0.20336554053798947,4.107590949842685,6147.073385715672
CNF -> UBA,Maintain current aircraft assignment,23,549,2.2365950941584725,11.200000000000001,58.03800547278808,21657.489370352316,,2.986471490657428,6144.035264782775
REC -> IGU,Maintain current aircraft assignment,5,22,21.201042515479898,58.91971759075284,141.1,65269.28928571429,,4.954371746692407,6037.671665849505
VCP -> VCP,Review larger aircraft,2,10,53.24763606327538,64.43994375558307,0.6,34245.100000000006,0.1592554728494615,4.439482127238744,5934.563947863844
CNF -> BRA,Maintain current aircraft assignment,23,613,4.8442250319369915,22.037037037037038,50.759186181901846,22206.534105172326,,2.7539729741755696,5916.65579920955
CNF -> IGU,Maintain current aircraft assignment,21,49,24.725346439952588,100.09947901180107,127.94331065759637,53569.63106575964,0.19070433744208698,5.178418431361138,5788.328881847957
CWB -> REC,Maintain current aircraft assignment,7,37,22.75261818772842,64.46416925241522,126.1185064935065,60099.831168831166,,4.26297954563199,5720.418143905793
CNF -> MCZ,Current seasonal downgauge appears effective,2,48,13.153177057906703,13.153177057906703,132.13286713286715,56742.08391608392,0.21921961763177839,4.712744564448457,5570.342182107401
VCP -> QNS,Maintain current aircraft assignment,4,288,19.517577614966896,26.14951514010334,114.50882463387157,67701.59986459554,0.18995748374001434,6.191445251488388,5544.613373845006
VDC -> CNF,Current seasonal downgauge appears effective,2,25,10.793972291700896,10.793972291700896,60.078125,25565.572916666664,0.17989953819501495,3.2525334240187127,5523.771297227886
VCP -> JPR,Maintain current aircraft assignment,9,44,15.633193192336714,26.52519307462218,117.19999999999999,57249.710582010586,0.1908758964718076,4.578146149646736,5499.63807327995
REC -> GRU,Maintain current aircraft assignment,23,3190,3.064261722427956,8.369565217391305,174.7874085352205,77832.67357183683,,6.0724593050051485,5396.633753866767
VCP -> RVD,Maintain current aircraft assignment,15,387,4.279738017215296,28.0,43.0,21040.226614874908,,2.7718114758242507,5270.587911414504
BPS -> VCP,Current seasonal downgauge appears effective,2,43,10.909631393284776,10.909631393284776,128.2909337944664,53326.309782608696,0.1818271898880796,4.993297228528367,5178.351465299333
VCP -> IZA,Maintain current aircraft assignment,23,655,4.298994781115263,18.761258863914634,59.953205108727865,21817.925524790142,,2.813389866689343,5156.260442254206
CNF -> JJD,Maintain current aircraft assignment,17,111,25.483706235980442,122.11705501173566,143.67347848230202,65864.44159027247,0.16410652652130164,4.94051607205881,5103.401327829372
VCP -> CGH,E1 -> E2 review candidate,4,21,1318.3316318760105,4635.976821085577,5.918269230769231,37370.35833333333,0.37723916913064326,8.293618765643975,4975.1727857576325
VCP -> RIA,Maintain current aircraft assignment,16,187,7.927546460984355,51.998320959620955,56.0,22476.412334520057,,2.8846787073187885,4919.520180738955
VCP -> VCP,High-priority E1 -> E2 candidate,1,6,115.71824470759302,115.71824470759302,0.0,47644.833333333336,0.1592554728494615,7.329417137776723,4876.728157248061
BVB -> VCP,Maintain current aircraft assignment,15,49,7.19432151076732,46.96408206878792,167.0,71617.21015873016,,5.079278879934027,4873.627315500663
CNF -> AJU,Maintain current aircraft assignment,20,359,23.48740297082072,46.54278810297656,145.65130365118324,64748.00972651485,0.22287033047292226,5.21924402808321,4841.931803280791
VCP -> MII,Maintain current aircraft assignment,23,632,7.562530539482238,35.24860089490073,40.097149090775716,20118.049183208295,,3.0332874206052365,4683.452849004148
CNF -> VCP,Current seasonal downgauge appears effective,1,25,12.11160270520615,12.11160270520615,99.8,50934.72,0.2018600450867692,5.973637812779304,4682.28918387818
AJU -> CNF,Current seasonal downgauge appears effective,3,48,11.645778674851163,11.645778674851162,127.20833333333333,53116.645833333336,0.19409631124751936,4.788803135938088,4648.065027130738
CAW -> VCP,Maintain current aircraft assignment,15,339,3.66881494367111,14.583333333333334,29.589632072682782,19574.651520880347,,2.7788541472457635,4630.625067730231
GVR -> CNF,Maintain current aircraft assignment,23,1269,4.194880929700639,15.655435506920915,53.99341824892864,20295.39624440306,,3.1392950600191405,4512.6061944502535
CNF -> MCZ,Maintain current aircraft assignment,21,848,16.714770662482245,34.012042373553484,149.21592951323757,63267.70704385827,0.21921961763177839,4.947921414302662,4489.345903860906
VCP -> EEA,Maintain current aircraft assignment,15,225,4.033327470566894,14.0,35.0,21250.616442102786,,2.852834999329938,4452.119480042945
STM -> CNF,Maintain current aircraft assignment,4,29,18.362137662090266,26.450814112663377,121.79861111111111,58637.384722222225,0.21983433576948305,4.516692525941416,4153.3850446026045
IGU -> REC,Maintain current aircraft assignment,5,25,8.570486029928736,28.44978712514661,150.6,64921.6,,4.472451004647244,4116.270101903946
CNF -> GNM,Maintain current aircraft assignment,23,491,2.789625239286681,11.382790191104085,51.82775279027153,21420.319744018383,,2.75903424811294,4096.520146461505
UBA -> VCP,Maintain current aircraft assignment,14,280,3.640266913390977,14.672735739595396,46.00873126873127,20749.43290582021,,2.95079180097899,3937.0210405496846
IPN -> CNF,Maintain current aircraft assignment,23,1959,1.7125180188470908,7.378383022913261,49.52487398116424,20002.00522052003,,3.266055950943065,3858.1190327208096
RIA -> VCP,Maintain current aircraft assignment,16,191,8.236946358586739,51.845194755902625,59.52705033936652,22005.662228305322,,2.657035656146446,3816.6234838465643
VCP -> PET,Maintain current aircraft assignment,16,131,12.333408694391439,65.0,97.0,46647.77822936867,,6.117791798262235,3784.329648047434
GNM -> CNF,Maintain current aircraft assignment,23,491,2.3896082199410595,13.27944187655179,50.922061191626405,20622.13501470627,,2.7365832638923893,3739.545638538851
REC -> FLN,Maintain current aircraft assignment,5,28,25.99886841127463,70.0,128.05666666666667,58661.04666666667,,4.503352197972139,3641.7626183536786
PET -> VCP,Maintain current aircraft assignment,16,127,14.020385216065657,67.6640226942191,109.0,44898.857854220885,,5.486049433991415,3508.8313021092
CNF -> GVR,Maintain current aircraft assignment,23,1276,3.780190926205673,13.767823082461048,53.77845976623131,20671.988584116123,,3.080472024535379,3473.8510732790337
CPV -> REC,Maintain current aircraft assignment,23,987,17.75048708348405,32.42918177484976,46.820727221268875,20309.979624160675,0.22513742638455853,3.4750648665957304,3460.5199552475865
PLU -> CNF,Maintain current aircraft assignment,17,37,28.251741762169416,50.603092054649046,0.0,23632.70588235294,0.2600515342441508,5.224509782286522,3419.742499758328
VCP -> TJL,Maintain current aircraft assignment,15,257,2.394370538365559,9.865134991432921,47.0,20954.279933458354,,2.8666246812951433,3391.6646518544394
VCP -> BVH,Maintain current aircraft assignment,9,43,16.043753866822044,21.78397405503927,118.0,56759.72777777778,0.22420302529954345,4.581071148837092,3378.0011993516273
REC -> ASU,Maintain current aircraft assignment,5,14,21.31552657007704,70.0,114.0,57728.88333333334,,4.4252563391306765,3363.1210517695313
BVH -> VCP,Maintain current aircraft assignment,9,57,12.377843249788212,16.658976180302428,117.82539682539681,53988.423941798945,0.1837594748292995,4.140548907847324,3304.799293111995
REC -> RAO,Maintain current aircraft assignment,23,204,5.017813456398377,15.88884693051539,149.21159420289857,70163.00855328247,,5.472456831046522,3244.540423075992
REC -> CPV,Maintain current aircraft assignment,23,998,5.098631432003154,23.902439024390247,48.08224043008712,20307.59013187243,,3.19464139996712,3224.229670503642
FLN -> REC,Maintain current aircraft assignment,5,25,19.864829007654397,64.27075158514576,126.36363636363635,55997.85454545454,,3.961848350670646,3128.1875400982835
RVD -> VCP,Maintain current aircraft assignment,15,385,4.249830081972855,29.4,46.0,20420.048156597026,,2.631919450499733,3126.7760626093063
CNF -> IPN,Maintain current aircraft assignment,23,1985,2.0959682125879993,8.99018784228043,53.215329876920485,20448.312252620457,,3.2146633464299557,3117.1655126165588
MII -> VCP,Maintain current aircraft assignment,23,608,6.181997099800521,33.736186523795496,43.0,19570.674934815175,,2.860363962186486,3064.4696501227154
CNF -> UNA,Maintain current aircraft assignment,23,76,7.257163819863831,35.0,92.19565217391305,49824.66594202899,,5.757046979334333,3052.544507294239
PTO -> VCP,Maintain current aircraft assignment,15,203,3.1969282268080352,15.632362193282747,51.85,20768.36939051689,,2.625927258660124,3000.1707197088117
QNS -> VCP,Current seasonal downgauge appears effective,1,11,10.813588977181597,10.813588977181597,45.3815092970717,20262.0,0.18022648295302662,2.8063782427463306,2968.3330852214026
CNF -> JPA,Maintain current aircraft assignment,20,398,19.24972035285422,49.76682837627199,152.13764094367872,66214.74763690351,0.1847102974992699,5.003205047809167,2942.29192729936
VCP -> GRU,Maintain current aircraft assignment,14,55,79.19312304434057,353.051544625354,0.8749452861952862,43376.06904761905,0.3251781432370927,7.644301708244934,2785.2932890226957
REC -> CWB,High-priority larger-aircraft review,1,8,64.66213474048686,64.66213474048686,141.75,59632.0,,4.700434813926844,2782.5326250264934
VCP -> OAL,Maintain current aircraft assignment,9,44,4.029230757854457,14.70367228925575,123.0,57646.01084656085,,4.55418251930637,2771.1324571492746
VCP -> PTO,Maintain current aircraft assignment,15,202,4.382376935429718,21.806717127881484,50.891666666666666,21776.545663410663,,2.946202165078885,2730.4392642248
VCP -> UBA,Maintain current aircraft assignment,14,275,3.33297534013187,10.609603882254937,49.91987179487179,20748.394640311693,,2.9795557329471998,2599.7415613620005
CNF -> CFB,Maintain current aircraft assignment,13,188,19.857452957330388,53.71201004403385,60.41506972559604,23312.921776705076,0.17341022884737725,3.1988161999207656,2595.90620890499
MDZ -> VCP,Maintain current aircraft assignment,4,27,12.398418034203676,30.236907832557414,132.0,67652.80833333333,,4.535822048305723,2516.7540644586024
JPA -> CNF,Current seasonal downgauge appears effective,3,36,12.16764005846135,12.167640058461348,131.86630036630035,57031.64102564102,0.20279400097435576,4.675501582499812,2470.4867520359176
OAL -> VCP,Maintain current aircraft assignment,9,52,2.1813700192563283,5.955462146607645,120.06349206349208,54629.176719576724,,4.153893877653228,2449.3949184359612
VCP -> GEL,Maintain current aircraft assignment,11,107,5.077746897871219,21.0,48.0,22491.74891774892,,2.8958225110992033,2447.123987859982
CNF -> AAX,Maintain current aircraft assignment,23,282,3.6356705865265213,26.975484643804254,43.42414933837429,20454.386506775038,,2.980279867064828,2426.607204674644
CNF -> PLU,Maintain current aircraft assignment,21,38,12.390633153519744,49.753830664368664,0.0,20958.119047619046,,5.315899738298035,2425.5570855901065
VCP -> MDZ,Maintain current aircraft assignment,4,27,7.749456163364744,20.191280573435414,131.0,67913.1393939394,,5.661804415057705,2337.762488050106
CFB -> CNF,Maintain current aircraft assignment,13,188,18.6159686429573,83.86304397739806,54.790614534912784,22826.974002099265,0.10616706267824574,3.3039722013766446,2322.643443869092
VCP -> GPB,Maintain current aircraft assignment,15,188,2.4637690172531754,8.547749710190796,42.0,20845.054592422828,,2.8865343482174044,2272.3579666798973
QNS -> VCP,Maintain current aircraft assignment,5,337,16.197607833304243,23.79767680576647,108.2601969979385,62770.56857401422,0.18022648295302662,5.604026926915383,2195.9986680278075
CNF -> EZE,Maintain current aircraft assignment,2,9,2.7706043806936695,5.541208761387339,114.50882463387157,65831.1,,5.619490074253189,2170.3487711371477
BRC -> CNF,Maintain current aircraft assignment,3,15,4.129503060393682,12.388509181181046,135.0,68424.06944444444,,4.359911688172683,2121.454307962934
NVT -> CNF,Maintain current aircraft assignment,6,30,28.96540400989231,54.47323945398689,114.42162698412699,53044.46130952381,0.19191317944870154,4.694060048468451,2107.3135683136315
VCP -> QNS,Current seasonal downgauge appears effective,2,53,11.39744902440086,11.39744902440086,62.72151276970854,37970.9,0.18995748374001434,4.7075309451033105,2033.392061414876
MVD -> VCP,Maintain current aircraft assignment,8,10,87.70263669042379,584.7179487179487,7.208333333333333,53702.75,,4.193999405211258,2030.0001158075384
CNF -> CLV,Maintain current aircraft assignment,16,103,1.2791485502053292,10.105093160517944,60.052083333333336,21556.768601190477,,2.837790476258667,2019.2843086940823
REC -> PNZ,Current seasonal downgauge appears effective,1,21,10.284085162867383,10.284085162867383,68.71428571428571,25156.285714285714,0.17140141938112305,3.0372999653706123,1939.5733736923144
CNF -> BPS,Maintain current aircraft assignment,20,1281,17.623818784196793,33.19214635660928,136.0240521818478,59330.76236768145,0.19244676774263178,5.726764083611352,1923.3048049515214
VCP -> CAW,Maintain current aircraft assignment,15,338,2.4671040206783217,14.722391215487189,29.0,20455.620099048294,,2.654471612666015,1873.80728285405
VCP -> VCP,Review smaller aircraft,3,7,14.592314115735226,17.09015409333784,0.0,53761.88888888888,0.1592554728494615,6.317456304274671,1853.4399609295428
VCP -> ASU,Maintain current aircraft assignment,9,50,9.558554029822123,35.1162581989529,103.55555555555556,53780.624691358025,,4.955625127122058,1847.3470989924544
UNA -> CNF,Maintain current aircraft assignment,21,67,6.496190637242323,23.651328740619583,92.7484126984127,47482.55952380953,,6.07081778799557,1826.138568725789
PNZ -> REC,Current seasonal downgauge appears effective,3,70,13.842927311739645,13.842927311739645,66.36507936507937,22598.129452672933,0.23071545519566075,2.9328368937896143,1807.800362231757
EEA -> VCP,Maintain current aircraft assignment,15,221,5.1626370250748,17.591300764305927,37.0,20279.842348360275,,2.656648251625043,1768.267687889876
CKS -> CNF,Current seasonal downgauge appears effective,1,13,14.599000852764792,14.599000852764792,115.76923076923077,55054.692307692305,0.24331668087941322,4.465568047757067,1737.9672598404086
REC -> NSR,Maintain current aircraft assignment,15,123,5.130731125747952,22.12795492139392,37.0,20897.842614977617,,2.566684812045327,1720.160552237125
CFB -> CNF,High-priority larger-aircraft review,1,29,26.845642241657657,26.845642241657657,51.241379310344826,22848.689655172413,0.10616706267824574,3.1215427741350434,1711.8287558931893
PMW -> REC,Maintain current aircraft assignment,2,15,6.231216749333324,11.666666666666666,119.0,63251.4,,5.0477171350259695,1606.6598551778302
CNF -> THE,Current seasonal downgauge appears effective,2,4,13.444949955468427,13.444949955468427,124.0,56368.83333333333,0.22408249925780713,4.4956244542760375,1597.0860728128544
PDP -> VCP,Maintain current aircraft assignment,5,26,28.8673374958166,77.34664921336385,108.1209090909091,54127.18363636364,0.21968511636499372,4.322306256188569,1547.31494169484
GEL -> VCP,Maintain current aircraft assignment,10,102,4.805991349436832,17.5,52.485416666666666,21787.370476190474,,2.6385795774793017,1534.7282834937569
LEC -> CNF,Maintain current aircraft assignment,14,85,5.792370807095469,23.333333333333332,63.0,21159.95977891156,,2.670053504434263,1519.073942476529
VCP -> PGZ,Maintain current aircraft assignment,15,196,9.651599625984117,28.636363636363637,28.0,19931.285366699576,,2.8889527684514205,1495.7042259077784
CNF -> BRC,Maintain current aircraft assignment,3,16,9.382585389963522,28.0,145.0,74405.36666666667,,5.66761032249178,1413.7313139881032
REC -> PPB,Maintain current aircraft assignment,6,20,0.3655247147281497,1.2835995323995069,145.0,70336.68055555555,,5.481519412569199,1383.9184849676453
PPB -> REC,Maintain current aircraft assignment,6,19,6.117232999532642,23.333333333333332,137.0,63964.65555555556,,4.504175746365099,1328.6250299042285
NSR -> REC,Maintain current aircraft assignment,15,95,16.649672343581532,63.0,44.0,19900.78088023088,,2.648418418436939,1325.4744046579199
REC -> MVF,Maintain current aircraft assignment,15,283,3.28174644688103,16.666666666666664,43.0,21481.987588780525,,2.8673959122700015,1290.431560775198
CLV -> CNF,Maintain current aircraft assignment,16,104,1.5919097017131358,10.0,58.989583333333336,21068.79228670635,,2.7638234654928673,1282.133599108893
MVF -> REC,Maintain current aircraft assignment,15,281,3.1562015254810087,16.666666666666664,50.0,20482.165424976403,,2.946855907188485,1279.4967800700167
VCP -> PPB,Current seasonal downgauge appears effective,1,23,13.43496346113031,13.43496346113031,62.04347826086956,21625.82608695652,0.22391605768550518,3.1809248926756877,1274.7817029061523
MVD -> VCP,Strong review for larger aircraft,2,23,2202.0521693660976,2534.153846153846,113.0,54517.09523809524,,4.209944325172033,1241.3300662537408
CNF -> SSA,Maintain current aircraft assignment,23,1992,15.446092894147599,23.00526151255903,134.38576978754224,61161.42790139338,0.21441575556128403,5.355780887745334,1202.3734715923817
CNF -> CNF,Strong review for larger aircraft,2,6,45.13750083040655,47.57351978775252,1.0833333333333335,25876.0,0.2866913645510097,3.627951070094416,1142.2973291962433
REC -> NVT,Maintain current aircraft assignment,3,14,15.132576374770407,45.336452217375566,121.61111111111113,63057.02777777778,,4.8474587807681395,1128.603252197596
EZE -> CNF,Maintain current aircraft assignment,2,11,2.5481405978592377,5.0962811957184755,114.50882463387157,61729.583333333336,,4.486282338870929,1110.6983935587489
VCP -> BVB,Maintain current aircraft assignment,16,49,7.665178935661226,46.666666666666664,157.0,74258.89925595238,,5.210396356366031,1091.0914343530628
REC -> LDB,Maintain current aircraft assignment,2,4,9.564459807514654,19.128919615029307,121.0,65966.33333333334,,5.108382278131051,1043.6428561714902
VIX -> VCP,Maintain current aircraft assignment,23,1809,8.116533960773856,15.209365560358211,128.80014428598778,60800.94002428765,0.08079658285929711,6.119120299022208,1036.0812046779606
PNZ -> VCP,Current seasonal downgauge appears effective,1,5,15.664288771136134,15.664288771136134,107.0,48352.0,0.20536404350607795,5.849366922095802,1025.8075860842162
GRU -> VCP,High-priority larger-aircraft review,2,11,418.9877009073163,682.0151341408988,1.783934294871795,44430.03333333333,0.28020050823744475,8.37720130983285,1022.9544634373968
ASU -> REC,Maintain current aircraft assignment,5,11,11.10665160914569,52.5,108.0,56211.96,,3.76271708381462,1022.3747832601862
AAX -> CNF,Maintain current aircraft assignment,18,137,7.028174009931487,25.0,38.738425925925924,19362.65225869809,,2.7917346368612583,1014.2977533988121
VCP -> UBA,Review smaller aircraft,2,3,21.697539554853616,30.08680204056248,39.5,36186.0,,6.1519955382111435,1004.9760356880452
TJL -> VCP,Maintain current aircraft assignment,15,261,2.622867942454626,12.894736842105262,43.0,19884.28784023682,,2.699542088617059,962.1002510031572
VCP -> UNA,Maintain current aircraft assignment,4,13,6.560468524283786,12.173201346548588,43.64285714285714,54643.0,,4.808738504203575,949.1899719993544
ASU -> VCP,Maintain current aircraft assignment,8,26,6.605172443757778,35.08419323606407,104.0,51544.580357142855,,4.090498161893661,933.4099548609153
NVT -> CNF,Review larger aircraft,1,6,28.716486148285483,28.716486148285483,125.0,49717.0,0.1919131794487015,4.848280177418598,928.3255073107221
GPB -> VCP,Maintain current aircraft assignment,15,190,2.695833016584392,7.5,41.0,19818.78673740203,,2.6278216671561365,888.2558334238839
MVD -> REC,High-priority larger-aircraft review,1,9,19.339371155007793,19.339371155007793,134.0,71371.66666666667,,4.6209214898054745,884.6522664961384
GRU -> VCP,Maintain current aircraft assignment,14,44,154.4112838544854,719.4435432714357,0.6952800671550671,46702.139285714286,0.28020050823744475,8.06896992307409,859.9076496124684
REC -> JTC,Maintain current aircraft assignment,7,16,12.609245639707243,35.0,145.42857142857142,68395.25,,5.253079075530772,859.492750982545
CGB -> CNF,Current seasonal downgauge appears effective,1,15,14.681046646744502,14.681046646744502,110.0,46872.13333333333,0.20262374866475805,5.500010203907125,847.3811651420062
VCP -> CGH,Maintain current aircraft assignment,14,55,236.4201986245309,1623.3709132642093,1.0341866466866467,40263.33409090909,0.37723916913064326,8.082194832522148,846.6142528879226
CNF -> NVT,Maintain current aircraft assignment,7,18,20.41131946358029,38.16199209284395,116.64761904761905,51286.219047619044,0.2147422442440485,5.0181722993946085,842.5788525045348
VCP -> BYO,Strong review for larger aircraft,1,6,33.72729325411448,33.72729325411448,107.16666666666667,51621.833333333336,0.19411899485231796,5.150589260997564,841.8770992174223
CNF -> LEC,Maintain current aircraft assignment,14,85,5.257784679747891,23.333333333333332,51.0,22030.60892857143,,2.7322093187407583,803.6308394747174
RAO -> CNF,Review smaller aircraft,3,19,22.132132694371823,33.08595404882284,35.536904761904765,38765.200000000004,0.18473652895814474,4.533252317676051,797.1821530020922
CNF -> POJ,Maintain current aircraft assignment,21,192,2.5537870738605037,11.15822561461021,47.2967032967033,20928.488414231273,,3.017253935266151,764.2394974691684
FEC -> REC,Maintain current aircraft assignment,6,81,1.3805805109450153,5.1569937556761465,39.05174825174825,19072.909615384615,,2.61513290473053,752.7187525505507
PLU -> CNF,Strong review for larger aircraft,3,11,57.21514999015281,68.60309205464904,0.0,20338.0,0.2600515342441508,4.457675853039782,744.161877032416
PVH -> REC,Maintain current aircraft assignment,2,7,2.583829979098491,5.167659958196982,172.0,71520.79166666666,,5.002566991286322,723.7619205953763
CNF -> GIG,Maintain current aircraft assignment,23,1709,18.84005006185721,38.15055601807936,100.24412700533054,45590.751138779895,0.20551297705365054,6.862371211404284,705.3789247604009
REC -> PLU,Maintain current aircraft assignment,4,4,16.65074648302436,50.80922915988535,0.0,17707.5,,2.4582984596205213,703.7651952616253
NVT -> CNF,Current seasonal downgauge appears effective,1,1,20.641713724699954,20.641713724699954,0.0,38334.0,0.1919131794487015,6.95142378559464,697.3170999633836
CNF -> VIX,Maintain current aircraft assignment,23,1752,17.801834306222162,35.980830401556844,93.90727603901405,44642.12963955757,0.21590394784184722,6.609246984113809,673.8864252287839
CNF -> CFB,Current seasonal upgauge appears effective,1,27,30.88108391127261,30.88108391127261,65.28282828282829,23075.40740740741,0.17341022884737725,2.8624790595513834,670.4995649753963
PMW -> CNF,Current seasonal upgauge appears effective,1,25,40.8915058491233,40.8915058491233,129.44,60282.16,0.20634741561703582,5.400600597921317,667.0688714920313
PGZ -> VCP,Maintain current aircraft assignment,15,195,9.214400621174077,25.768370011504942,30.0,19179.88539783803,,2.717545649523956,587.9430344412831
JDO -> REC,Review smaller aircraft,3,34,31.098988264759583,39.99190534399277,39.31060606060606,36102.23076923077,0.2544531045828213,5.529709137241537,587.3794642258747
CNF -> MAO,Review smaller aircraft,1,1,7.231962334481871,7.231962334481871,112.0,73093.0,0.09081583643109536,5.636725412166003,577.980420745677
VCP -> CXJ,Current seasonal downgauge appears effective,1,14,0.22520543813436072,0.22520543813436072,130.14285714285714,58697.78571428572,,6.3123302892074165,573.6347176095871
REC -> FEC,Maintain current aircraft assignment,6,80,1.338668856032086,5.098906078543832,39.05174825174825,20247.322748779,,2.6401575904142023,569.5939875849688
CGH -> VCP,Maintain current aircraft assignment,19,60,26.65569633847761,43.56050945255565,0.18947368421052632,42172.24385964912,0.28971765994466403,7.614018371571479,555.4421593096395
JDO -> VCP,Current seasonal downgauge appears effective,1,14,12.861260034474697,12.861260034474697,110.11904761904762,54792.07142857143,0.21435433390791162,4.4949488106123905,554.220362144323
REC -> PVH,Maintain current aircraft assignment,3,9,17.66443189652934,52.5,163.0,73192.53333333334,,5.054559252074942,516.9233679177266
CAC -> VCP,Current seasonal upgauge appears effective,1,51,25.403951263760405,25.403951263760405,115.84313725490196,50955.313725490196,0.21088680222073009,4.673401816298132,516.8611339226738
POJ -> CNF,Maintain current aircraft assignment,15,191,4.041802710200821,11.72719963257964,49.87685185185185,20127.228680578683,,2.9137597739946606,514.4053589222879
REC -> PAV,Maintain current aircraft assignment,6,59,2.6326745519774737,8.011703440841641,39.05174825174825,19928.219444444443,,2.72199894064123,501.4882995076655
IZA -> CNF,Maintain current aircraft assignment,7,113,4.591459419130485,16.333333333333332,39.05174825174826,19787.561188811185,,3.069858140968296,455.21195327755566
CGR -> REC,Maintain current aircraft assignment,2,10,0.04987895383794191,0.09975790767588381,136.0,67513.3,,4.806290269656682,428.8530564759967
CNF -> IZA,Maintain current aircraft assignment,7,114,4.482112170507877,16.333333333333332,39.05174825174826,20207.82041708292,,2.940859919745595,406.77731055539937
JTC -> REC,Maintain current aircraft assignment,7,19,7.153305247554299,24.30861595314025,123.14285714285714,60936.485714285714,,4.4579047787933535,397.2485663062668
CNF -> VDC,Current seasonal downgauge appears effective,1,13,12.301808768154924,12.301808768154924,59.0,22129.384615384617,0.2050301461359154,2.871256929526716,379.3257230367341
THE -> CNF,Current seasonal downgauge appears effective,2,19,11.380399815445308,11.380399815445308,121.0909090909091,55482.65340909091,0.1896733302574218,4.477600337425002,360.111215891258
VCP -> MVD,Strong review for larger aircraft,1,12,868.4215619605588,868.4215619605588,113.0,54309.75,,4.67256107447441,356.0512373109025
VCP -> PDP,Maintain current aircraft assignment,4,14,31.208533508950396,62.48100830595425,74.0,53265.99107142857,0.2626888909886213,4.713528557925715,352.2278041921353
BPS -> REC,Maintain current aircraft assignment,3,3,1.277241173557605,3.8317235206728153,162.0,49972.0,,4.913766841916872,311.194482758621
SOD -> VCP,Maintain current aircraft assignment,5,8,37.50397638074572,84.23406171692346,88.17016599499524,39678.5,0.23723436194872444,6.936902753626271,298.08393604679884
REC -> JDO,Review smaller aircraft,4,45,36.00304104707352,40.34784161341215,45.208333333333336,43455.84526515152,0.22968744057263268,6.024888609960316,297.0202692313108
JDO -> REC,Review larger aircraft,3,80,33.05230341308488,35.50844376396207,61.0,20978.643880070547,0.2544531045828213,2.8487314777300567,292.54889689981894
REC -> CGR,Maintain current aircraft assignment,2,12,5.86309160115409,11.72618320230818,161.0,70714.875,,5.332198815652248,268.47569016717307
REC -> FLN,Review larger aircraft,1,5,12.872801903581385,12.872801903581385,135.0,57202.8,,4.551446810661542,266.910291706197
CNF -> JJD,Current seasonal downgauge appears effective,2,3,9.846391591278099,9.846391591278099,122.0,57003.25,0.16410652652130164,4.235909401864712,243.88581881823086
PAV -> REC,Maintain current aircraft assignment,6,60,2.538350977238428,7.856953705249379,39.05174825174825,19740.920105820103,,2.8256931553098528,225.03665894104648
REC -> CWB,Maintain current aircraft assignment,6,27,33.253860122766135,104.04381563190884,134.48484848484847,59083.340404040406,,4.561527254492975,224.86327336164558
REC -> PMW,Maintain current aircraft assignment,2,13,7.192156886390852,14.384313772781704,152.0,66288.08333333334,,5.245480828967745,216.0290373389825
CAU -> REC,Maintain current aircraft assignment,7,29,15.602415708058444,58.333333333333336,10.0,17560.916666666668,,3.2551992175688236,214.4312373732731
NVT -> REC,Maintain current aircraft assignment,2,12,6.76909965138602,12.48016441718101,106.5,58974.25,,4.116221450649128,191.66372129018666
PLU -> CNF,High-priority E1 -> E2 candidate,1,3,44.76883919327894,44.76883919327894,0.0,29250.0,0.2600515342441508,6.907497745210691,134.39372666249272
UNA -> VCP,Maintain current aircraft assignment,4,11,2.078721278460546,6.987735518009934,84.85833333333333,55729.958333333336,,5.473308302000988,122.96978514539138
CLV -> VCP,Maintain current aircraft assignment,2,3,0.2699553162231748,0.5399106324463496,9.0,39419.0,,5.934112384681319,115.43198300944688
CNF -> CNF,Review smaller aircraft,3,3,27.29123057885221,37.251391108248356,0.3333333333333333,52801.333333333336,0.2866913645510097,6.513122870162108,101.37430990062573
VCP -> SOD,Maintain current aircraft assignment,3,4,12.76848701132758,38.30546103398274,94.30076542098153,40442.0,,6.3052135094079915,95.71218702095031
CNF -> MVD,Maintain current aircraft assignment,2,2,0.16405856295182786,0.3281171259036557,114.50882463387157,56109.5,,5.122851781574112,95.05463503967938
REC -> CAU,Maintain current aircraft assignment,7,29,15.067201378688711,58.333333333333336,5.0,17260.23214285714,,3.185987120542634,89.59371077561315
JTC -> CNF,Maintain current aircraft assignment,3,3,20.952223917664835,40.0,0.5,23098.0,,3.499460169031313,88.23596938775499
GEL -> VCP,Current seasonal downgauge appears effective,1,4,0.511847234590944,0.511847234590944,44.25,19940.75,,2.6999628804049354,86.9918115713109
TEC -> VCP,Maintain current aircraft assignment,2,4,7.541919534243716,15.083839068487432,16.0,17290.25,,2.681350319760787,70.82144287430631
VCP -> TEC,Maintain current aircraft assignment,2,4,4.704903982348612,8.514981231814849,16.5,18176.5,,2.7563560887090297,67.0614379084969
VCP -> CLV,Maintain current aircraft assignment,2,9,10.724368406148796,19.993523596679005,112.89285714285714,44140.92857142857,,6.076277273556065,63.43690152221655
VCP -> MVD,Maintain current aircraft assignment,5,12,153.62265761688806,763.4215619605588,26.53333333333333,55438.53333333334,,4.726034312204129,58.136076127584595
VCP -> IOS,Current seasonal downgauge appears effective,1,14,12.318815863836473,12.318815863836473,122.42857142857143,55856.142857142855,0.2053135977306079,4.380131576243646,29.978644048213713
AQA -> VCP,Maintain current aircraft assignment,1,12,0.0,0.0,39.05174825174825,17430.583333333332,,3.0007575120602783,28.0625943899451
CNF -> JTC,Maintain current aircraft assignment,3,3,5.4211018701417295,16.26330561042519,0.0,24852.333333333332,,3.240571585606508,27.30028328611893
VCP -> GRU,Current seasonal downgauge appears effective,2,5,20.476981210325153,21.11692790952833,0.16666666666666666,37742.08333333333,0.3251781432370927,8.442213739092576,21.769768461586576
GRU -> VCP,Current seasonal downgauge appears effective,1,2,18.050805340531085,18.050805340531085,0.0,41850.5,0.28020050823744475,8.508219269994633,19.141886773277847
SDU -> VCP,Current seasonal upgauge appears effective,1,201,29.99113339818021,29.99113339818021,108.55721393034825,49322.60199004975,0.18961071545767644,5.810943957233876,17.341486433569546
MOC -> VCP,Maintain current aircraft assignment,3,3,0.060836984822505706,0.1825109544675171,0.0,16507.666666666668,,2.4135691274118227,9.775510204081606
GRU -> VCP,Strong review for larger aircraft,2,12,651.1650517384938,826.9414786369158,3.3286725427350428,44519.25,0.28020050823744475,7.295371143971732,0.0
GRU -> VCP,Review larger aircraft,1,4,183.24732696860565,183.24732696860565,1.0078125,40638.5,0.28020050823744475,7.017024314416236,0.0
CLV -> VCP,Strong review for larger aircraft,1,7,129.811672366921,129.811672366921,18.071428571428573,44483.142857142855,,5.75705503691504,0.0
LDB -> REC,Maintain current aircraft assignment,3,5,23.524176875163437,70.57253062549032,97.0,48708.777777777774,,3.770513848439634,0.0
CNF -> PMW,Current seasonal upgauge appears effective,1,24,55.75513588458021,55.75513588458021,127.45833333333333,63515.791666666664,0.21087581507892195,5.438601307914596,0.0
VCP -> GRU,Strong review for larger aircraft,1,7,54.86204119752369,54.86204119752369,0.5133477633477633,41926.142857142855,0.3251781432370927,7.481377388757388,0.0
BPS -> VCP,Strong review for larger aircraft,1,76,46.40729892210732,46.40729892210732,159.30263157894737,64418.71052631579,0.1818271898880796,5.706389984700791,0.0
VCP -> GRU,Current seasonal upgauge appears effective,1,6,43.70329559811662,43.70329559811662,0.48484848484848486,49158.0,0.3251781432370927,8.045226966511498,0.0
GRU -> CNF,High-priority larger-aircraft review,1,79,42.90490816904533,42.90490816904533,122.68227848101266,57911.26582278481,0.22377966006221528,6.1097998932714255,0.0
VCP -> CGH,High-priority larger-aircraft review,2,10,37.67476726621817,41.46518438459774,0.11538461538461539,44249.7,0.37723916913064326,7.6729199419311005,0.0
VCP -> BYO,Current seasonal upgauge appears effective,1,7,41.03535580661119,41.03535580661119,103.71428571428571,52451.71428571428,0.19411899485231796,4.696974417082646,0.0
CGB -> REC,Maintain current aircraft assignment,2,2,20.54902199056043,40.0,1.0,48522.0,,3.6019473300414333,0.0
VCP -> GRU,Review larger aircraft,1,5,39.622556298505714,39.622556298505714,0.5409090909090909,41170.4,0.3251781432370927,7.6373826470474855,0.0
XAP -> VCP,High-priority larger-aircraft review,1,70,38.14115324087804,38.14115324087804,125.75873015873016,58063.08571428571,0.1924463210130858,5.480693268856926,0.0
VCP -> XAP,Current seasonal upgauge appears effective,2,113,37.54242023491476,37.683105887884324,134.4078947368421,62843.69313909774,0.19419282769051746,6.098682095394356,0.0
REC -> UNA,Maintain current aircraft assignment,2,2,18.3078378303045,36.615675660609,30.25,44616.5,,5.011876477772102,0.0
REC -> PNZ,Current seasonal upgauge appears effective,1,49,35.785708615326044,35.785708615326044,90.16666666666667,45130.77551020408,0.17140141938112305,4.726617856133137,0.0
AJU -> VCP,Strong review for larger aircraft,1,33,33.28008142548461,33.28008142548461,144.78787878787878,59450.93939393939,0.191643599681005,5.074629452550383,0.0
REC -> THE,Current seasonal upgauge appears effective,1,40,28.355726602133384,28.355726602133384,152.325,66606.325,0.17868831118298825,5.71364002748481,0.0
VCP -> VDC,Maintain current aircraft assignment,2,2,13.805431500481394,27.610863000962787,76.78028644280991,43753.5,,3.9936946991304856,0.0
JDO -> VCP,Current seasonal upgauge appears effective,1,24,26.053371504814308,26.053371504814308,136.33333333333334,63240.958333333336,0.21435433390791162,4.990707234813535,0.0
VCP -> CGH,Review smaller aircraft,1,2,22.634350147838596,22.634350147838596,0.0,48302.0,0.37723916913064326,8.088905876988278,0.0
JJD -> REC,Maintain current aircraft assignment,2,2,11.144729382354992,22.289458764709984,66.6762568363649,35464.0,,4.082988194300978,0.0
UNA -> CNF,Current seasonal upgauge appears effective,2,8,21.562092780818347,21.562092780818347,115.0,59761.375,,5.932978491927952,0.0
VCP -> GRU,Review smaller aircraft,1,3,20.309152365193267,20.309152365193267,0.0,49184.0,0.3251781432370927,8.374636365823424,0.0
MGF -> CNF,Maintain current aircraft assignment,2,2,9.705405034938693,19.410810069877385,0.0,29721.0,,2.988639974194589,0.0
GRU -> VCP,Review smaller aircraft,1,2,17.716471357386457,17.716471357386457,0.0,49255.0,0.28020050823744475,8.37428561051602,0.0
CNF -> IMP,Current seasonal downgauge appears effective,1,10,16.687823048484322,16.687823048484322,88.0,47455.3,0.22753419381705137,5.446125542536458,0.0
IMP -> CNF,Current seasonal downgauge appears effective,1,10,15.650122278927935,15.650122278927935,99.0,45111.7,0.20778100645909003,5.34634559172161,0.0
CMG -> VCP,Current seasonal downgauge appears effective,1,1,15.440160290840225,15.440160290840225,81.5,42612.0,0.2148972880438919,4.8599846977811785,0.0
CNF -> CPV,Current seasonal downgauge appears effective,1,2,13.874574171266566,13.874574171266566,94.0,47885.0,0.22819915769704935,4.6342887549113225,0.0
VCP -> SDU,Current seasonal downgauge appears effective,2,125,13.598138269517243,13.598138269517243,76.47957074234738,39416.886773031394,0.22663563782528737,6.062676659160672,0.0
UNA -> REC,Maintain current aircraft assignment,2,2,7.180322665117596,13.333333333333332,57.75,51976.0,,5.435885457609068,0.0
GRU -> REC,Maintain current aircraft assignment,23,3224,8.359179626306762,13.111997436093716,170.32621165890095,74699.83711195542,0.0986011776851529,5.428591562051752,0.0
PMG -> VCP,Current seasonal downgauge appears effective,1,5,12.704773401063484,12.704773401063484,72.0,40348.6,0.21174622335105805,5.152041776729158,0.0
POA -> CNF,Current seasonal downgauge appears effective,1,4,12.653121737030078,12.653121737030078,89.29166666666667,58194.25,0.20238611781177585,5.05492202831986,0.0
VCP -> BYO,Current seasonal downgauge appears effective,3,7,12.564679241633796,12.65007463283036,85.0,45360.22222222222,0.19411899485231796,5.829431117404488,0.0
VCP -> IGU,Current seasonal downgauge appears effective,1,25,12.037914691943138,12.037914691943138,132.984,57384.84,0.20063191153238563,5.874372237579244,0.0
PPB -> VCP,Current seasonal downgauge appears effective,1,21,11.960714811942887,11.960714811942887,59.857142857142854,20396.52380952381,0.19934524686571478,2.7298346640408115,0.0
THE -> REC,Current seasonal downgauge appears effective,1,7,11.815201626906084,11.815201626906084,108.42857142857143,46327.71428571428,0.1969200271151014,4.512006114599567,0.0
VCP -> XAP,Current seasonal downgauge appears effective,1,24,11.651569661431047,11.651569661431047,110.20833333333333,50215.208333333336,0.19419282769051746,5.655709521754246,0.0
VCP -> PMW,Current seasonal downgauge appears effective,1,14,11.645478040510767,11.645478040510767,125.78571428571429,59450.71428571428,0.19409130067517946,5.108164532107662,0.0
CNF -> BPS,Current seasonal downgauge appears effective,3,112,11.546806064557908,11.546806064557908,115.96734892787525,48359.93421052631,0.19244676774263178,4.8539222129627815,0.0
SDU -> VCP,Current seasonal downgauge appears effective,2,133,11.376642927460587,11.376642927460587,78.09873626028516,39302.65034482759,0.18961071545767644,6.285592071128155,0.0
IOS -> CNF,Current seasonal downgauge appears effective,1,14,11.129005757708613,11.129005757708613,103.14285714285714,44921.642857142855,0.18548342929514355,4.578557196914342,0.0
RAO -> CNF,Current seasonal downgauge appears effective,1,1,11.084191737488684,11.084191737488684,23.571428571428573,15985.0,0.18473652895814474,2.5948905109489053,0.0
REC -> THE,Current seasonal downgauge appears effective,1,9,10.721298670979294,10.721298670979294,110.44444444444444,50490.555555555555,0.17868831118298825,4.613259454912781,0.0
CNF -> RAO,Review smaller aircraft,1,2,10.617669609253475,10.617669609253475,41.625,39198.5,,4.5856746548814975,0.0
VCP -> PVH,Maintain current aircraft assignment,2,2,4.403514381502365,8.69742738103413,94.1871293174494,57417.5,,5.049103108605208,0.0
CFB -> VCP,Maintain current aircraft assignment,2,2,3.9788540243413224,7.957708048682645,0.0,32937.5,,4.423460968193203,0.0
MVD -> CNF,Maintain current aircraft assignment,2,2,2.721006312746293,5.442012625492586,104.40479502742656,54123.0,,3.9239627368544574,0.0
VCP -> MCP,Maintain current aircraft assignment,2,2,2.8656390480292977,5.0,0.0,48867.0,,4.476188994116165,0.0
MCP -> VCP,Maintain current aircraft assignment,2,2,0.25090595669919813,0.5018119133983963,0.0,47688.0,,4.385695026920873,0.0
VCP -> EZE,Maintain current aircraft assignment,2,2,0.15933081059549842,0.31866162119099684,0.0,50291.0,,5.3917292469092555,0.0
CXJ -> VCP,Current seasonal downgauge appears effective,1,14,0.0,0.0,126.07142857142857,55465.357142857145,,5.585019669589501,0.0
VCP -> AQA,Maintain current aircraft assignment,1,12,0.0,0.0,39.05174825174825,17736.25,,3.002375574193234,0.0
CNF -> MCP,Maintain current aircraft assignment,1,2,0.0,0.0,0.0,18358.5,,2.1438050051201865,0.0
MCP -> CNF,Maintain current aircraft assignment,1,2,0.0,0.0,0.0,18138.0,,2.2396454489375257,0.0
AAX -> VCP,Maintain current aircraft assignment,1,1,0.0,0.0,73.86543400102723,34670.0,,6.548865619546248,0.0
ASU -> CNF,Maintain current aircraft assignment,1,1,0.0,0.0,86.5,65905.0,,4.975113122171946,0.0
ATM -> CNF,Maintain current aircraft assignment,1,1,0.0,0.0,0.0,52614.0,,4.04186935371786,0.0
BYO -> CNF,Maintain current aircraft assignment,1,1,0.0,0.0,73.86543400102723,36929.0,,4.529669127700301,0.0
CAC -> CNF,Maintain current aircraft assignment,1,1,0.0,0.0,94.30076542098153,50135.0,,5.016120365394949,0.0
CGR -> CNF,Maintain current aircraft assignment,1,1,0.0,0.0,73.86543400102723,38381.0,,4.6765930195325005,0.0
CNF -> ASU,Maintain current aircraft assignment,1,1,0.0,0.0,86.0,68318.0,,5.966654842142604,0.0
CNF -> ATM,Maintain current aircraft assignment,1,1,0.0,0.0,114.50882463387157,63966.0,,4.978185379752471,0.0
CNF -> BVB,Maintain current aircraft assignment,1,1,0.0,0.0,2.0,42345.0,,4.471987810595405,0.0
CNF -> CGR,Maintain current aircraft assignment,1,1,0.0,0.0,114.50882463387157,55059.0,,4.836998908126657,0.0
CNF -> CXJ,Maintain current aircraft assignment,1,1,0.0,0.0,56.0,44586.0,,6.1024162548050525,0.0
CNF -> JDO,Maintain current aircraft assignment,1,1,0.0,0.0,123.0,67611.0,,5.320304017372421,0.0
CNF -> JJG,Maintain current aircraft assignment,1,1,0.0,0.0,73.86543400102723,36142.0,,4.933481152993348,0.0
CNF -> PDP,Maintain current aircraft assignment,1,1,0.0,0.0,114.50882463387157,56364.0,,5.118554429263993,0.0
CUR -> VCP,Maintain current aircraft assignment,1,1,0.0,0.0,0.0,61595.0,,4.286346269857229,0.0
CXJ -> CNF,Maintain current aircraft assignment,1,1,0.0,0.0,49.0,41263.0,,4.890390183372398,0.0
FLL -> VCP,Maintain current aircraft assignment,1,1,0.0,0.0,217.44444444444446,62837.0,,4.010302711385604,0.0
JJD -> VCP,Maintain current aircraft assignment,1,1,0.0,0.0,94.30076542098153,47579.0,,5.741553144000616,0.0
JJG -> CNF,Maintain current aircraft assignment,1,1,0.0,0.0,73.86543400102723,40932.0,,4.894494685070602,0.0
LDB -> CNF,Maintain current aircraft assignment,1,1,0.0,0.0,121.0,52499.0,,4.556619483763531,0.0
MAB -> VCP,Maintain current aircraft assignment,1,1,0.0,0.0,114.50882463387157,52422.0,,4.1960571531922595,0.0
MCP -> REC,Maintain current aircraft assignment,1,1,0.0,0.0,39.05174825174825,20745.0,,2.450266429840142,0.0
PLU -> REC,Maintain current aircraft assignment,1,1,0.0,0.0,39.05174825174825,17374.0,,2.3094713656387666,0.0
PNZ -> CNF,Maintain current aircraft assignment,1,1,0.0,0.0,73.86543400102723,40538.0,,5.0654036986919255,0.0
PPB -> CNF,Maintain current aircraft assignment,1,1,0.0,0.0,62.0,40412.0,,5.454903505317054,0.0
PVH -> VCP,Maintain current aircraft assignment,1,1,0.0,0.0,73.86543400102723,38456.0,,4.03394945303659,0.0
REC -> BPS,Maintain current aircraft assignment,1,1,0.0,0.0,165.0,68230.0,,5.7966643009226395,0.0
REC -> IMP,Maintain current aircraft assignment,1,1,0.0,0.0,114.50882463387157,65541.0,,5.38442521631644,0.0
REC -> JJD,Maintain current aircraft assignment,1,1,0.0,0.0,39.05174825174825,21048.0,,2.8945147679324896,0.0
REC -> MCP,Maintain current aircraft assignment,1,1,0.0,0.0,39.05174825174825,21849.0,,2.6214788732394365,0.0
REC -> UBA,Maintain current aircraft assignment,1,1,0.0,0.0,114.50882463387157,70813.0,,5.3074886346605386,0.0
SJP -> CNF,Current seasonal downgauge appears effective,1,1,0.0,0.0,2.0,17248.0,,2.4201680672268906,0.0
STM -> VCP,Maintain current aircraft assignment,1,1,0.0,0.0,0.0,53960.0,,4.025646727447929,0.0
VCP -> CFB,Maintain current aircraft assignment,1,1,0.0,0.0,0.0,19633.0,,2.462121212121212,0.0
VCP -> MAB,Maintain current aircraft assignment,1,1,0.0,0.0,73.86543400102723,39831.0,,4.6089644513137555,0.0
VCP -> PHB,Maintain current aircraft assignment,1,1,0.0,0.0,114.50882463387157,66429.0,,5.5332405783074226,0.0
VCP -> STM,Maintain current aircraft assignment,1,1,0.0,0.0,73.86543400102723,47117.0,,4.857436717901835,0.0
VCP -> TFF,Maintain current aircraft assignment,1,1,0.0,0.0,5.0,42883.0,,4.399322119005775,0.0
VDC -> REC,Maintain current aircraft assignment,1,1,0.0,0.0,5.0,16878.0,,2.3536804308797126,0.0
VDC -> VCP,Maintain current aircraft assignment,1,1,0.0,0.0,39.05174825174825,16736.0,,2.5031948881789137,0.0
