Route,Equipment,Flights,AvgFuelPerNM,MedianFuelPerNM,AvgTOW_kg,AvgPassengers
AAX -> CNF,ATR,136,2.775563888177633,2.807808618641322,19265.691176470587,39.00735294117647
AAX -> CNF,E1,1,6.12374405076679,6.12374405076679,34932.0,37.5
AAX -> VCP,E1,1,6.548865619546248,6.548865619546248,34670.0,73.86543400102723
AFL -> VCP,E1,8,5.142434924784222,5.148227299543672,45904.75,97.0
AFL -> VCP,E2,80,4.184596498828826,4.167660044129715,53119.2375,110.0
AJU -> CNF,A320,294,5.516235253387965,5.512106577681854,64117.336734693876,149.51700680272108
AJU -> CNF,ATR,1,2.6111929307805597,2.6111929307805597,17620.0,126.73333333333333
AJU -> CNF,E1,15,5.871825203156076,5.770893371757925,45452.8,114.3111111111111
AJU -> CNF,E2,209,4.650090266595047,4.650784255696952,52921.52631578947,126.22488038277513
AJU -> REC,A320,4,6.516965984204729,6.575084704172447,55855.25,21.0
AJU -> REC,A321,1,7.147707979626485,7.147707979626485,62364.0,75.0
AJU -> REC,ATR,1530,2.9311552553827034,2.9527896995708156,20686.96274509804,56.80522875816993
AJU -> REC,E1,26,6.904701761766107,6.956254124032304,41940.769230769234,86.84615384615384
AJU -> REC,E2,57,5.460647565518904,5.47921967769296,48409.26315789474,85.796992481203
AJU -> VCP,A320,181,5.324768583502736,5.316923727023029,65474.988950276245,154.57596685082873
AJU -> VCP,A321,7,5.645787658489803,5.654021558872305,70836.71428571429,108.0
AJU -> VCP,E1,44,5.6723107549683265,5.65892360302553,47755.27272727273,115.3030303030303
AJU -> VCP,E2,293,4.5926654473464845,4.5744271134219145,54641.91126279863,124.43686006825939
AQA -> VCP,ATR,12,3.0007575120602783,2.9797368421052632,17430.583333333332,39.05174825174825
ARU -> VCP,ATR,708,2.8199456205196056,2.8225457338360567,20397.004237288136,55.63559322033898
ARU -> VCP,E1,13,6.679757819257049,6.579540333483551,40039.92307692308,34.88461538461539
ASU -> CNF,A320,1,4.975113122171946,4.975113122171946,65905.0,86.5
ASU -> REC,E2,11,3.769317038649822,3.8281699873315675,56404.90909090909,108.0
ASU -> VCP,E2,26,4.157600245915098,4.171385864531665,52195.03846153846,104.0
ATM -> CNF,A320,1,4.04186935371786,4.04186935371786,52614.0,0.0
BEL -> CNF,A320,1300,5.150038148431663,5.157274441318298,67362.14461538462,139.53115384615384
BEL -> CNF,A321,1,6.101412404596894,6.101412404596894,77244.0,198.0
BEL -> CNF,E2,24,4.286833614836605,4.36607138154097,53535.625,100.58333333333333
BEL -> REC,A320,1078,5.054023058509519,5.0678055618084095,64161.89517625232,141.74512987012986
BEL -> REC,A321,2,5.3092522347223134,5.3092522347223134,65932.0,0.0
BEL -> REC,E1,2,5.069034256885605,5.069034256885605,45163.5,94.0
BEL -> REC,E2,62,4.186380223598961,4.143141072035343,51457.532258064515,87.54838709677419
BEL -> VCP,A320,1427,5.228435125527751,5.2404668103768675,70084.152067274,152.20195339873862
BEL -> VCP,A321,196,6.0821359065586185,6.0994159694895895,81807.75,184.90384615384613
BEL -> VCP,E1,12,4.795632699742522,4.64958208587189,41910.083333333336,73.5
BEL -> VCP,E2,5,4.2511664963494615,4.2369054786273335,57270.6,126.6
BPS -> CNF,A320,1016,6.267791437764936,6.259862721578035,63005.03248031496,147.4621245261009
BPS -> CNF,ATR,133,2.817392366226811,2.8360655737704916,21060.84962406015,61.206015037593986
BPS -> CNF,E1,101,6.460370437300596,6.440052700922267,43795.0099009901,113.40504050405042
BPS -> CNF,E2,569,5.259210878259957,5.286975717439294,51325.57469244288,122.24838898652607
BPS -> REC,A320,2,6.19312024572265,6.19312024572265,66552.0,162.0
BPS -> REC,ATR,1,2.355060034305317,2.355060034305317,16812.0,162.0
BPS -> VCP,A320,705,5.713877597367616,5.706944876985363,64567.47375886525,154.54134334584896
BPS -> VCP,A321,2,5.954647542198133,5.954647542198133,67922.0,121.11111111111111
BPS -> VCP,ATR,1,2.867716535433071,2.867716535433071,21186.0,47.0
BPS -> VCP,E1,33,5.9278261767656675,5.875,45170.57575757576,113.65151515151516
BPS -> VCP,E2,180,4.837017470057033,4.806765259407532,53232.53333333333,119.81161616161616
BRA -> CNF,ATR,621,2.666107001120201,2.6724511930585684,21231.45571658615,51.49543746645196
BRC -> CNF,A320,15,4.405764586494943,4.3467775041050905,69357.33333333333,135.0
BRC -> VCP,A320,54,4.635848352654204,4.614902259343342,70333.18518518518,147.41666666666666
BSB -> CNF,A320,39,5.842693023562331,5.841924398625429,58790.48717948718,100.25874125874125
BSB -> CNF,ATR,12,2.656152371221106,2.670848968105066,19583.25,43.888888888888886
BSB -> CNF,E1,248,6.159847325913662,6.118024017663214,43238.70564516129,100.54480286738351
BSB -> CNF,E2,1345,4.8811011419819295,4.873972602739726,50957.60371747212,113.52666441365326
BSB -> REC,A320,1315,4.8786368700812375,4.882859322218589,64238.14676806083,147.13536121673005
BSB -> REC,A321,2,5.398536593004466,5.398536593004466,71916.0,105.25
BSB -> REC,E2,3,4.089998135993135,4.069431051108968,53503.333333333336,133.0
BSB -> VCP,A320,470,5.507143688260429,5.5284667134054875,60543.52553191489,116.3950354609929
BSB -> VCP,A321,10,6.220277699399981,6.2852172711730745,68594.6,68.0
BSB -> VCP,ATR,6,2.5238385356460835,2.5452766665838444,19897.833333333332,24.0
BSB -> VCP,E1,292,5.947361382233879,5.912696313272758,44027.66095890411,98.14921722113503
BSB -> VCP,E2,1683,4.649413165813472,4.639109016920112,51467.064765300056,108.67626262626263
BVB -> VCP,A320,49,5.078393644944018,5.080904324293849,71612.30612244898,167.0
BVH -> VCP,E1,1,5.037563033858186,5.037563033858186,47434.0,107.0
BVH -> VCP,E2,56,4.126706123573792,4.111863096336913,54024.357142857145,118.0
BYO -> CNF,E1,1,4.529669127700301,4.529669127700301,36929.0,73.86543400102723
BYO -> VCP,E1,158,5.369162389913551,5.398248972714903,43837.740506329115,100.17088607594937
BYO -> VCP,E2,95,4.265247050099308,4.2595704948646125,50215.81052631579,106.38421052631578
CAC -> CNF,E2,1,5.016120365394949,5.016120365394949,50135.0,94.30076542098153
CAC -> VCP,A320,36,5.669568943483467,5.663152154532197,62009.694444444445,127.33333333333333
CAC -> VCP,ATR,66,2.6186275038845968,2.614124142844421,21277.878787878788,62.41414141414141
CAC -> VCP,E1,279,5.95660172190464,5.889494549058473,43695.56272401434,100.76917562724014
CAC -> VCP,E2,556,4.6646718884051275,4.647477876911111,51090.147482014385,115.90827338129496
CAU -> REC,ATR,29,3.2344250337988285,3.1973684210526314,17537.310344827587,10.0
CAW -> VCP,ATR,339,2.7883503798393092,2.782828282828283,19579.929203539825,28.979351032448378
CFB -> CNF,A320,1,6.953248811410459,6.953248811410459,59908.0,119.0
CFB -> CNF,ATR,197,2.8812816931408767,2.887596899224806,20587.350253807108,47.67851099830795
CFB -> CNF,E1,54,7.005219803434864,7.041871280568233,42531.11111111111,113.27083333333333
CFB -> CNF,E2,1,6.294256490952007,6.294256490952007,52508.0,101.0
CFB -> VCP,A320,1,6.183491515674432,6.183491515674432,49897.0,0.0
CFB -> VCP,ATR,1,2.663430420711974,2.663430420711974,15978.0,0.0
CGB -> CNF,A320,451,4.95383053092091,4.9523809523809526,62480.924611973394,126.18625277161863
CGB -> CNF,ATR,2,2.500320342801243,2.500320342801243,19476.5,46.0
CGB -> CNF,E1,125,5.455841274285055,5.427411964916874,46330.0,104.888
CGB -> CNF,E2,318,4.319112445526817,4.3276894070374565,52736.30817610063,116.53066037735849
CGB -> REC,A320,1,3.7997021593447506,3.7997021593447506,52599.0,0.0
CGB -> REC,E2,1,3.4041925007381164,3.4041925007381164,44445.0,2.0
CGB -> VCP,A320,1547,5.175295408878411,5.187107347719202,63521.88817065288,139.9445809092868
CGB -> VCP,A321,93,5.832662715051477,5.793835417272463,71731.33333333333,166.3548387096774
CGB -> VCP,ATR,7,2.2637426728451913,2.2531645569620253,17333.285714285714,0.2857142857142857
CGB -> VCP,E1,143,5.528289666776963,5.514032281518103,45703.21678321678,98.63519813519814
CGB -> VCP,E2,392,4.400051981398003,4.387794875757564,53071.392857142855,122.8061224489796
CGH -> CNF,A320,472,6.087568194603623,6.12659532849836,62548.72245762712,137.0658409387223
CGH -> CNF,ATR,5,2.764963664544854,2.8193548387096774,21123.8,61.0
CGH -> CNF,E1,2238,6.29479754667501,6.276257841949095,43280.23547810545,99.52186373301285
CGH -> CNF,E2,774,5.108783146617608,5.111575928536834,50585.4354005168,107.83039294306334
CGH -> REC,A320,2239,4.8237642477305895,4.849770836869801,66601.68512728896,151.94263311994442
CGH -> REC,E1,1,4.777167019027484,4.777167019027484,44697.0,121.9375
CGH -> REC,E2,39,3.9940236813836942,4.014757672312594,53515.333333333336,118.72161172161171
CGH -> VCP,A320,20,7.836320096713469,8.028127808336873,50421.7,0.0
CGH -> VCP,E1,24,8.450777503683893,8.399781979668507,35118.0,0.0
CGH -> VCP,E2,16,5.963674305947216,5.96621680047359,41630.5625,0.5208333333333334
CGR -> CNF,E1,1,4.6765930195325005,4.6765930195325005,38381.0,73.86543400102723
CGR -> REC,A320,10,4.806290269656681,4.775894981646955,67513.3,136.0
CGR -> VCP,A320,483,5.462598013247013,5.466459351399378,62371.693581780535,137.5527950310559
CGR -> VCP,A321,14,5.976474344943242,5.974674834968953,70367.71428571429,147.67857142857142
CGR -> VCP,ATR,4,2.636704116352773,2.693316231683313,19451.0,0.0
CGR -> VCP,E1,332,5.752048904815086,5.691856234332743,44458.948795180724,108.57168674698796
CGR -> VCP,E2,905,4.618858417615935,4.621727478870336,51822.98674033149,123.16562308164518
CKS -> CNF,A320,528,5.1562446424653245,5.152409552129501,65274.64015151515,146.05066287878788
CKS -> CNF,E1,2,5.710216394768567,5.710216394768567,48689.5,147.6
CKS -> CNF,E2,118,4.321770470723508,4.32082549449027,53120.71186440678,111.0
CLV -> CNF,ATR,103,2.7295598165318733,2.739811912225705,20857.09708737864,59.0
CLV -> CNF,E1,1,5.9211337030191,5.9211337030191,39723.0,58.0
CLV -> VCP,A320,1,5.42149631190727,5.42149631190727,57826.0,72.5
CLV -> VCP,E1,9,5.862139624922866,5.855081860917491,41696.555555555555,9.0
CMG -> VCP,E1,11,5.334763224850577,5.34774297897368,43140.27272727273,81.22727272727273
CMG -> VCP,E2,98,4.1801267906593065,4.1985275156364725,50933.71428571428,103.6938775510204
CNF -> AAX,ATR,281,2.958128644867311,2.9553072625698324,20427.14590747331,44.13523131672598
CNF -> AAX,E1,1,7.169709989258862,7.169709989258862,44622.0,40.5
CNF -> AJU,A320,291,5.394818088153689,5.402507174142879,67897.32989690722,152.2233676975945
CNF -> AJU,E1,17,5.676381979195048,5.580417480102118,46942.705882352944,115.29411764705883
CNF -> AJU,E2,74,4.369178542647787,4.336707992134887,54826.21621621621,123.69999999999999
CNF -> ASU,A320,1,5.966654842142604,5.966654842142604,68318.0,86.0
CNF -> ATM,A320,1,4.978185379752471,4.978185379752471,63966.0,114.50882463387157
CNF -> BEL,A320,1338,5.037763306887586,5.070447035201025,67568.51793721973,129.7899850523169
CNF -> BEL,E2,7,4.060742871921188,4.023761684284092,54520.57142857143,82.28571428571429
CNF -> BPS,A320,1042,6.045968945172908,6.054800397398844,64918.13627639155,148.16657942185773
CNF -> BPS,ATR,137,2.7298571924272963,2.7290502793296088,21862.05109489051,61.59124087591241
CNF -> BPS,E1,101,6.184740364752156,6.175805539853024,44842.82178217822,101.66171617161717
CNF -> BPS,E2,113,5.001572123537087,4.9872917255012705,53100.50442477876,124.47566371681415
CNF -> BRA,ATR,613,2.7470814351142976,2.744635193133047,22197.593800978793,48.864600326264274
CNF -> BRC,A320,16,5.645988806855865,5.609509316738625,74590.6875,145.0
CNF -> BSB,A320,31,5.910460330465758,5.885869565217392,59807.8064516129,92.47670250896057
CNF -> BSB,ATR,14,2.7309153337316556,2.760771589531484,21637.85714285714,62.0
CNF -> BSB,E1,231,6.396031978831289,6.3547863710113575,44906.49783549784,96.70021645021644
CNF -> BSB,E2,708,5.126375339223776,5.113357124190797,52583.33615819209,113.9989406779661
CNF -> BVB,E1,1,4.471987810595405,4.471987810595405,42345.0,2.0
CNF -> CFB,A320,1,6.21923937360179,6.21923937360179,60978.0,113.0
CNF -> CFB,ATR,195,2.73768919171361,2.7625,20842.533333333333,58.5
CNF -> CFB,E1,54,6.610886277729913,6.60152156793907,43650.46296296296,88.56481481481481
CNF -> CFB,E2,1,5.456750202101859,5.456750202101859,53163.0,85.63636363636364
CNF -> CGB,A320,472,5.601831990410487,5.607465512155864,67008.85169491525,125.16419491525424
CNF -> CGB,ATR,1,2.2612612612612613,2.2612612612612613,17495.0,0.0
CNF -> CGB,E1,128,5.8203396979358235,5.812881579236577,48076.703125,108.52604166666667
CNF -> CGB,E2,120,4.569351926744331,4.558940745052542,55426.03333333333,115.65833333333333
CNF -> CGH,A320,459,6.2811607800983715,6.35499207606973,62915.13071895425,131.98319327731093
CNF -> CGH,ATR,5,2.7762924061506093,2.7794117647058822,20831.2,31.0
CNF -> CGH,E1,2298,6.602558672456424,6.590370153906098,44656.11140121845,103.22719549090306
CNF -> CGH,E2,266,5.228785960607019,5.223291189909843,52191.3984962406,116.29734492481202
CNF -> CGR,A320,1,4.836998908126657,4.836998908126657,55059.0,114.50882463387157
CNF -> CKS,A320,516,5.290401136457346,5.294182160203674,68357.0503875969,144.18217054263565
CNF -> CKS,E1,2,5.54833427550756,5.54833427550756,48450.0,142.75
CNF -> CKS,E2,45,4.337414383105425,4.3608032481071,55642.28888888889,121.0
CNF -> CLV,ATR,102,2.801828168629044,2.7981210303458006,21305.617647058825,60.0
CNF -> CLV,E1,1,6.083279115159402,6.083279115159402,42590.0,65.0
CNF -> CNF,A320,8,8.37991639324999,7.757425270677826,67309.75,0.5
CNF -> CNF,ATR,21,3.1185494857012204,3.059347181008902,20159.904761904763,1.0
CNF -> CNF,E1,3,8.807900761335407,6.344626786659608,41725.333333333336,0.0
CNF -> CNF,E2,1,4.5256770756252775,4.5256770756252775,53161.0,0.5
CNF -> CPV,A320,108,5.001317160913324,4.989122947817588,64655.40740740741,107.0
CNF -> CPV,E1,5,5.1793622308854905,5.2192346312618545,45177.0,86.0
CNF -> CPV,E2,41,4.071656394419785,4.028209684584629,52573.34146341463,102.0
CNF -> CUR,A320,194,5.0549290548260535,5.084672134630197,75701.206185567,154.39175257731958
CNF -> CWB,A320,42,5.906198332792728,5.915448991914166,63315.59523809524,140.75
CNF -> CWB,ATR,3,2.4009001221433706,2.3954451345755694,16929.333333333332,100.63157894736842
CNF -> CWB,E1,79,6.19509474373691,6.177460050462574,45213.82278481012,100.17721518987342
CNF -> CWB,E2,615,4.811720555798891,4.8047117172969624,52453.69105691057,119.78048780487805
CNF -> CXJ,E1,1,6.1024162548050525,6.1024162548050525,44586.0,56.0
CNF -> EZE,A320,9,5.671074491603168,5.741304696265427,66578.66666666667,114.50882463387158
CNF -> FLN,A320,47,5.8667492522854445,5.876595000873973,66847.5744680851,135.6595744680851
CNF -> FLN,E1,41,6.062552545441225,6.004949619939897,46115.65853658537,106.09268292682927
CNF -> FLN,E2,470,4.71687293985326,4.710214827688197,53604.63617021277,115.57582205029013
CNF -> FOR,A320,684,5.085354253218922,5.076481433368018,67993.94590643275,156.22222222222223
CNF -> FOR,E1,6,5.373982160297277,5.449511713546093,47471.333333333336,61.333333333333336
CNF -> FOR,E2,16,4.158475493595635,4.148045371141954,55335.5625,123.39285714285714
CNF -> GIG,A320,73,6.968886245927621,7.062248096730855,61667.232876712325,109.10460772104608
CNF -> GIG,A321,1,7.867897037396794,7.867897037396794,67172.0,89.4074074074074
CNF -> GIG,ATR,16,2.7896557036355283,2.7878192715537113,20687.3125,56.03125
CNF -> GIG,E1,1386,7.132804705474489,7.133932329609843,44119.45021645022,99.235668372032
CNF -> GIG,E2,233,5.669913520428738,5.667816658452439,51212.52789699571,108.96238323655642
CNF -> GNM,ATR,491,2.759035366124051,2.7562326869806095,21437.19144602851,51.82077393075357
CNF -> GRU,A320,406,6.620976726087454,6.637064527015455,63689.24630541872,119.87746305418719
CNF -> GRU,ATR,14,2.909864717006395,2.912813956986013,21419.428571428572,65.0
CNF -> GRU,E1,400,6.855057884437251,6.79751847635736,45332.305,103.44795454545454
CNF -> GRU,E2,548,5.4377263985520425,5.431997561245982,53115.87773722628,116.3319508958195
CNF -> GVR,ATR,1276,3.0823680087876713,3.0873015873015874,20685.90987460815,53.76985370950888
CNF -> GYN,A320,52,5.9386486429976975,5.920750624531264,61856.596153846156,96.50824175824177
CNF -> GYN,ATR,11,2.7221816239766463,2.7358024691358023,21689.909090909092,65.7878787878788
CNF -> GYN,E1,342,6.3513513887804285,6.290383261729653,45071.93859649123,99.42288011695906
CNF -> GYN,E2,658,5.006054209641074,4.971087867379159,53063.49696048632,112.50942249240121
CNF -> IGU,A320,6,5.68958377719132,5.721990915825905,66080.0,127.0
CNF -> IGU,E1,15,5.894050389093956,5.841081994928149,45871.666666666664,122.6
CNF -> IGU,E2,28,4.7440393790008555,4.7271623231404725,53946.892857142855,129.0
CNF -> IMP,A320,29,5.157943135378314,5.186059584035975,67265.75862068965,108.55172413793103
CNF -> IMP,E1,95,5.528444787329576,5.506920220546866,48053.73684210526,88.0
CNF -> IMP,E2,209,4.271939391814447,4.253907567749916,55373.94258373206,109.0
CNF -> IOS,A320,63,5.75240094299568,5.747674695921774,64236.30158730159,135.19444444444446
CNF -> IOS,ATR,104,2.724822463318124,2.740534254730786,21795.14423076923,64.77564102564102
CNF -> IOS,E1,28,5.986292551475755,5.982632118058608,45474.07142857143,99.40476190476191
CNF -> IOS,E2,105,4.765324689239469,4.777511961722488,53172.171428571426,122.73333333333333
CNF -> IPN,ATR,1985,3.2151338147573014,3.2291666666666665,20447.268513853905,53.196833393306946
CNF -> IZA,ATR,114,2.9374882954661907,2.9324043050055844,20163.42105263158,39.05174825174825
CNF -> JDO,A320,1,5.320304017372421,5.320304017372421,67611.0,123.0
CNF -> JJD,A320,95,5.076889656853717,5.1102727800348235,67994.78947368421,146.73684210526315
CNF -> JJD,E1,1,5.075439266615737,5.075439266615737,46039.0,91.0
CNF -> JJD,E2,18,4.242821160762983,4.242526558001606,56191.055555555555,123.62962962962963
CNF -> JJG,E1,1,4.933481152993348,4.933481152993348,36142.0,73.86543400102723
CNF -> JPA,A320,364,5.10896992053417,5.151220410432762,67976.0521978022,155.23962148962147
CNF -> JPA,E1,7,5.167217800298306,5.156652360515022,46078.0,41.0
CNF -> JPA,E2,48,4.20671995076336,4.20416556890398,55118.666666666664,131.11309523809524
CNF -> JTC,ATR,2,2.5121029300111846,2.5121029300111846,16265.5,0.0
CNF -> JTC,E2,1,4.697508896797153,4.697508896797153,42026.0,0.0
CNF -> LEC,ATR,85,2.7226585153206107,2.73265306122449,22047.082352941175,51.0
CNF -> MAB,A320,241,5.28191364632052,5.2881392582981945,69167.92946058091,135.6058091286307
CNF -> MAB,E1,23,5.445304466356962,5.493367842122291,48533.434782608696,101.0
CNF -> MAB,E2,156,4.2995206738003215,4.29958157976617,56025.955128205125,119.0
CNF -> MAO,A320,383,5.2233387428130875,5.225994584461571,72110.6135770235,145.7597911227154
CNF -> MAO,A321,1,5.442760134439948,5.442760134439948,76785.0,51.36363636363637
CNF -> MAO,E1,4,4.45774549879125,4.506687640603942,41731.0,1.0
CNF -> MAO,E2,1,4.097409032988815,4.097409032988815,57452.0,0.0
CNF -> MCP,ATR,2,2.1438050051201865,2.1438050051201865,18358.5,0.0
CNF -> MCZ,A320,780,5.021803498381571,5.017990238626113,64706.24102564102,153.10979020979022
CNF -> MCZ,E1,18,5.276226300097338,5.326138308819746,45471.11111111111,116.16666666666667
CNF -> MCZ,E2,98,4.148130731109897,4.1585443053063145,52886.54081632653,125.12244897959184
CNF -> MOC,ATR,2217,2.909823727168425,2.9162303664921465,20904.401443391973,55.08669373026613
CNF -> MOC,E1,40,6.953976623841731,6.919295565912107,41834.175,69.875
CNF -> MVD,A320,2,5.122851781574112,5.122851781574112,56109.5,114.50882463387157
CNF -> NAT,A320,723,5.050516554744096,5.072449082987132,67744.45366528354,153.85328226407066
CNF -> NAT,ATR,2,2.1815687267814927,2.1815687267814927,17507.0,0.0
CNF -> NAT,E1,4,5.500437213583709,5.4873119328869695,48120.0,107.08333333333333
CNF -> NAT,E2,27,4.070303702598835,4.059653688319488,54148.74074074074,131.01481481481483
CNF -> NVT,A320,1,5.32319391634981,5.32319391634981,60707.0,104.0
CNF -> NVT,E1,4,6.140942254977913,6.060680961336009,45360.5,101.75
CNF -> NVT,E2,13,4.746746888160915,4.759196730051537,53389.0,120.94871794871796
CNF -> PDP,A320,1,5.118554429263993,5.118554429263993,56364.0,114.50882463387157
CNF -> PLU,ATR,28,3.5813370714816206,3.5405679513184585,16252.892857142857,0.0
CNF -> PLU,E1,10,10.637253945244261,10.303592761382241,35821.5,0.0
CNF -> PMW,A320,49,5.467487143209969,5.444954128440367,66888.67346938775,134.0
CNF -> PMW,E1,165,5.830531830270611,5.756418092909535,47257.34545454545,98.0
CNF -> PMW,E2,99,4.518445611604062,4.5425287356321835,54675.545454545456,113.0
CNF -> POA,A320,542,5.632612609502267,5.628744802271781,66353.77306273063,149.6149588418961
CNF -> POA,A321,1,6.394154818325434,6.394154818325434,74007.0,138.35
CNF -> POA,E1,8,5.967115611652908,6.017587996103114,47275.375,115.45833333333333
CNF -> POA,E2,21,4.670799079670504,4.620393280375049,53905.09523809524,126.61904761904762
CNF -> POJ,ATR,192,3.012289941508732,3.022792207792208,20895.359375,47.359375
CNF -> PVH,A320,478,5.402363171153719,5.389584402499141,73103.39330543933,153.96652719665272
CNF -> PVH,E1,2,5.92496665634865,5.92496665634865,50563.0,108.0
CNF -> PVH,E2,1,4.362139917695473,4.362139917695473,59899.0,143.5
CNF -> RAO,A320,6,6.361317322178977,6.352158200817643,54798.5,34.0
CNF -> RAO,ATR,646,2.954968186104438,2.948308300395257,21462.343653250773,58.17530959752322
CNF -> RAO,E1,5,6.546827261490101,6.490172482952266,41817.0,59.6
CNF -> RBR,A320,314,5.334358306335662,5.3110967871599986,73084.55732484076,145.0
CNF -> REC,A320,2939,4.910067437075094,4.914988814317673,64152.469887716914,138.10950103076277
CNF -> REC,A321,10,5.66600542349655,5.6168596178293795,72352.3,147.9
CNF -> REC,ATR,5,2.2928566640219588,2.2536475869809203,17398.8,0.0
CNF -> REC,E1,11,5.444097373542774,5.338747357881855,46679.09090909091,99.31818181818181
CNF -> REC,E2,20,4.029593981079044,4.052221620564655,52305.3,95.28999999999999
CNF -> SDU,A320,7,6.682484314125884,6.756975333602911,59965.0,87.73529411764706
CNF -> SDU,ATR,10,2.921379496981774,2.970867911479945,21770.1,68.9
CNF -> SDU,E1,1495,7.161198972176815,7.145148356054531,44511.40535117057,97.04926566816927
CNF -> SDU,E2,133,5.530858656655096,5.537881958978652,51073.67669172932,114.8796992481203
CNF -> SJP,A320,1,5.60785446144961,5.60785446144961,51534.0,36.5
CNF -> SJP,ATR,630,2.8908697809251667,2.8844550812412493,21497.295238095237,55.48190476190476
CNF -> SJP,E1,5,6.406612606801174,6.288096607245543,41615.2,57.2
CNF -> SLZ,A320,481,5.076796097793906,5.093412942989214,67735.47193347193,141.73319473319475
CNF -> SLZ,E1,1,5.453319202235282,5.453319202235282,49544.0,128.0
CNF -> SLZ,E2,17,4.117007618887414,4.097630331753554,54836.529411764706,115.0
CNF -> SMT,E1,32,5.722872821448803,5.691068589369999,47959.8125,82.140625
CNF -> SMT,E2,54,4.3026017691496365,4.26767595071394,53918.48148148148,92.0
CNF -> SSA,A320,1432,5.572658097638964,5.592154501555796,66176.15083798883,145.6125036753896
CNF -> SSA,ATR,31,2.7214125604087327,2.7226415094339624,21516.322580645163,51.0
CNF -> SSA,E1,227,5.764398914651242,5.712966383450314,45657.47577092511,96.17813876651982
CNF -> SSA,E2,302,4.493172171044265,4.488016379846599,53533.17880794702,117.17313150425734
CNF -> STM,A320,9,5.020558846053135,5.154378818737271,67869.22222222222,93.0
CNF -> STM,E1,1,5.381294964028777,5.381294964028777,50687.0,121.0
CNF -> STM,E2,16,4.110862083067257,4.093742865084328,56705.8125,82.0
CNF -> THE,A320,276,5.242916502413415,5.229591565665235,68899.45652173914,149.0
CNF -> THE,A321,1,5.754281949934124,5.754281949934124,74541.0,125.0
CNF -> THE,E1,5,5.449847121936493,5.448815474896762,48058.4,105.8
CNF -> THE,E2,45,4.235594536202995,4.22783128528728,55898.02222222222,119.0
CNF -> UBA,ATR,546,2.950321072217324,2.958844948767889,21486.725274725275,58.0
CNF -> UBA,E1,3,7.100706390509459,6.840785624738821,41534.0,63.0
CNF -> UDI,A320,12,6.48431871185819,6.4559416574384905,58984.083333333336,85.33333333333333
CNF -> UDI,ATR,2106,2.931372539330738,2.9356732348111656,21689.55128205128,61.67863247863248
CNF -> UDI,E1,47,6.696994109917422,6.646928201332346,41479.10638297872,67.66808510638297
CNF -> UDI,E2,6,5.390302748714324,5.410248200749802,49391.5,83.66666666666667
CNF -> UNA,A320,29,5.543108952249742,5.558787878787879,59715.96551724138,83.10344827586206
CNF -> UNA,E1,47,5.820010493654235,5.835015136226034,43802.78723404255,95.0
CNF -> VCP,A320,1255,6.54161818905615,6.599404565001654,64505.25099601594,126.08474337942349
CNF -> VCP,A321,18,7.487982455827187,7.5109473753763565,73755.5,116.6904761904762
CNF -> VCP,ATR,114,2.9287033010663484,2.8594864130965636,20524.877192982458,44.658219623131906
CNF -> VCP,E1,602,6.726031744198361,6.729069838824342,44845.083056478405,98.20682994668933
CNF -> VCP,E2,892,5.373145790493941,5.370739497767242,52262.839686098654,108.48435961938095
CNF -> VDC,A320,8,5.9353149943704935,5.929458577951729,62723.375,122.0
CNF -> VDC,ATR,178,2.7795929237907364,2.789240556978233,21715.05617977528,59.16011235955056
CNF -> VDC,E1,159,6.216648679175347,6.162464985994398,44622.157232704405,88.0
CNF -> VDC,E2,88,4.920722170712984,4.898973889358505,51666.85227272727,95.0
CNF -> VIX,A320,83,6.52219847429534,6.465764657646576,59604.93975903615,116.93975903614458
CNF -> VIX,ATR,43,2.8881664759458925,2.8859649122807016,21677.18604651163,66.23255813953489
CNF -> VIX,E1,1471,6.884596662024293,6.897007042253522,43882.92658055745,92.65916816018786
CNF -> VIX,E2,155,5.418242704206507,5.407915993537965,50744.84516129032,102.97290322580645
CPV -> CNF,A320,100,5.1118895040038534,5.111794023987915,63051.98,130.0
CPV -> CNF,E1,4,5.126799576285277,5.12843936929478,43778.5,59.0
CPV -> CNF,E2,264,4.302224167325194,4.298320769832806,51961.41287878788,96.625
CPV -> REC,A320,1,9.45012787723785,9.45012787723785,54995.0,68.0
CPV -> REC,ATR,984,3.4629479316843144,3.4625,20254.94512195122,45.59451219512195
CPV -> REC,E1,1,9.215922798552473,9.215922798552473,40655.0,33.833333333333336
CPV -> REC,E2,1,7.141073657927591,7.141073657927591,45050.0,33.833333333333336
CUR -> CNF,A320,187,5.0808258959917,5.109380644643359,75518.72727272728,152.0
CUR -> VCP,A320,1,4.286346269857229,4.286346269857229,61595.0,0.0
CWB -> CNF,A320,44,5.330085707029087,5.312966547150474,63083.204545454544,144.56060606060606
CWB -> CNF,ATR,2,2.4402370316712947,2.4402370316712947,16613.0,0.0
CWB -> CNF,E1,86,5.677850404757848,5.70443470271094,44383.79069767442,91.74651162790697
CWB -> CNF,E2,1047,4.55299605380146,4.562614166835803,52255.92359121299,116.66364215218083
CWB -> REC,A320,16,4.738875533522188,4.749183763118521,66960.625,135.78125
CWB -> REC,E2,21,3.842354994090942,3.820839580209895,54674.80952380953,120.95238095238095
CWB -> VCP,A320,122,7.018565918675229,7.060807770308941,63460.229508196724,127.23339085418465
CWB -> VCP,A321,5,7.812289234832169,7.765097479790775,71010.8,167.4
CWB -> VCP,ATR,163,2.8813979663219307,2.896713615023474,20611.889570552146,45.18972960690752
CWB -> VCP,E1,1251,7.2965076273788645,7.306459001374256,44462.26059152678,100.13726161927602
CWB -> VCP,E2,2048,5.978096712956637,5.999516207063377,52348.7626953125,117.81316817434211
CXJ -> CNF,E1,1,4.890390183372398,4.890390183372398,41263.0,49.0
CXJ -> VCP,A320,446,5.65452230276783,5.654454687854982,64676.2533632287,140.0
CXJ -> VCP,ATR,1,2.6,2.6,17832.0,120.5
CXJ -> VCP,E1,17,5.558754419515524,5.707722598993655,42802.35294117647,101.0
EEA -> VCP,ATR,221,2.6504378501352472,2.649315068493151,20238.737556561086,37.0
EZE -> CNF,A320,11,4.5253224370876675,4.774671606601549,62497.27272727273,114.50882463387157
FEC -> REC,ATR,81,2.6230412288626184,2.6126373626373627,19095.37037037037,39.05174825174825
FEN -> REC,A320,2,6.264075065883286,6.264075065883286,61284.0,128.0
FEN -> REC,ATR,2426,2.766531156954691,2.784565916398714,21362.04451772465,64.19655812036274
FEN -> REC,E1,34,6.6972785352288104,6.585250356345231,44285.08823529412,113.20588235294117
FEN -> REC,E2,352,5.283475719134514,5.278002547554312,51583.69602272727,124.3409090909091
FLL -> VCP,A320,1,4.010302711385604,4.010302711385604,62837.0,217.44444444444446
FLN -> CNF,A320,52,5.261876260909138,5.2039693397677045,63219.980769230766,130.20673076923077
FLN -> CNF,E1,37,5.746270482243085,5.618156128576475,45729.35135135135,105.10810810810811
FLN -> CNF,E2,688,4.510587271014825,4.502961183636387,52470.80087209302,111.59689922480621
FLN -> REC,A320,3,4.584205062262185,4.464335469490109,66802.0,146.66666666666666
FLN -> REC,E2,22,3.926229388893781,3.921039606623699,55829.90909090909,125.9090909090909
FLN -> VCP,A320,316,6.430647020861997,6.462116728446978,64400.36708860759,116.45027124773961
FLN -> VCP,A321,21,7.052386616808404,7.126751980499695,71115.76190476191,121.0
FLN -> VCP,ATR,20,2.7106616951234823,2.6615918218327854,19086.8,39.9
FLN -> VCP,E1,376,6.641777190647697,6.574773707066315,44295.867021276594,106.27520814061056
FLN -> VCP,E2,1611,5.388228385012699,5.3841289914638,52227.97827436375,116.7255327953652
FOR -> CNF,A320,683,5.354960896496593,5.352529336357361,68233.89019033675,155.12825768667645
FOR -> CNF,E1,7,5.4752744816708105,5.585264408793821,48040.57142857143,85.28571428571429
FOR -> CNF,E2,58,4.4420537673124505,4.421995545353141,55483.58620689655,132.18534482758622
FOR -> REC,A320,180,6.280030577986809,6.318036763557066,63045.98888888889,137.82444444444445
FOR -> REC,A321,6,6.961889117821304,6.8836689531861355,70475.0,146.16666666666666
FOR -> REC,ATR,195,2.891619971017835,2.912921348314607,21289.897435897437,61.16802413273002
FOR -> REC,E1,714,6.473082765008395,6.424625288470881,44175.30952380953,106.84173669467788
FOR -> REC,E2,1185,5.158692706281052,5.159605339524085,51726.99746835443,120.31639078221356
FOR -> VCP,A320,683,5.358036686058685,5.3553437185150745,69815.03953147877,156.45644216691068
FOR -> VCP,A321,386,6.138467051581907,6.137731821035664,80733.19170984456,194.71347150259066
FOR -> VCP,E1,3,5.437050803280613,5.382704548983077,49416.333333333336,108.75
FOR -> VCP,E2,57,4.357832572992956,4.367923064991468,55905.491228070176,116.80701754385964
GEL -> VCP,ATR,106,2.6434979361040245,2.6567048935469986,21666.54716981132,53.7122641509434
GIG -> CNF,A320,77,6.722661482889677,6.786001609010459,59430.71428571428,97.87940630797773
GIG -> CNF,ATR,19,2.8789080108506635,2.907258064516129,19898.21052631579,47.8421052631579
GIG -> CNF,E1,1374,7.066694552561069,7.047289520054831,43539.16812227074,101.06637554585154
GIG -> CNF,E2,271,5.5890237805342915,5.601691657054978,49992.970479704796,104.22509225092251
GIG -> REC,A320,2213,4.925639440660766,4.93944385233989,65700.50610031631,152.49788440208684
GIG -> REC,A321,54,5.608191588146921,5.659080761235808,74021.64814814815,154.0074074074074
GIG -> REC,E1,1,4.653977550024402,4.653977550024402,42883.0,53.0
GIG -> REC,E2,12,4.098689229993673,4.084414669348314,54241.75,117.5
GIG -> VCP,A320,150,6.897355882564602,6.8803093113945035,60107.026666666665,107.19851851851851
GIG -> VCP,A321,11,7.317357043914471,7.331615752668385,67565.09090909091,96.0
GIG -> VCP,ATR,47,2.993221654396124,3.036101083032491,20317.27659574468,49.909090909090914
GIG -> VCP,E1,760,7.211570412108769,7.187613588270906,43773.45526315789,101.07285087719299
GIG -> VCP,E2,526,5.795441516023433,5.772556987907541,50730.87642585552,111.44547182855167
GNM -> CNF,ATR,491,2.7362133601112877,2.7421203438395416,20621.450101832994,50.91038696537678
GPB -> VCP,ATR,190,2.6181876038166907,2.6301165830868802,19879.963157894737,41.0
GRU -> CNF,A320,403,6.210834862196825,6.252195293291184,62042.45657568238,123.4029776674938
GRU -> CNF,A321,2,6.988812661330643,6.988812661330643,70441.0,116.0
GRU -> CNF,ATR,14,2.8941754303635467,2.895363062565635,21445.285714285714,65.92857142857143
GRU -> CNF,E1,400,6.5684761922468855,6.515716729483341,44601.8125,104.772
GRU -> CNF,E2,305,5.068030245241072,5.05763185469787,51993.30163934426,117.13949329359166
GRU -> REC,A320,772,4.868029477306567,4.8827516551469445,66887.30958549223,142.10960542048625
GRU -> REC,A321,2437,5.619050732653809,5.656100738167607,77338.48912597456,179.43516618793598
GRU -> REC,E1,1,4.375864453665284,4.375864453665284,34091.0,135.95833333333334
GRU -> REC,E2,14,3.9568459998973506,3.9443990651432888,54470.42857142857,119.0
GRU -> VCP,A320,40,8.683752453056872,8.384403702250275,51708.05,1.5788461538461538
GRU -> VCP,A321,6,9.430196780813956,8.988130736603942,56825.166666666664,0.2333333333333333
GRU -> VCP,ATR,5,3.1918381340548687,3.2142857142857144,15743.2,3.03125
GRU -> VCP,E1,14,8.3377259100493,8.418636467279775,35699.92857142857,0.0
GRU -> VCP,E2,10,6.018398914386618,6.059730250481696,41912.9,0.36666666666666664
GVR -> CNF,ATR,1269,3.142071406080549,3.145985401459854,20330.776989755712,53.99448384554768
GYN -> CNF,A320,53,5.5999642021806535,5.590885002649709,59297.6037735849,102.14622641509433
GYN -> CNF,ATR,11,2.6126210638356815,2.5598885793871866,20256.81818181818,57.90909090909091
GYN -> CNF,E1,339,6.161629088629998,6.086839266450917,44040.62241887906,97.26169405815422
GYN -> CNF,E2,1540,5.005516181198438,5.008683038934437,51414.56688311688,113.44051948051947
GYN -> REC,A320,1284,4.825586599315644,4.831587465917823,64514.97975077882,148.90732087227414
GYN -> REC,A321,4,5.480838425186935,5.5267752223479505,74100.75,173.25
GYN -> REC,E1,1,5.2559928973068955,5.2559928973068955,47928.0,145.71428571428572
GYN -> REC,E2,13,4.087055651173582,4.06631589397399,53170.0,129.7948717948718
GYN -> VCP,A320,1795,5.817942214156047,5.8290096999774414,63201.154317548746,142.75543175487465
GYN -> VCP,A321,33,6.51372949406175,6.629078694817658,71081.21212121213,151.28787878787878
GYN -> VCP,ATR,11,2.3944943442823843,2.3526570048309177,16953.272727272728,0.0
GYN -> VCP,E1,127,6.123283285654444,6.097849208225005,44365.503937007874,99.62204724409449
GYN -> VCP,E2,259,4.961317893096626,4.961464354527939,51830.895752895754,119.39619839619839
IGU -> CNF,A320,6,5.211915191418103,5.136644873458023,67525.66666666667,153.5
IGU -> CNF,E1,18,5.4204255721313395,5.493032675167029,46183.72222222222,150.2
IGU -> CNF,E2,70,4.269675342706688,4.241356321938786,54070.58571428571,130.0
IGU -> REC,A320,16,4.720864240691822,4.694803816605965,68860.25,159.0
IGU -> REC,E2,9,3.973593662530347,3.9761660686827267,56474.22222222222,132.11111111111111
IGU -> VCP,A320,721,5.838038850671335,5.828900709219858,67200.11511789182,155.47711511789183
IGU -> VCP,A321,21,6.451138004454878,6.387353526420517,73439.42857142857,161.71428571428572
IGU -> VCP,ATR,3,2.46026100249334,2.4064516129032256,20243.333333333332,106.34090909090908
IGU -> VCP,E1,76,5.848986825840836,5.811654872254892,44529.09210526316,89.52631578947368
IGU -> VCP,E2,262,4.861668129210707,4.885391966130335,53919.36259541985,123.47777278850471
IMP -> CNF,A320,30,5.069770578997618,5.117186059249205,62881.3,124.4
IMP -> CNF,E1,96,5.4817442161950645,5.46396842013044,46065.333333333336,99.0
IMP -> CNF,E2,277,4.323828627260663,4.328659562535053,52459.830324909744,108.41516245487365
IOS -> CNF,A320,63,6.058986451021307,6.083099906629319,62593.0,155.11640211640213
IOS -> CNF,ATR,104,2.8002546233521954,2.797510494633876,21551.509615384617,62.93028846153846
IOS -> CNF,E1,30,6.177338693670916,6.166328095388321,44206.76666666667,99.33333333333333
IOS -> CNF,E2,550,5.0155407203829245,5.022576414096704,51797.55818181818,123.66363636363636
IOS -> VCP,A320,347,5.570974113698296,5.560143132397467,64445.28242074928,146.23013585837793
IOS -> VCP,E1,19,5.673396921201624,5.761516115645318,44609.47368421053,113.07894736842105
IOS -> VCP,E2,215,4.704526173645212,4.693196048420759,53176.888372093024,128.76837209302326
IPN -> CNF,ATR,1959,3.26656789276364,3.267857142857143,20006.957120980092,49.53301003913562
IZA -> CNF,ATR,113,3.06481936945583,3.0580645161290323,19749.477876106193,39.05174825174825
IZA -> VCP,ATR,649,2.934658294523423,2.9335664335664338,20974.083204930663,56.08659476117103
IZA -> VCP,E1,2,6.254176913087406,6.254176913087406,37268.0,3.0
JDO -> REC,A320,3,5.867515223132784,6.0430586488492954,53212.333333333336,42.0
JDO -> REC,ATR,286,2.8646390082753617,2.8786969451203026,20698.017482517484,55.56075174825175
JDO -> REC,E1,97,6.859673817141925,6.864343958487768,43198.64948453608,36.09090909090909
JDO -> REC,E2,4,5.083051735561716,5.117690327326223,45931.5,36.09090909090909
JDO -> VCP,A320,170,5.246545893276662,5.245427232665497,66824.08823529411,128.73529411764707
JDO -> VCP,E1,21,5.623009119066988,5.674643821584877,48870.52380952381,116.0
JDO -> VCP,E2,267,4.474352953799646,4.458259325044405,55530.96254681648,120.77403245942573
JJD -> CNF,A320,21,5.217878580300754,5.276795104694521,64872.142857142855,149.77777777777777
JJD -> CNF,E1,1,5.63708048850851,5.63708048850851,48402.0,118.0
JJD -> CNF,E2,68,4.383465753343837,4.377287716486938,55126.73529411765,122.05882352941177
JJD -> REC,ATR,1,2.903719912472648,2.903719912472648,16131.0,39.05174825174825
JJD -> REC,E2,1,5.262256476129308,5.262256476129308,54797.0,94.30076542098153
JJD -> VCP,E2,1,5.741553144000616,5.741553144000616,47579.0,94.30076542098153
JJG -> CNF,E1,1,4.894494685070602,4.894494685070602,40932.0,73.86543400102723
JJG -> VCP,A320,10,5.845647420085729,5.884636071455854,59610.0,51.0
JJG -> VCP,ATR,242,2.8149821178846177,2.8172377228444563,21469.214876033056,57.0
JJG -> VCP,E1,45,6.105921880280598,6.0663507109004735,42721.066666666666,58.0
JJG -> VCP,E2,10,4.806422272187625,4.752974735126324,50016.4,55.333333333333336
JOI -> VCP,A320,42,6.601082665460677,6.682972459056614,60624.09523809524,80.42857142857143
JOI -> VCP,ATR,1174,2.9276342731713094,2.9339803336048016,21090.98551959114,58.23679727427598
JOI -> VCP,E1,265,6.925306769018653,6.924939467312348,42203.31698113208,81.83647798742139
JOI -> VCP,E2,7,5.529519370355165,5.463375151760421,49349.28571428572,83.71428571428571
JPA -> CNF,A320,371,5.362529752263258,5.35752401280683,66871.94339622642,154.4177897574124
JPA -> CNF,E1,7,5.49409089216055,5.6,46603.57142857143,119.0
JPA -> CNF,E2,134,4.463159172832869,4.464353594543607,55284.649253731346,129.87206823027716
JPA -> REC,A320,11,9.916906324563872,9.847972972972972,54524.63636363636,70.4090909090909
JPA -> REC,A321,6,11.201622983412413,11.123685591296525,61267.0,63.20000000000001
JPA -> REC,ATR,1083,3.7417058094532307,3.7666666666666666,20337.154201292706,61.71098799630656
JPA -> REC,E1,1,10.338983050847459,10.338983050847459,38659.0,57.0
JPA -> VCP,A320,480,5.3784287619324695,5.375354493891797,69189.98333333334,159.26527777777775
JPA -> VCP,A321,11,5.9181183293776005,5.827049180327869,76857.18181818182,180.45454545454547
JPA -> VCP,E1,10,5.6922894307325365,5.702817051021755,49584.9,116.5
JPA -> VCP,E2,50,4.451847921084774,4.452279953775981,56314.54,125.93333333333334
JPR -> VCP,E1,2,5.131229489457991,5.131229489457991,45843.5,100.0
JPR -> VCP,E2,60,4.068652938936428,4.087714230709895,54179.1,119.96666666666667
JTC -> CNF,ATR,2,2.4033353312671775,2.4033353312671775,16855.5,0.5
JTC -> CNF,E1,1,5.691709844559585,5.691709844559585,35583.0,0.5
JTC -> REC,A320,14,4.630395862550046,4.7137659771513825,63817.142857142855,126.0
JTC -> REC,E2,5,3.854384437619109,4.018777002326354,52349.4,106.0
JTC -> VCP,A320,5,7.420838250031311,7.323852617970266,54064.8,55.6
JTC -> VCP,ATR,928,3.0139664127043373,3.0082644628099175,19627.00323275862,43.49476600985221
JTC -> VCP,E1,14,7.487785954960761,7.324951691657089,38203.07142857143,64.69047619047619
JTC -> VCP,E2,8,5.770599419169579,5.829363463626493,44536.125,42.75
LDB -> CNF,E2,1,4.556619483763531,4.556619483763531,52499.0,121.0
LDB -> REC,A320,4,4.597409549643574,4.630342702894479,65227.0,97.0
LDB -> REC,ATR,1,2.1811432813659986,2.1811432813659986,18517.0,97.0
LDB -> VCP,A320,47,6.507138254063712,6.556217423678332,61496.46808510638,109.74468085106383
LDB -> VCP,ATR,1019,2.8297798125608558,2.838951310861423,21613.048086359177,61.68204121687929
LDB -> VCP,E1,267,6.837217780354574,6.821823731400229,43815.76779026217,88.5692883895131
LDB -> VCP,E2,10,5.686397180546505,5.652194863547011,51950.5,99.5
LEC -> CNF,ATR,85,2.648660996875756,2.6470588235294117,20980.576470588236,63.0
MAB -> CNF,A320,233,5.186799459036811,5.170912257783583,65649.22746781116,146.56652360515022
MAB -> CNF,E1,23,5.611402402622591,5.615884169062068,47668.782608695656,94.0
MAB -> CNF,E2,215,4.377920422852401,4.374729085392285,54437.7023255814,120.71162790697674
MAB -> VCP,A320,1,4.1960571531922595,4.1960571531922595,52422.0,114.50882463387157
MAO -> CNF,A320,393,5.105475640768154,5.101730504670191,69980.98473282442,161.43638676844785
MAO -> CNF,A321,1,5.805666702714394,5.805666702714394,82733.0,77.83333333333333
MAO -> CNF,ATR,2,2.125542248414491,2.125542248414491,18218.5,0.5
MAO -> CNF,E1,3,4.399612167999952,4.451808096816021,40258.0,0.0
MAO -> CNF,E2,1,3.6268939393939394,3.6268939393939394,43960.0,0.0
MAO -> REC,A320,63,5.056373483701387,5.064960248206321,70310.92063492064,153.54365079365078
MAO -> REC,A321,491,5.861704509789467,5.876667311038082,81301.73727087576,199.62400125332914
MAO -> VCP,A320,1096,5.103650931202954,5.109955456117197,70067.12682481752,165.50008294625084
MAO -> VCP,A321,462,5.969512971646431,5.957746010684309,82331.03463203463,205.7301587301587
MAO -> VCP,E1,299,4.658964258524928,4.6578856152513,42868.83946488294,0.252269469660774
MAO -> VCP,E2,6,4.239530035902253,4.235892363808749,57053.166666666664,134.0
MCP -> CNF,ATR,2,2.2396454489375257,2.2396454489375257,18138.0,0.0
MCP -> REC,ATR,1,2.450266429840142,2.450266429840142,20745.0,39.05174825174825
MCP -> VCP,A320,1,4.275655326268823,4.275655326268823,55694.0,0.0
MCP -> VCP,E1,1,4.4957347275729225,4.4957347275729225,39682.0,0.0
MCZ -> CNF,A320,782,5.4224910989952715,5.432370949792966,65302.12531969309,154.18441243774396
MCZ -> CNF,ATR,1,2.0559796437659035,2.0559796437659035,16894.0,0.0
MCZ -> CNF,E1,18,5.654047858305401,5.640856691637281,46640.444444444445,115.83333333333333
MCZ -> CNF,E2,197,4.542286647232176,4.536449072898146,53615.12182741117,121.34010152284264
MCZ -> REC,A320,10,7.788919493549413,7.814112937569202,53181.6,31.5
MCZ -> REC,A321,1,9.00865460267506,9.00865460267506,63747.0,0.0
MCZ -> REC,ATR,1938,3.233976790550313,3.2542372881355934,20438.613519091847,59.27747678018576
MCZ -> REC,E1,4,8.228199983758607,8.132621749192078,40678.25,97.5
MCZ -> REC,E2,14,6.270117013102663,6.309041980563369,47666.142857142855,81.76190476190477
MCZ -> VCP,A320,883,5.481617749820513,5.487288135593221,69437.67270668177,159.93540689208865
MCZ -> VCP,A321,6,6.190602031270918,6.048416622992647,79003.83333333333,196.0
MCZ -> VCP,E1,21,5.564771099190479,5.603144483599891,47927.04761904762,100.57142857142857
MCZ -> VCP,E2,156,4.501966541500898,4.491417884668598,55153.3141025641,118.43065268065268
MDZ -> VCP,A320,27,4.621356999842121,4.583333333333333,68891.14814814815,132.0
MGF -> CNF,ATR,1,2.3295238095238093,2.3295238095238093,16870.0,0.0
MGF -> CNF,E2,1,3.6477561388653683,3.6477561388653683,42572.0,0.0
MGF -> VCP,A320,25,5.971230157560172,5.871985157699444,60209.8,105.24
MGF -> VCP,ATR,980,2.766374874064501,2.7722613183204317,21594.09081632653,64.79387755102042
MGF -> VCP,E1,421,6.301820372950867,6.260037059913526,43375.8836104513,82.08372921615202
MGF -> VCP,E2,108,5.113660449970222,5.111588556365121,49947.74074074074,103.19444444444444
MII -> VCP,ATR,608,2.8599831470955093,2.8674698795180724,19544.136513157893,43.0
MOC -> CNF,ATR,2204,2.909830705030878,2.914213564213564,20337.248638838475,55.646338208604675
MOC -> CNF,E1,40,7.0179250981153505,6.9540834416130055,39992.7,65.55
MOC -> VCP,ATR,3,2.4135691274118227,2.4625850340136055,16507.666666666668,0.0
MVD -> CNF,A320,1,4.215771230502599,4.215771230502599,54284.0,114.50882463387157
MVD -> CNF,E2,1,3.6321542432063154,3.6321542432063154,53962.0,94.30076542098153
MVD -> REC,A320,81,4.547116466301634,4.572245219791051,69683.90123456791,134.0
MVD -> REC,E2,69,3.723126890332176,3.69095315823317,56325.536231884056,109.0
MVD -> VCP,A320,9,4.429738706447804,4.254718047236976,56790.0,2.7777777777777777
MVD -> VCP,E2,24,4.06688996520066,4.038030096900732,53802.125,109.8611111111111
MVF -> REC,ATR,281,2.9683401318180684,2.9839357429718874,20722.274021352314,50.0
NAT -> CNF,A320,730,5.304336459596548,5.319503495751791,67105.8,156.10252897787146
NAT -> CNF,E1,4,5.477653843926319,5.5539868304964966,47963.0,119.0
NAT -> CNF,E2,51,4.415448930210723,4.413441955193482,55351.23529411765,126.39651416122005
NAT -> REC,A320,35,7.528751249270654,7.448132780082988,55391.74285714285,84.98095238095237
NAT -> REC,A321,2,7.865045742070073,7.865045742070073,62197.5,72.0
NAT -> REC,ATR,1975,3.1542114614411276,3.165562913907285,20815.98329113924,62.080253164556964
NAT -> REC,E1,2,7.63806781925006,7.63806781925006,38581.0,62.592592592592595
NAT -> REC,E2,8,5.900434250281959,5.754487801530123,48357.875,85.25
NAT -> VCP,A320,567,5.378931577512807,5.405384907091392,70004.05643738977,154.04091710758377
NAT -> VCP,A321,41,6.1476911151193665,6.266489735383655,80574.43902439025,202.27439024390245
NAT -> VCP,E1,3,5.656441474783178,5.623634093037777,49952.0,123.75675675675676
NAT -> VCP,E2,54,4.356487288468082,4.3408623481521404,56165.81481481482,117.87037037037037
NSR -> REC,ATR,95,2.6301233856179915,2.643006263048017,19593.8,44.0
NVT -> CNF,A320,1,5.730899982107712,5.730899982107712,68720.0,90.33333333333333
NVT -> CNF,E1,5,5.74175753416942,5.653606737458806,42959.4,90.4
NVT -> CNF,E2,31,4.564722060319964,4.568605093120486,52689.967741935485,113.61290322580645
NVT -> REC,A320,3,4.715998681492986,4.711718587386388,67037.0,101.0
NVT -> REC,E2,9,3.8195155761099553,3.8813920454545454,54642.88888888889,109.0
NVT -> VCP,A320,108,6.613651023058508,6.587238131037699,62304.23148148148,130.66534391534393
NVT -> VCP,ATR,6,2.9788532361241025,2.975073769218823,21681.166666666668,69.33333333333333
NVT -> VCP,E1,717,6.87797377105236,6.816647919010124,44213.05020920502,106.76021886063727
NVT -> VCP,E2,1330,5.612337838295526,5.5935588268721865,51878.023308270676,113.52631578947368
OAL -> VCP,E2,52,4.15399308142709,4.157756520265817,54583.442307692305,119.65384615384616
OPS -> VCP,A320,458,5.14975040525736,5.142736198789406,65118.35807860262,148.0174672489083
OPS -> VCP,E1,3,5.092280904892512,5.316153662610355,42668.0,132.66666666666666
OPS -> VCP,E2,3,4.428292620009216,4.312597387031044,53016.0,118.0
PAV -> REC,ATR,60,2.8336737336922697,2.8743968953220054,19815.233333333334,39.05174825174825
PDP -> VCP,A320,2,4.5484326137428805,4.5484326137428805,56442.0,0.0
PDP -> VCP,E1,1,5.459510805034434,5.459510805034434,47815.0,86.0
PDP -> VCP,E2,23,4.214709746824686,4.2601375385345035,54347.913043478264,129.2608695652174
PET -> VCP,ATR,2,2.328783982890256,2.328783982890256,18122.0,109.0
PET -> VCP,E1,125,5.548250976500228,5.5375059722885815,45499.472,109.0
PFB -> VCP,A320,463,5.646353301709947,5.636656688924706,64041.97624190065,148.59092872570196
PFB -> VCP,ATR,7,2.465076454221431,2.437219730941704,17782.14285714286,102.83333333333333
PFB -> VCP,E1,24,5.652700713947003,5.659233476495288,43297.166666666664,100.0
PGZ -> VCP,ATR,195,2.7175060859586964,2.7327935222672064,19285.697435897437,30.0
PHB -> CNF,A320,72,5.202637234034077,5.191004056655701,66707.65277777778,153.0
PHB -> CNF,E2,21,4.348584812454818,4.3770915001434165,54624.90476190476,153.0
PLU -> CNF,ATR,33,3.311294841240719,3.2941176470588234,16423.727272727272,0.0
PLU -> CNF,E1,16,8.59417683551724,8.548507155256422,35901.625,0.0
PLU -> CNF,E2,2,6.325454754034888,6.325454754034888,40915.5,0.0
PLU -> REC,ATR,1,2.3094713656387666,2.3094713656387666,17374.0,39.05174825174825
PLU -> VCP,ATR,36,2.5572218262618334,2.558340594442831,16581.555555555555,0.0
PLU -> VCP,E1,24,6.003964586290521,5.831071011155142,35934.875,0.0
PLU -> VCP,E2,2,4.951461014562684,4.951461014562684,42590.0,0.0
PMG -> VCP,ATR,31,2.6660508221062003,2.6808510638297873,22026.645161290322,63.333333333333336
PMG -> VCP,E1,205,5.4433870457348,5.407452907452908,43280.93658536585,88.3780487804878
PMG -> VCP,E2,26,4.35281054630537,4.262445176351056,50029.42307692308,97.0
PMW -> CNF,A320,50,5.347799752763193,5.359389928024115,62870.28,135.18
PMW -> CNF,E1,167,5.7144799349009165,5.6632572777340675,45533.928143712576,99.58682634730539
PMW -> CNF,E2,150,4.518408956325267,4.494658774499273,51991.17333333333,112.0
PMW -> REC,A320,15,4.9807703704697746,4.865188735769922,62486.333333333336,119.0
PMW -> VCP,A320,306,5.276218344160708,5.268140824820328,64421.228758169935,142.0718954248366
PMW -> VCP,A321,4,5.718135805161465,5.749942122749237,71393.75,101.0
PMW -> VCP,E1,42,5.555337940454511,5.560164210010212,45343.666666666664,100.10714285714286
PMW -> VCP,E2,119,4.4936136664949835,4.49453219927096,53127.184873949576,111.88235294117646
PNZ -> CNF,E1,1,5.0654036986919255,5.0654036986919255,40538.0,73.86543400102723
PNZ -> REC,A320,5,5.952646714308173,5.951847704367301,61233.6,110.0
PNZ -> REC,A321,1,6.686440677966102,6.686440677966102,70407.0,66.8125
PNZ -> REC,ATR,391,2.8495464223366747,2.857541899441341,21288.3631713555,60.07303211139528
PNZ -> REC,E1,298,6.152476058518135,6.125642829841204,42473.82214765101,91.0
PNZ -> REC,E2,134,4.735431473911045,4.712362355988355,49497.91791044776,102.08507462686566
PNZ -> VCP,A320,112,5.292179303589293,5.325959213191046,64557.38392857143,143.0
PNZ -> VCP,A321,3,5.821721357791687,5.8607622347336505,70845.0,79.42857142857143
PNZ -> VCP,E1,57,5.640056308747123,5.63063063063063,46985.82456140351,105.75438596491227
PNZ -> VCP,E2,143,4.484801727728045,4.4743015568351465,54612.11188811189,120.62587412587412
POA -> CNF,A320,540,5.0775676436056125,5.0784936068067505,65500.40740740741,132.3962962962963
POA -> CNF,ATR,2,2.2929613276283956,2.2929613276283956,17816.0,0.0
POA -> CNF,E1,8,5.2195866212485615,5.348062533524603,46133.5,99.20833333333333
POA -> CNF,E2,108,4.254858956673332,4.265688919549948,54053.46296296296,128.570987654321
POA -> REC,A320,103,4.7700999282537735,4.795611938469081,67991.2718446602,136.38834951456312
POA -> REC,A321,1,5.208680106035387,5.208680106035387,74829.0,151.0
POA -> REC,E2,346,3.911467446780497,3.8965344068653662,56234.13583815029,122.47398843930635
POA -> VCP,A320,1851,5.747765100559258,5.762449137763999,66568.29011345218,131.22852512155592
POA -> VCP,A321,241,6.655284430042009,6.698496546119464,76982.42738589212,173.6058091286307
POA -> VCP,ATR,14,2.405757766640606,2.335399230530788,17740.928571428572,8.571428571428571
POA -> VCP,E1,137,5.833744895725302,5.84688995215311,45179.42335766424,92.23738495715645
POA -> VCP,E2,519,4.7994312732511935,4.767463754471851,53909.921001926785,122.48836519934785
POJ -> CNF,ATR,191,2.90906947665235,2.9226519337016574,20100.392670157067,49.916230366492144
PPB -> CNF,E1,1,5.454903505317054,5.454903505317054,40412.0,62.0
PPB -> REC,A320,19,4.560358159048242,4.58926453143535,64689.05263157895,137.0
PPB -> VCP,A320,7,6.057491634701489,6.047162270183853,54102.0,45.42857142857143
PPB -> VCP,ATR,721,2.726085058601065,2.7376425855513307,20460.109570041608,50.67905686546463
PPB -> VCP,E1,394,6.6145209653492305,6.567472088940951,42699.266497461926,92.15736040609137
PPB -> VCP,E2,12,5.378060499950016,5.258277744087326,49194.333333333336,99.5
PTO -> VCP,ATR,203,2.6284663547274474,2.6216216216216215,20751.99014778325,51.82266009852217
PVH -> CNF,A320,497,4.971149591278881,4.972795758928572,68922.07243460765,153.05288876113826
PVH -> CNF,E1,2,4.951423839355172,4.951423839355172,49205.0,106.0
PVH -> REC,A320,7,5.00855792109087,4.949684461879584,71559.14285714286,172.0
PVH -> VCP,E1,1,4.03394945303659,4.03394945303659,38456.0,73.86543400102723
QNS -> VCP,A320,287,5.683706955448088,5.6796116504854375,66009.48780487805,114.50882463387158
QNS -> VCP,ATR,9,2.2789620161570983,2.2729083665338647,16044.111111111111,39.05174825174825
QNS -> VCP,E1,29,5.730117917881883,5.702085402184707,45552.862068965514,73.86543400102723
QNS -> VCP,E2,23,4.69088632899667,4.674418604651163,53586.52173913043,94.30076542098152
RAO -> CNF,A320,10,5.915421459175138,5.958234496780753,54009.0,35.325
RAO -> CNF,ATR,640,2.7929121701152373,2.798593814860938,20966.5515625,58.43147321428571
RAO -> CNF,E1,6,6.330659427852171,6.250476835544875,40091.666666666664,65.83333333333333
RAO -> CNF,E2,3,5.1274127934896425,5.095785440613026,44937.0,51.0
RAO -> REC,A320,193,4.721386575949759,4.723477317910718,64543.59067357513,145.81606217616581
RAO -> REC,E2,6,4.045466584852324,3.9589299009891747,53565.333333333336,111.0
RAO -> VCP,A320,40,7.3462971180009236,7.312405036176262,54539.6,53.083333333333336
RAO -> VCP,ATR,2289,3.0813978557088753,3.0859375,20542.69244211446,56.63968462002538
RAO -> VCP,E1,50,7.824439885174813,7.780921414118215,40282.54,81.39555555555556
RAO -> VCP,E2,39,6.046587454490465,6.0482103725346965,46709.230769230766,70.68091168091168
RBR -> CNF,A320,280,4.8673589791431695,4.902070062283114,69233.71428571429,153.15
REC -> AJU,A320,4,6.4178233817525925,6.492213936068859,55290.0,56.0
REC -> AJU,A321,2,7.441861857742152,7.441861857742152,66593.5,70.0
REC -> AJU,ATR,1518,2.8964352782425515,2.9148936170212765,21408.355731225296,49.33893280632411
REC -> AJU,E1,26,6.765386616898847,6.769141672923006,41765.653846153844,69.71153846153847
REC -> AJU,E2,59,5.731335788791005,5.7185628742514965,49639.35593220339,84.67796610169492
REC -> ASU,E2,14,4.37519571659421,4.2432801946002545,57421.357142857145,114.0
REC -> BEL,A320,1082,5.263843537517982,5.289387051872776,67330.79482439926,139.04690388170056
REC -> BEL,A321,3,6.059982968531706,6.155703872837446,82758.66666666667,77.0
REC -> BEL,E1,1,5.605089058524173,5.605089058524173,49479.0,114.0
REC -> BEL,E2,68,4.474316267302658,4.508671462592815,55855.10294117647,122.48529411764706
REC -> BPS,A320,1,5.7966643009226395,5.7966643009226395,68230.0,165.0
REC -> BSB,A320,1317,5.5129159874959175,5.523666738059542,68768.01898253607,149.41761579347002
REC -> BSB,A321,11,6.043729171453889,6.084696198418715,75722.0,158.0
REC -> BSB,E2,2,4.429088589179786,4.429088589179786,53527.5,153.8
REC -> CAU,ATR,29,3.1953385756394743,3.2278481012658227,17320.689655172413,5.0
REC -> CGH,A320,2244,5.419711023454792,5.423855860788269,69445.73573975044,157.77540106951872
REC -> CGH,E1,1,4.538903732491296,4.538903732491296,39291.0,0.0
REC -> CGH,E2,36,4.58872676373806,4.570644662695884,56650.25,124.33333333333333
REC -> CGR,A320,12,5.337488048999905,5.324042060418114,71256.75,161.0
REC -> CNF,A320,2917,5.347400981460084,5.357303370786517,65747.98423037367,140.96436978631013
REC -> CNF,A321,17,5.967984778812372,6.093802721853559,74174.70588235294,116.80882352941177
REC -> CNF,ATR,6,2.400816922922027,2.300083028512833,18579.833333333332,0.0
REC -> CNF,E1,12,5.40265548490403,5.531093617334946,43713.916666666664,80.41666666666667
REC -> CNF,E2,74,4.55031083738301,4.52547271023238,54160.09459459459,113.92374517374517
REC -> CPV,A320,1,8.02122820318423,8.02122820318423,55895.0,50.0
REC -> CPV,ATR,996,3.1851805500958243,3.1918333333333333,20262.59437751004,47.81927710843374
REC -> CPV,E1,1,7.709291628334866,7.709291628334866,34633.0,35.6
REC -> CWB,A320,14,5.152385496954941,5.130973972582915,68170.07142857143,158.0
REC -> CWB,E2,21,4.440089164607842,4.445500402076175,55624.04761904762,127.14285714285714
REC -> FEC,ATR,80,2.64525440591724,2.6385807231079434,20302.45,39.05174825174825
REC -> FEN,A320,2,6.619921328710227,6.619921328710227,64021.5,135.5
REC -> FEN,ATR,2417,2.9320170756157005,2.9448051948051948,22057.526272238312,61.50834367673424
REC -> FEN,E1,33,6.997526988340052,6.900695762175839,45931.90909090909,111.54545454545455
REC -> FEN,E2,344,5.750335380917649,5.754052260953753,53923.51162790698,127.26453488372093
REC -> FLN,A320,3,5.378335496863573,5.321608744394618,72474.33333333333,165.66666666666666
REC -> FLN,E2,30,4.482491994096182,4.514549150827679,57830.5,128.06666666666666
REC -> FOR,A320,185,6.175945752601954,6.186506902839281,64778.616216216215,142.32864864864865
REC -> FOR,A321,6,7.036846774182529,6.996006072759715,73981.0,141.66666666666666
REC -> FOR,ATR,196,2.765496864083635,2.7733333333333334,21923.178571428572,62.17256902761104
REC -> FOR,E1,726,6.341111681013824,6.290048867443639,45279.54958677686,104.37272727272727
REC -> FOR,E2,1199,5.28118631280346,5.295091009376724,52955.04503753128,118.00391351767499
REC -> GIG,A320,2212,5.53999794918821,5.557269563904768,70022.17405063291,152.40185352622063
REC -> GIG,A321,55,6.221927129724291,6.262772315403894,78950.5090909091,151.0909090909091
REC -> GIG,E2,16,4.473041550529427,4.4877435364000124,56263.375,126.25
REC -> GRU,A320,767,5.471297797104086,5.490062270749808,70205.16166883963,148.14090147140996
REC -> GRU,A321,2397,6.277229366480153,6.309361120601299,80486.530246141,183.83395911556113
REC -> GRU,E2,26,4.454054884577017,4.458719027506662,56407.38461538462,111.53846153846153
REC -> GYN,A320,1301,5.392135177041946,5.408730158730159,68355.95926210607,152.67649884704073
REC -> GYN,A321,6,6.01192957348712,5.956056078410892,74824.16666666667,135.2222222222222
REC -> GYN,E1,1,5.75826344351258,5.75826344351258,49058.0,152.22727272727272
REC -> GYN,E2,11,4.5396136185930756,4.497176260774794,55997.181818181816,141.45454545454547
REC -> IGU,A320,15,5.2013538321249335,5.1508165225744476,69086.26666666666,160.0
REC -> IGU,E2,7,4.51669859810488,4.428479794740218,57678.142857142855,101.21428571428571
REC -> IMP,A320,1,5.38442521631644,5.38442521631644,65541.0,114.50882463387157
REC -> JDO,A320,2,5.724708422803169,5.724708422803169,56566.0,60.5
REC -> JDO,ATR,291,2.761200880228091,2.768976897689769,21744.02405498282,53.8718703976436
REC -> JDO,E1,99,6.664357840227062,6.6068515497553015,44905.868686868685,45.5
REC -> JDO,E2,5,5.16717113164042,5.089340727048675,48728.4,3.0
REC -> JJD,ATR,1,2.8945147679324896,2.8945147679324896,21048.0,39.05174825174825
REC -> JPA,A320,8,8.815000151591981,8.799433081073758,54794.0,48.5
REC -> JPA,A321,7,9.88436825502488,9.804347826086957,62783.42857142857,53.857142857142854
REC -> JPA,ATR,1076,3.408789097565627,3.418979744936234,20369.342007434945,53.795539033457246
REC -> JPA,E1,1,9.233128834355828,9.233128834355828,39555.0,54.0
REC -> JPA,E2,1,5.5047178209008365,5.5047178209008365,55129.0,45.0
REC -> JTC,A320,12,5.350802747844917,5.425842876440531,69772.58333333333,154.0
REC -> JTC,E2,4,4.466999567361523,4.418785782166829,56332.5,94.0
REC -> LDB,A320,4,5.316410880478946,5.264742850539909,68653.5,121.0
REC -> MAO,A320,59,5.289560215373083,5.27392377296408,74164.72881355933,158.44915254237287
REC -> MAO,A321,479,6.1738400034563705,6.198924398837856,86309.13987473903,184.64348803597238
REC -> MCP,ATR,1,2.6214788732394365,2.6214788732394365,21849.0,39.05174825174825
REC -> MCZ,A320,9,8.29129268258948,8.147249190938512,56858.666666666664,7.866666666666666
REC -> MCZ,A321,2,8.750079522376373,8.750079522376373,62899.5,44.05263157894737
REC -> MCZ,ATR,1953,3.2196108445468186,3.23728813559322,20585.10035842294,54.78067929680833
REC -> MCZ,E1,2,8.165533560419924,8.165533560419924,40343.5,52.0
REC -> MCZ,E2,15,6.677915891898923,6.786516853932584,47936.46666666667,78.06666666666666
REC -> MVD,A320,87,5.311988488807657,5.295746287440221,73201.41379310345,124.8103448275862
REC -> MVD,E2,76,4.273917430270246,4.279417455451247,57767.5,105.0
REC -> MVF,ATR,283,2.8665414626003436,2.876923076923077,21565.512367491167,43.0
REC -> NAT,A320,39,7.38299164544567,7.356651376146789,57972.179487179485,44.46153846153846
REC -> NAT,A321,2,7.941298571299894,7.941298571299894,61975.5,47.0
REC -> NAT,ATR,1990,3.0597105434738094,3.0764866602378658,21197.720100502513,59.518894472361815
REC -> NAT,E1,2,7.500327568134172,7.500327568134172,39259.5,55.464285714285715
REC -> NAT,E2,12,6.264933273720495,6.146323091737752,49232.083333333336,47.0
REC -> NSR,ATR,123,2.5699884678246283,2.5615866388308977,20874.260162601626,37.0
REC -> NVT,A320,5,5.081011033756603,5.1044839555146275,67040.6,120.6
REC -> NVT,E2,9,4.584198733215808,4.5769893708704394,58525.0,130.0
REC -> PAV,ATR,59,2.734681298348117,2.7393162393162394,19995.322033898305,39.05174825174825
REC -> PLU,ATR,4,2.4582984596205213,2.348672240098062,17707.5,0.0
REC -> PMW,A320,13,5.338565448286421,5.458783120706575,67627.53846153847,152.0
REC -> PNZ,A320,5,6.083506522709297,5.952049066071926,62040.2,63.0
REC -> PNZ,A321,1,7.181498512307276,7.181498512307276,74222.0,71.54545454545455
REC -> PNZ,ATR,364,2.782699530322002,2.7869969063954914,22133.46153846154,63.08333333333333
REC -> PNZ,E1,304,6.296175248324608,6.250201053219881,44396.69078947369,79.0
REC -> PNZ,E2,167,5.189071601733931,5.178907721280603,51556.86826347305,102.22754491017965
REC -> POA,A320,90,5.242912305851918,5.2526146492928545,70502.52222222222,140.40888888888887
REC -> POA,E2,340,4.455347151007837,4.451615956614873,57515.9,121.29411764705883
REC -> PPB,A320,20,5.44301938642583,5.479197650603439,70421.1,145.0
REC -> PVH,A320,9,5.035407177815677,5.019199122325837,72954.88888888889,163.0
REC -> RAO,A320,198,5.49798400126966,5.527152598408628,70428.41414141415,150.0
REC -> RAO,E2,6,4.417632379486402,4.409241786566231,56950.833333333336,118.0
REC -> REC,A320,5,7.496236609956125,6.397277227722772,63352.0,0.0
REC -> REC,A321,1,7.025270758122744,7.025270758122744,77271.0,0.0
REC -> REC,ATR,36,3.28881221351933,3.2890435835351086,21132.61111111111,0.0
REC -> REC,E1,3,8.763060105871359,8.167752442996743,44340.666666666664,0.0
REC -> REC,E2,2,4.976678456775501,4.976678456775501,50464.0,0.0
REC -> SJP,A320,198,5.277981162555078,5.299598415278045,67882.80303030302,150.0
REC -> SJP,E2,4,4.46694222069184,4.534234520543319,56578.5,123.0
REC -> SLZ,A320,806,5.5644548070957915,5.5797057285139235,67516.20099255584,141.24441687344913
REC -> SLZ,A321,4,6.147608494976502,6.1433265086648445,75679.5,195.0
REC -> SLZ,E1,6,5.703831224560708,5.7258309110152545,46863.5,109.0
REC -> SLZ,E2,80,4.680072495388833,4.672346541903705,54623.475,119.825
REC -> SSA,A320,277,6.148732238880058,6.1592770403840715,62820.41155234657,106.71119133574007
REC -> SSA,A321,8,7.091459212731957,7.015345322311941,73588.875,133.66666666666666
REC -> SSA,ATR,171,2.7816826294234778,2.802139037433155,21736.502923976608,54.677299308878254
REC -> SSA,E1,605,6.350342654351994,6.330223353124117,44971.051239669425,92.75074380165289
REC -> SSA,E2,1184,5.31883818621412,5.334491723599791,52698.72212837838,108.3741554054054
REC -> THE,A320,431,5.721957528527879,5.735294117647059,65907.88167053364,134.46403712296984
REC -> THE,A321,2,6.270735354624463,6.270735354624463,73175.0,135.0
REC -> THE,ATR,1,2.8783269961977185,2.8783269961977185,22437.0,66.0
REC -> THE,E1,148,6.004152473569356,5.922418094594971,46937.36486486487,107.36363636363636
REC -> THE,E2,166,4.855550322554098,4.864151207152225,54183.451807228914,115.77409638554217
REC -> UBA,A320,1,5.3074886346605386,5.3074886346605386,70813.0,114.50882463387157
REC -> UDI,A320,140,5.479189313692877,5.49023347860688,69626.63571428572,145.0
REC -> UDI,E2,2,4.760474404412234,4.760474404412234,57599.0,127.0
REC -> UNA,A320,1,4.595012565242606,4.595012565242606,49895.0,4.0
REC -> UNA,E1,1,5.428740390301597,5.428740390301597,39338.0,56.5
REC -> VCP,A320,910,5.466889371154926,5.483570738560688,70132.03186813187,146.1324175824176
REC -> VCP,A321,2154,6.333724276060945,6.346343380166381,81572.29805013927,188.08946809921738
REC -> VCP,ATR,3,2.307263764544876,2.278015397775877,19173.0,0.0
REC -> VCP,E1,10,5.615982952086664,5.499857127292101,47542.5,80.03999999999999
REC -> VCP,E2,80,4.500511296270351,4.541897901293552,55891.45,111.96323529411765
REC -> VIX,A320,517,5.479610763447216,5.478801169590644,67231.59381044487,137.20212765957447
REC -> VIX,E2,6,4.894576998731204,4.815352858456883,56303.0,121.5
RIA -> VCP,ATR,191,2.6487863301816277,2.652094717668488,22050.455497382198,59.60471204188482
ROO -> VCP,ATR,17,2.5969295255863094,2.606451612903226,21528.529411764706,68.0
ROO -> VCP,E1,129,5.406894057181023,5.349815001681803,43121.38759689922,88.0
ROO -> VCP,E2,210,4.331746541804299,4.299871476130148,49556.62380952381,90.0
RVD -> VCP,ATR,385,2.624253498104995,2.633495145631068,20460.883116883117,46.0
SDU -> CNF,A320,7,7.188612743242223,7.277464177160225,63539.857142857145,76.84375
SDU -> CNF,ATR,9,2.910442394016894,2.953307392996109,21259.0,63.22222222222222
SDU -> CNF,E1,1485,7.035276376376266,6.991576413959085,42414.39595959596,91.23982683982685
SDU -> CNF,E2,394,5.620723776633581,5.6001080324971735,50632.743654822334,114.19035532994924
SDU -> VCP,A320,8,6.846886384143089,6.865261808914246,60028.375,74.39344262295081
SDU -> VCP,ATR,70,3.0517646383709103,3.0706425391656054,21406.842857142856,58.25714285714286
SDU -> VCP,E1,2398,7.188701154639937,7.170174684755804,42322.96997497915,88.03639143730886
SDU -> VCP,E2,768,5.816990744050951,5.810632732822737,50305.653645833336,110.94921875
SJP -> CNF,ATR,648,2.699481693984884,2.7100827772881786,20640.546296296296,52.88168724279836
SJP -> CNF,E1,5,5.82538875994541,5.670921985815603,38069.4,38.3
SJP -> REC,A320,196,4.78079419588237,4.770602382915584,65870.17346938775,158.0
SJP -> REC,E2,5,4.515429233326864,4.132510774951407,53751.8,114.0
SJP -> VCP,A320,19,6.749251022575657,6.71602326811211,56870.15789473684,78.78195488721805
SJP -> VCP,ATR,2389,2.881861596865537,2.8882978723404253,20427.822519882797,56.79160165911944
SJP -> VCP,E1,48,7.000218515992103,6.918611637767223,39932.333333333336,60.427083333333336
SJP -> VCP,E2,8,5.481941759760163,5.60922031742585,46470.25,70.0
SLZ -> CNF,A320,491,5.191698362140602,5.191791331031838,67011.5784114053,152.9823489477257
SLZ -> CNF,E1,1,5.401529636711281,5.401529636711281,48021.0,123.88888888888889
SLZ -> CNF,E2,22,4.404777096125343,4.441870050125004,54808.318181818184,102.77272727272727
SLZ -> REC,A320,814,5.330044199834712,5.3383515893328,63560.67936117936,143.12530712530713
SLZ -> REC,A321,4,5.955630815732711,5.9569214314227015,69810.25,148.0
SLZ -> REC,E1,6,5.568509260840326,5.556377558516097,45396.5,110.0
SLZ -> REC,E2,79,4.552811446341618,4.518607804731053,52766.784810126584,123.59493670886076
SLZ -> VCP,A320,445,5.1675376968108875,5.172467613547682,67824.04269662921,148.78712972420837
SLZ -> VCP,A321,13,5.6960723297025435,5.714174211676553,74265.53846153847,144.0
SLZ -> VCP,E1,4,5.523518762651161,5.591751688508599,49215.25,91.0
SLZ -> VCP,E2,31,4.362539898423335,4.290449881610103,55122.93548387097,117.95161290322581
SMT -> CNF,E1,32,5.035479593639934,5.015147851190481,43968.96875,76.125
SMT -> CNF,E2,117,4.080262027343385,4.061284046692607,50698.205128205125,87.35042735042735
SOD -> VCP,E1,2,7.819617429092461,7.819617429092461,35329.5,73.86543400102723
SOD -> VCP,E2,6,6.359100076913383,5.964535477618586,41295.166666666664,94.30076542098153
SSA -> CNF,A320,1405,5.705745540408943,5.722489811041127,63384.00213523132,144.59490829455243
SSA -> CNF,ATR,44,2.617736666716436,2.609224109224109,20083.636363636364,31.694055944055947
SSA -> CNF,E1,227,5.968077317567853,5.892262125138837,44905.651982378855,109.38188325991189
SSA -> CNF,E2,504,4.792650519795796,4.805114492418354,52606.27380952381,121.60873015873017
SSA -> REC,A320,260,5.883969600564374,5.876069328024684,60256.446153846155,109.02857142857144
SSA -> REC,A321,2,6.466366160106041,6.466366160106041,67794.5,76.66666666666667
SSA -> REC,ATR,163,2.747524020124319,2.77088948787062,20269.957055214723,51.99566943341754
SSA -> REC,E1,617,6.154177080449985,6.157394843962008,43018.94651539708,96.31280388978931
SSA -> REC,E2,887,4.898095133013718,4.896401308615049,50473.528748590754,110.11499436302142
SSA -> VCP,A320,1561,5.495210793666319,5.496560878484373,65953.066623959,154.1951073030109
SSA -> VCP,A321,50,6.073149222283631,6.0933521729995945,73480.38,145.015
SSA -> VCP,ATR,4,2.7752000268645984,2.802775856365222,17650.75,0.0
SSA -> VCP,E1,181,5.742932367861377,5.739068441064639,46530.28729281768,112.62541436464089
SSA -> VCP,E2,471,4.640133995790658,4.6319873893537045,53892.59447983015,124.24416135881104
STM -> CNF,A320,9,5.095400458401802,5.117603971677382,66487.0,124.0
STM -> CNF,E1,1,5.512694512694512,5.512694512694512,50790.0,119.0
STM -> CNF,E2,19,4.27685856258107,4.30081497619624,55830.52631578947,121.0
STM -> VCP,A320,1,4.025646727447929,4.025646727447929,53960.0,0.0
TEC -> VCP,ATR,4,2.681350319760787,2.6413637308833815,17290.25,16.0
THE -> CNF,A320,284,5.190414428318619,5.20243392615002,64762.5,142.0
THE -> CNF,A321,1,5.894166760690512,5.894166760690512,73208.0,158.0
THE -> CNF,E1,5,5.421941420509275,5.497166981446505,45408.4,110.86666666666667
THE -> CNF,E2,100,4.4530400525473,4.454501013094408,53888.17,119.22
THE -> REC,A320,452,5.572124702979709,5.597883629613194,62727.36504424779,149.7017699115044
THE -> REC,A321,1,6.1308008615625615,6.1308008615625615,69326.0,165.0
THE -> REC,ATR,1,2.9069767441860463,2.9069767441860463,21690.0,63.0
THE -> REC,E1,145,5.964917291670976,5.869820172009382,44685.70344827586,96.0
THE -> REC,E2,152,4.698763771745236,4.713935024576525,51685.01315789474,117.1217105263158
THE -> VCP,A320,455,5.2359028426843235,5.235159415184076,67504.03076923077,155.65274725274725
THE -> VCP,A321,5,5.973776995782719,6.050256591753672,76475.8,192.2
THE -> VCP,E1,2,5.607569381302961,5.607569381302961,49385.5,119.0
THE -> VCP,E2,37,4.352441784716136,4.34026863313142,55151.59459459459,118.52702702702703
TJL -> VCP,ATR,261,2.6918322885010353,2.710191082802548,19961.800766283526,43.0
UBA -> CNF,A320,1,6.012195121951219,6.012195121951219,53151.0,40.75
UBA -> CNF,ATR,628,2.789792812706338,2.794649184975195,20693.414012738853,47.382165605095544
UBA -> CNF,E1,4,6.409221530568006,6.228676880631622,39233.75,58.0
UBA -> VCP,ATR,277,2.791739770116948,2.789237668161435,19863.415162454872,45.667870036101085
UBA -> VCP,E1,3,6.586662237143933,6.641697877652933,40805.0,71.0
UDI -> CNF,A320,12,6.026463316799067,6.073336848962199,56469.166666666664,88.5
UDI -> CNF,ATR,2122,2.784452100675445,2.7965214761040533,21041.63242224317,59.22340559220861
UDI -> CNF,E1,45,6.318780826992888,6.228035923467395,40756.73333333333,71.77777777777777
UDI -> CNF,E2,19,4.968462961930146,4.961890243902439,48201.31578947369,75.0
UDI -> REC,A320,143,4.75852205225146,4.762726488352028,64441.23776223776,141.0
UDI -> REC,E2,2,4.177098118457683,4.177098118457683,52371.0,107.0
UDI -> VCP,A320,33,6.22063655529734,6.231703519152911,59535.90909090909,91.18181818181819
UDI -> VCP,ATR,772,2.83838164253007,2.843459972862958,21480.422279792747,59.454663212435236
UDI -> VCP,E1,487,6.499534437775041,6.521603005635567,43053.81314168378,87.87577002053388
UDI -> VCP,E2,268,5.351102792219816,5.354580202406289,50588.149253731346,86.96968283582089
UNA -> CNF,A320,27,5.907539811864883,6.002006521193881,59026.18518518518,96.89814814814815
UNA -> CNF,E1,48,6.133791082868718,6.1636969335461265,43258.791666666664,92.0
UNA -> REC,A320,1,5.1566679403897595,5.1566679403897595,57196.0,77.0
UNA -> REC,E1,1,5.715102974828375,5.715102974828375,46756.0,38.5
UNA -> VCP,A320,8,5.445659053939641,5.754897449164037,59848.75,86.8
UNA -> VCP,E1,3,5.6215628918192815,5.563410151279514,44458.333333333336,86.8
VCP -> AFL,E1,7,5.71018228098962,5.779039752194115,48889.0,96.0
VCP -> AFL,E2,53,4.471690962801064,4.459222600268069,56508.96226415094,110.0
VCP -> AJU,A320,185,4.994550015520697,4.9705661992935894,66153.43243243243,143.1881081081081
VCP -> AJU,A321,8,5.754800578715173,5.6733116406470945,76268.75,126.0
VCP -> AJU,E1,43,5.328568647802633,5.349602122015916,47710.09302325582,109.38759689922482
VCP -> AJU,E2,238,4.156787933663981,4.147258785750562,54797.73949579832,124.69747899159664
VCP -> AQA,ATR,12,3.002375574193234,3.0127401837928156,17736.25,39.05174825174825
VCP -> ARU,ATR,712,2.9761531957920084,2.963776419658773,21092.299157303372,55.17696629213483
VCP -> ARU,E1,16,7.100979483292237,7.206546986524229,42932.875,63.75
VCP -> ASU,E2,50,4.934590647009683,4.921405945616481,53718.5,102.28
VCP -> BEL,A320,1458,5.027061708335964,5.039822334874744,68923.55349794238,143.25197187928669
VCP -> BEL,A321,201,5.9755564753975365,6.007183249274034,81643.05472636817,159.32835820895522
VCP -> BEL,E1,168,4.538672568774484,4.521700738636413,41510.16071428572,34.5
VCP -> BEL,E2,5,4.144187714227759,4.305914550707009,54491.0,89.2
VCP -> BPS,A320,730,5.313733666976509,5.307773156581609,66402.6095890411,148.44914383561644
VCP -> BPS,A321,1,6.132506527415144,6.132506527415144,76855.0,116.97872340425532
VCP -> BPS,E1,34,5.673467503013418,5.483522775470876,46244.205882352944,101.82352941176471
VCP -> BPS,E2,124,4.462571507706579,4.454111097319199,54690.75806451613,125.96370967741936
VCP -> BRC,A320,59,5.724706381009879,5.688969258589512,73925.1186440678,151.0
VCP -> BSB,A320,454,5.857224758708772,5.873155077444229,63816.93392070485,129.32779335202244
VCP -> BSB,A321,5,6.776177966358011,6.627592425608656,71246.6,210.0
VCP -> BSB,ATR,8,2.744094746912872,2.8183853972489845,20793.875,55.458333333333336
VCP -> BSB,E1,294,6.051130774100602,5.994468288226589,44510.510204081635,99.24754346182918
VCP -> BSB,E2,1105,4.83607409295398,4.836992681304059,52178.61447963801,103.37466063348417
VCP -> BVB,A320,48,5.122322330958235,5.173097511167014,73534.14583333333,157.0
VCP -> BVB,A321,1,6.252717672636919,6.252717672636919,82516.0,157.0
VCP -> BVH,E1,1,5.861413858614139,5.861413858614139,49627.0,118.0
VCP -> BVH,E2,42,4.560394187294291,4.547267138980178,56885.07142857143,118.0
VCP -> BYO,E1,34,6.089770173896017,6.0745623957746755,45736.382352941175,87.76470588235294
VCP -> BYO,E2,41,4.932039234653171,4.895374449339207,52974.80487804878,105.70731707317073
VCP -> CAC,A320,31,6.2880902290900735,6.297182349813929,63871.8064516129,142.96774193548387
VCP -> CAC,ATR,67,2.9065964721898943,2.9123711340206184,21997.55223880597,60.55721393034826
VCP -> CAC,E1,279,6.592905951565821,6.543114543114543,44526.921146953406,101.83960573476702
VCP -> CAC,E2,278,5.356317577387572,5.331176960935634,53022.8345323741,117.22302158273381
VCP -> CAW,ATR,338,2.6467901222255237,2.6601123595505616,20509.204142011833,29.0
VCP -> CFB,ATR,1,2.462121212121212,2.462121212121212,19633.0,0.0
VCP -> CGB,A320,1565,5.67510972144759,5.670177463569471,67166.44920127795,135.11872204472843
VCP -> CGB,A321,94,6.3678823971328855,6.366728286778754,76072.51063829787,169.87234042553192
VCP -> CGB,ATR,6,2.4806561241557508,2.4123780980923835,17902.5,0.0
VCP -> CGB,E1,146,5.86794482440593,5.856177118766054,47273.80136986302,108.25599315068493
VCP -> CGB,E2,283,4.759880096959947,4.730564131349986,55482.045936395756,119.81908127208482
VCP -> CGH,A320,29,8.708043334410153,8.756983240223464,48833.1724137931,0.09018567639257294
VCP -> CGH,ATR,2,3.181056574019318,3.181056574019318,16258.5,0.0
VCP -> CGH,E1,40,8.997577606992998,8.771832908490325,34896.875,3.7375
VCP -> CGH,E2,17,5.42464070918472,5.462753950338601,40012.294117647056,1.3058823529411765
VCP -> CGR,A320,492,6.1556066031713215,6.143225170835811,66083.88821138212,139.78150406504065
VCP -> CGR,A321,14,6.937681690150226,6.891268153264315,73060.71428571429,130.92857142857142
VCP -> CGR,ATR,6,2.8255341597463417,2.849826675470452,19467.666666666668,0.0
VCP -> CGR,E1,346,6.415222585443756,6.343134660994361,46341.28034682081,108.03793352601156
VCP -> CGR,E2,527,5.147902890086053,5.126422250316056,54364.21821631878,120.27087286527514
VCP -> CLV,A320,1,6.042147806004619,6.042147806004619,62034.0,59.5
VCP -> CLV,E1,8,6.1848046186908165,6.216985113524872,43529.875,117.0
VCP -> CMG,E1,134,5.896409006713962,5.855563042359667,45831.44776119403,94.41044776119404
VCP -> CMG,E2,44,4.87760476086167,4.884351290483956,54142.15909090909,102.18181818181819
VCP -> CNF,A320,1236,6.253757069133509,6.317565022538225,62478.54935275081,129.24219981744253
VCP -> CNF,A321,10,7.110473818501984,7.308483773374885,73755.2,161.8
VCP -> CNF,ATR,117,2.798080917521192,2.7948717948717947,20364.62393162393,45.47008547008547
VCP -> CNF,E1,637,6.436612669981124,6.424485125858123,44125.0,100.03500784929356
VCP -> CNF,E2,1141,5.203306937156036,5.197456492637215,52153.667835232256,118.75144078825062
VCP -> CWB,A320,122,7.183589564827758,7.147999534453231,61039.729508196724,123.63583138173303
VCP -> CWB,A321,5,7.842500945828048,7.802547770700636,69075.0,142.2
VCP -> CWB,ATR,177,3.0246174051108556,3.0430622009569377,20529.406779661018,48.99018733273863
VCP -> CWB,E1,1309,7.366774039902795,7.419673751853682,43776.64247517189,100.41185730490544
VCP -> CWB,E2,819,5.873733550530324,5.852534562211981,51540.78876678877,118.53185376714788
VCP -> CXJ,A320,445,6.238432663367071,6.223368468266428,66255.64494382023,143.0
VCP -> CXJ,ATR,2,2.9870238038768147,2.9870238038768147,22205.5,125.0
VCP -> CXJ,E1,18,6.374894982949476,6.4593011463962355,45517.055555555555,107.0
VCP -> EEA,ATR,225,2.8584831981291936,2.8446327683615817,21258.795555555556,35.0
VCP -> EZE,A320,1,5.305822387767105,5.305822387767105,58914.0,0.0
VCP -> EZE,E1,1,5.477636106051406,5.477636106051406,41668.0,0.0
VCP -> FLN,A320,315,6.5313416485881755,6.528897849462365,63857.619047619046,126.67215007215007
VCP -> FLN,A321,23,7.204570399839642,7.111327491074326,70429.26086956522,138.0
VCP -> FLN,ATR,20,2.7911003070276896,2.830267982804676,21027.4,25.666666666666668
VCP -> FLN,E1,371,6.792678714139044,6.722995361166335,45027.46091644205,108.72411606151896
VCP -> FLN,E2,952,5.405118994810931,5.397841743316635,52957.700630252104,123.61059423769507
VCP -> FOR,A320,687,4.976405211863279,4.973002582361687,69105.48617176128,157.4262840507382
VCP -> FOR,A321,392,5.766883164394153,5.78201571292933,79483.40816326531,192.49489795918367
VCP -> FOR,E1,4,5.42749005303409,5.450856198564641,49849.0,3.0
VCP -> FOR,E2,49,4.153568377232304,4.148403256105198,56547.857142857145,125.43061224489797
VCP -> GEL,ATR,107,2.911780675507226,2.9071969696969697,22481.52336448598,48.0
VCP -> GIG,A320,158,6.421396635247859,6.463940746779759,60175.037974683546,94.48486516235553
VCP -> GIG,A321,9,7.459293336620921,7.41907639188606,69357.33333333333,95.33333333333333
VCP -> GIG,ATR,52,2.8003932905554763,2.840741261692102,21003.51923076923,65.00384615384615
VCP -> GIG,E1,771,6.714126828145518,6.693548387096774,43536.82619974059,100.52572416774751
VCP -> GIG,E2,609,5.316886188571293,5.302966987045549,51353.7881773399,115.23021346469622
VCP -> GPB,ATR,188,2.9160558644720793,2.923677039381153,20936.02659574468,42.0
VCP -> GRU,A320,46,8.312905106807658,8.381529850746269,49993.108695652176,0.4031620553359684
VCP -> GRU,A321,5,9.499245311242667,9.858757062146893,57417.2,0.0
VCP -> GRU,ATR,8,3.228121765243146,3.18548199767712,16278.75,1.25
VCP -> GRU,E1,18,8.601155210447184,8.566580925999208,36602.88888888889,0.37037037037037035
VCP -> GRU,E2,4,5.902345069781506,5.780916046592491,46045.0,0.35
VCP -> GYN,A320,1798,5.921602958085736,5.919679872434176,63538.764738598446,143.87513904338152
VCP -> GYN,A321,31,6.724238185948937,6.693396226415095,72481.58064516129,169.01612903225808
VCP -> GYN,ATR,13,2.641495694272079,2.6983333333333333,19854.76923076923,51.0
VCP -> GYN,E1,121,6.136948306345518,6.0603088992400105,44998.50413223141,109.36053719008264
VCP -> GYN,E2,145,4.831684374732661,4.789651837524178,52275.69655172414,123.87183908045978
VCP -> IGU,A320,735,6.1660275420988055,6.161116111611161,64231.87482993197,152.96568405139834
VCP -> IGU,A321,22,6.810503627062493,6.86935200935573,72036.09090909091,169.8181818181818
VCP -> IGU,ATR,3,2.9015721109714288,2.9454926624737947,21928.0,122.21621621621621
VCP -> IGU,E1,73,6.431857377969765,6.363636363636364,44858.12328767123,100.82191780821918
VCP -> IGU,E2,153,5.106720912960893,5.086887835703001,53031.86928104575,118.31372549019608
VCP -> IOS,A320,351,5.253737371435273,5.264676186355113,65871.23076923077,143.44851444851446
VCP -> IOS,E1,19,5.482951107602063,5.507890961262554,46676.05263157895,96.15789473684211
VCP -> IOS,E2,140,4.406680619142781,4.3770460520978425,54830.20714285714,119.81428571428572
VCP -> IZA,ATR,653,2.8027705221212025,2.805755395683453,21728.43032159265,60.01480347115875
VCP -> IZA,E1,2,6.094706011555504,6.094706011555504,38238.5,0.0
VCP -> JDO,A320,138,5.04773270046667,5.054172578880435,68762.2536231884,143.65217391304347
VCP -> JDO,E1,21,5.315767651294531,5.313166929572237,48670.90476190476,108.0
VCP -> JDO,E2,237,4.184393243805416,4.1847121969276335,56136.25316455696,121.64978902953587
VCP -> JJG,A320,10,5.942102244294482,5.944083213185349,60278.9,53.0
VCP -> JJG,ATR,240,2.8470227239503085,2.834447492959382,21929.4875,51.0
VCP -> JJG,E1,47,6.581356161060047,6.5213746856663874,45205.82978723404,48.0
VCP -> JJG,E2,3,5.231580992614352,5.225427051246149,53223.333333333336,50.666666666666664
VCP -> JOI,A320,42,7.022970771679011,6.983372701086952,62378.142857142855,71.53571428571429
VCP -> JOI,ATR,1177,2.99006408914554,2.990950226244344,21683.390824129143,60.97734352874539
VCP -> JOI,E1,264,7.190941297128725,7.232092759892387,43759.125,87.82102272727273
VCP -> JPA,A320,500,4.896781212999924,4.897308573815582,67657.44,154.8865
VCP -> JPA,A321,8,5.416199388446793,5.413379730666076,74327.0,175.375
VCP -> JPA,E1,10,5.223750954107166,5.174805780902126,48894.7,110.7
VCP -> JPA,E2,44,4.099826075607761,4.12347658076588,55606.295454545456,127.38383838383838
VCP -> JPR,E1,2,5.566374817357838,5.566374817357838,49698.5,100.0
VCP -> JPR,E2,42,4.549175856727866,4.503888033996566,57607.80952380953,118.0
VCP -> JTC,A320,5,7.305855930322044,7.230021598272138,54562.2,52.0
VCP -> JTC,ATR,920,3.135345237549804,3.133780389342424,19972.470652173914,42.94809782608696
VCP -> JTC,E1,17,7.932595799259064,8.126911314984708,37098.23529411765,34.752941176470586
VCP -> JTC,E2,2,6.489550304005016,6.489550304005016,45200.0,60.0
VCP -> LDB,A320,46,6.669039176978976,6.720623746785383,59546.63043478261,103.73913043478261
VCP -> LDB,ATR,1019,3.0142229672574627,3.004366812227074,21200.57605495584,63.3738959764475
VCP -> LDB,E1,266,7.092766127927898,7.07244155729904,42503.78195488722,95.296992481203
VCP -> LDB,E2,7,5.745295344114619,5.887961859356377,49660.0,97.71428571428571
VCP -> MAB,E1,1,4.6089644513137555,4.6089644513137555,39831.0,73.86543400102723
VCP -> MAO,A320,1094,5.261610894485909,5.270859726562698,72002.97623400365,157.3148341603552
VCP -> MAO,A321,481,6.082061635143908,6.098417068134894,83274.32016632016,186.77962577962577
VCP -> MAO,E1,142,4.8898154329278505,4.845826270714388,45657.42253521127,0.0
VCP -> MAO,E2,6,4.396380745120823,4.3808412530552605,59808.5,140.0
VCP -> MCP,A320,1,4.3125220458553795,4.3125220458553795,57519.0,0.0
VCP -> MCP,E1,1,4.6398559423769505,4.6398559423769505,40215.0,0.0
VCP -> MCZ,A320,881,4.90280509492643,4.906978940409859,66780.40181611804,158.87276854813746
VCP -> MCZ,A321,4,5.538848820405809,5.46144536904502,75161.75,194.0
VCP -> MCZ,E1,15,5.1854051097835026,5.1732209737827715,47667.53333333333,116.11999999999999
VCP -> MCZ,E2,106,4.0707679970970485,4.080161907064063,54507.56603773585,128.20854021847072
VCP -> MDZ,A320,27,5.6600662206797105,5.617689231001434,68273.44444444444,131.0
VCP -> MGF,A320,22,6.684445448119127,6.628664986503063,61187.818181818184,89.18181818181819
VCP -> MGF,ATR,994,3.025779149862646,3.0197044866264022,22090.203219315896,64.69672580940187
VCP -> MGF,E1,430,6.926901180983451,6.929335092697203,44772.24418604651,87.1046511627907
VCP -> MGF,E2,58,5.461622774062398,5.472137396907547,51992.10344827586,80.43793103448276
VCP -> MII,ATR,632,3.0333344211778472,3.0164835164835164,20119.881329113923,39.315400843881854
VCP -> MVD,A320,10,4.93691960955525,4.940459040964187,57459.6,5.333333333333333
VCP -> MVD,E2,14,4.600781730195472,4.638793577906543,53497.5,105.14285714285714
VCP -> NAT,A320,548,4.946202518687187,4.965423861463181,68798.74087591241,156.20750782064653
VCP -> NAT,A321,42,5.677655052510103,5.6432917894725225,78631.80952380953,196.39285714285714
VCP -> NAT,E1,3,4.96615969822508,5.070611439842209,45594.0,137.45714285714286
VCP -> NAT,E2,35,4.063650132851071,4.0722702278083265,55491.114285714284,125.11764705882352
VCP -> NVT,A320,108,6.637918132613283,6.556225330234337,61463.0462962963,115.19576719576719
VCP -> NVT,ATR,6,2.894514598439212,2.866772566546407,21003.0,62.72222222222222
VCP -> NVT,E1,711,6.991622085854808,6.951892744479496,44635.558368495076,105.29606188466948
VCP -> NVT,E2,682,5.572363666929206,5.557121895882945,51700.67302052786,118.60215053763442
VCP -> OAL,E2,44,4.559955554821801,4.5225828494206155,57561.52272727273,123.0
VCP -> OPS,A320,468,5.537337252752233,5.538722199202875,69152.19230769231,155.18803418803418
VCP -> OPS,E1,2,5.594335409018113,5.594335409018113,47757.0,93.33333333333333
VCP -> OPS,E2,2,4.731078544366303,4.731078544366303,56243.5,120.0
VCP -> PDP,E1,1,6.338735448527733,6.338735448527733,49817.0,74.0
VCP -> PDP,E2,13,4.575353021052829,4.673620063283722,53628.692307692305,74.0
VCP -> PET,ATR,2,2.8658431330240584,2.8658431330240584,22829.5,97.0
VCP -> PET,E1,129,6.212643039919347,6.17448586118252,47157.13178294573,97.0
VCP -> PFB,A320,478,6.209359238200747,6.23315322380965,65410.24476987448,141.1471408647141
VCP -> PFB,ATR,7,2.8131240406185376,2.7521514629948367,21511.714285714286,107.42857142857143
VCP -> PFB,E1,24,6.466212211384605,6.5335647005109845,45990.958333333336,94.0
VCP -> PGZ,ATR,196,2.897874675211347,2.8928847214561504,20032.632653061224,28.0
VCP -> PHB,A320,1,5.5332405783074226,5.5332405783074226,66429.0,114.50882463387157
VCP -> PLU,ATR,21,2.5097543654214918,2.4654545454545453,16378.047619047618,0.0
VCP -> PLU,E1,16,5.829487389285804,5.691783618502283,35273.375,0.0
VCP -> PLU,E2,2,4.489405366758819,4.489405366758819,41615.5,0.0
VCP -> PMG,ATR,31,2.9050759301225826,2.88659793814433,22498.8064516129,93.5
VCP -> PMG,E1,205,6.319611242321969,6.286573146292585,45840.8243902439,88.0
VCP -> PMG,E2,9,5.161501490043502,5.208417644678268,52704.555555555555,99.0
VCP -> PMW,A320,312,5.428763022116919,5.434591084800167,68741.57051282052,140.00801282051282
VCP -> PMW,A321,4,6.134703945840895,6.07345892712349,76611.25,126.33333333333333
VCP -> PMW,E1,42,5.548216926634065,5.526000098207139,46753.69047619047,112.19047619047619
VCP -> PMW,E2,85,4.447235959771393,4.453451551614946,55489.0,117.12941176470588
VCP -> PNZ,A320,134,4.972723894606498,4.998631943993548,65247.31343283582,131.0
VCP -> PNZ,A321,3,5.454032500405965,5.365239294710327,71123.0,119.66666666666667
VCP -> PNZ,E1,58,5.351080610136594,5.3291313249183965,47193.637931034486,105.79310344827586
VCP -> PNZ,E2,209,4.150585817826134,4.150210424085464,53905.08612440191,121.07655502392345
VCP -> POA,A320,1893,5.965019017270135,5.982584603206016,64485.91442155309,145.2271729854931
VCP -> POA,A321,239,6.636767355839942,6.635495019312868,72273.48953974896,167.55588762701734
VCP -> POA,ATR,22,2.5974720911299953,2.5429316967267868,18507.727272727272,6.375
VCP -> POA,E1,127,6.149136989663213,6.154474867184308,45154.55118110236,91.96662917135357
VCP -> POA,E2,295,4.958923455467828,4.953713227730919,53003.76610169491,119.44714946070877
VCP -> PPB,A320,9,6.39521654573837,6.340629274965801,56995.22222222222,77.55555555555556
VCP -> PPB,ATR,738,2.987128935013516,2.9713257965056528,21158.27642276423,55.313911472448055
VCP -> PPB,E1,395,7.131492728588507,7.089605734767025,44214.06329113924,94.15189873417721
VCP -> PPB,E2,6,5.468318165909282,5.502129168093443,51094.666666666664,92.5
VCP -> PTO,ATR,202,2.947396474796075,2.941976774682364,21789.80693069307,50.87128712871287
VCP -> PVH,A320,1,5.021433674684449,5.021433674684449,69807.0,114.50882463387157
VCP -> PVH,E1,1,5.076772542525967,5.076772542525967,45028.0,73.86543400102723
VCP -> QNS,A320,288,6.182807761822814,6.1689326495960914,67703.55902777778,114.50882463387158
VCP -> QNS,ATR,7,2.9531931943327905,2.9309664694280078,21954.714285714286,39.05174825174826
VCP -> QNS,E1,28,6.442453330154571,6.479638928869184,47490.67857142857,73.86543400102723
VCP -> QNS,E2,18,5.291084573818865,5.248783022397352,55646.27777777778,94.30076542098153
VCP -> RAO,A320,30,7.603963577009262,7.654498491701061,56637.36666666667,65.9095238095238
VCP -> RAO,ATR,2320,3.157245469754428,3.155222082547664,20972.899137931036,56.9448275862069
VCP -> RAO,E1,44,7.867410200439474,7.823048938566096,41139.454545454544,67.53636363636363
VCP -> RAO,E2,18,6.353269842043584,6.288559023772765,47714.11111111111,62.986111111111114
VCP -> REC,A320,862,4.933299231949637,4.951489652557722,67710.62993039443,152.63366286694242
VCP -> REC,A321,2218,5.640462944707203,5.671521302363995,77358.39900811542,183.16408363390443
VCP -> REC,ATR,3,2.302604976388068,2.269854824935952,18180.0,0.0
VCP -> REC,E1,9,4.922342940169612,4.709693921050388,43547.444444444445,51.638888888888886
VCP -> REC,E2,74,4.017506415055717,4.025069838911253,54036.85135135135,108.65250965250966
VCP -> RIA,ATR,187,2.9029627953345782,2.9029982363315696,22524.925133689838,56.0
VCP -> ROO,ATR,17,2.7772109247638346,2.7138047138047137,22535.941176470587,68.0
VCP -> ROO,E1,131,5.957538723250034,5.9280457890433365,46315.442748091606,89.0
VCP -> ROO,E2,79,4.808775729166583,4.835580401183821,53915.45569620253,92.0
VCP -> RVD,ATR,387,2.7761968936410772,2.7825,21098.46253229974,43.0
VCP -> SDU,A320,10,6.654793035161011,6.717558552983501,59234.4,85.43939393939394
VCP -> SDU,ATR,70,2.9096457984616912,2.9190802547372043,21453.714285714286,68.21428571428571
VCP -> SDU,E1,2333,6.7879944563258645,6.772616136919315,43206.9944277754,98.24206723409466
VCP -> SDU,E2,252,5.2448354004449484,5.237699958982772,50306.968253968254,113.59126984126983
VCP -> SJP,A320,16,6.779258343573035,6.778347705148953,56483.75,61.8125
VCP -> SJP,ATR,2399,3.02132569011317,3.018957345971564,21052.233013755733,55.21239405307767
VCP -> SJP,E1,53,7.252263981258974,7.094918504314478,41920.64150943396,66.30188679245283
VCP -> SJP,E2,3,6.032178979611658,5.719679093912222,49076.333333333336,79.0
VCP -> SLZ,A320,451,5.055528692186623,5.05941866067127,69280.37472283814,153.14289233801426
VCP -> SLZ,A321,12,5.660281660632303,5.713700226061624,77017.25,164.0
VCP -> SLZ,E1,4,5.30181515189078,5.297608512789161,49626.5,107.0
VCP -> SLZ,E2,27,4.168268266063357,4.0951462552234,56602.22222222222,122.74814814814815
VCP -> SOD,E2,4,6.798803052837355,7.3176401552767,40839.0,94.30076542098153
VCP -> SSA,A320,1583,5.1782224566200075,5.189195917351257,67109.5072646873,149.84670456938304
VCP -> SSA,A321,49,5.9602897740498,5.980416771277931,77286.73469387754,159.45102040816326
VCP -> SSA,ATR,3,2.5026036621062215,2.316708229426434,21065.333333333332,0.0
VCP -> SSA,E1,179,5.348474634016215,5.357277408012056,46873.49162011173,110.00558659217877
VCP -> SSA,E2,363,4.2718628022301575,4.278792396571003,54565.81267217631,124.95454545454545
VCP -> STM,E1,1,4.857436717901835,4.857436717901835,47117.0,73.86543400102723
VCP -> TEC,ATR,4,2.7563560887090297,2.731313131313131,18176.5,16.5
VCP -> TFF,E1,1,4.399322119005775,4.399322119005775,42883.0,5.0
VCP -> THE,A320,478,5.07191142224538,5.080485877531225,69296.34518828453,155.67573221757323
VCP -> THE,A321,5,5.655270123758996,5.628805930632778,75422.4,157.0
VCP -> THE,E1,2,5.338908743789075,5.338908743789075,49390.5,113.0
VCP -> THE,E2,21,4.281395760268038,4.229214273158727,56710.95238095238,130.984126984127
VCP -> TJL,ATR,257,2.879763889242163,2.8688524590163933,21009.36186770428,47.0
VCP -> UBA,ATR,274,2.9300929874976616,2.919530654988576,20609.441605839416,50.0
VCP -> UBA,E1,4,6.988423018357728,6.9169133799651235,41417.25,36.0
VCP -> UDI,A320,35,6.402832787240748,6.462797039345539,58247.4,74.59047619047618
VCP -> UDI,ATR,766,2.8873071067981937,2.882575757575758,21130.916449086162,59.483028720626635
VCP -> UDI,E1,494,6.7207961180584075,6.729013873265842,42815.15991902834,91.0023616734143
VCP -> UDI,E2,115,5.243555090701801,5.175766641735229,49408.7652173913,94.31552795031055
VCP -> UNA,A320,10,4.698859285776881,4.6053219309516695,58501.1,44.31428571428571
VCP -> UNA,E1,3,5.206815667671371,5.197250448296473,44005.0,40.285714285714285
VCP -> VCP,A320,42,6.350613638701565,5.935673307969055,61281.333333333336,0.0
VCP -> VCP,ATR,50,3.0359501833393883,2.992194241962433,20570.86,1.02
VCP -> VCP,E1,16,7.069241791722513,6.49408266688596,43389.125,0.0
VCP -> VCP,E2,16,5.962181798399178,5.459864461047545,51123.3125,0.0
VCP -> VDC,A320,1,5.580338116209689,5.580338116209689,69394.0,114.50882463387157
VCP -> VDC,ATR,1,2.407051282051282,2.407051282051282,18113.0,39.05174825174825
VCP -> VIX,A320,1437,5.628790372249724,5.619658119658119,66125.96868475992,142.5508698677801
VCP -> VIX,A321,29,6.256372524662991,6.292205085452272,73755.0,159.93965517241378
VCP -> VIX,ATR,5,2.765641107156719,2.748414376321353,22451.8,73.0
VCP -> VIX,E1,201,5.232700571111235,5.023560745748822,40479.04975124378,112.81260364842456
VCP -> VIX,E2,100,4.6910907087793055,4.682322694417296,54227.37,126.21
VCP -> XAP,A320,441,6.27021155105138,6.2546904315197,64706.21315192744,138.83673469387756
VCP -> XAP,ATR,11,2.869695639326518,2.9127358490566038,21445.272727272728,48.90909090909091
VCP -> XAP,E1,164,6.608803395486722,6.542312364160885,45801.44512195122,102.7630662020906
VCP -> XAP,E2,226,5.261031930167741,5.271842226529849,53629.79646017699,116.09493161705551
VDC -> CNF,A320,9,5.96957903688892,6.067767653758542,60417.0,104.66666666666667
VDC -> CNF,ATR,164,2.7507662488913827,2.7525341375554997,20701.548780487807,54.603658536585364
VDC -> CNF,E1,158,6.224007212925985,6.16770721449309,42573.39240506329,89.0
VDC -> CNF,E2,259,5.063112706774078,5.058139534883721,49798.84942084942,90.38610038610038
VDC -> REC,ATR,1,2.3536804308797126,2.3536804308797126,16878.0,5.0
VDC -> VCP,ATR,1,2.5031948881789137,2.5031948881789137,16736.0,39.05174825174825
VIX -> CNF,A320,85,6.910191608590168,6.964499401675309,59969.04705882353,99.46960784313725
VIX -> CNF,ATR,43,2.981706577257558,2.9959016393442623,20904.162790697676,56.18604651162791
VIX -> CNF,E1,1449,7.262101516272144,7.26457399103139,43627.562456866806,95.8797877846791
VIX -> CNF,E2,422,5.906266495034787,5.923516033316766,50815.791469194315,102.21665538253217
VIX -> REC,A320,531,5.1143337852794994,5.104587155963303,65703.21845574387,143.95668549905838
VIX -> REC,A321,1,5.917487684729064,5.917487684729064,74915.0,133.25
VIX -> REC,ATR,1,2.2318840579710146,2.2318840579710146,17481.0,133.25
VIX -> REC,E2,5,4.375463815676514,4.273192111029949,54931.0,133.25
VIX -> VCP,A320,1391,6.254668784227465,6.257835353113246,64579.7900790798,137.43961179007908
VIX -> VCP,A321,28,6.947618468870634,6.9048396286078795,71463.17857142857,142.97321428571428
VIX -> VCP,ATR,4,2.8746525135057888,2.8548033472803347,21892.25,72.0
VIX -> VCP,E1,204,5.938191680335035,5.77512396876294,40818.96078431373,75.38807189542484
VIX -> VCP,E2,182,5.290340918095332,5.308513686498072,53185.47252747253,120.51923076923077
XAP -> VCP,A320,430,5.6241813247376715,5.638285960378983,61588.60930232558,130.0468992248062
XAP -> VCP,ATR,9,2.6347654878427615,2.619164619164619,20872.444444444445,57.02777777777778
XAP -> VCP,E1,160,5.892500507618595,5.85049128250591,44081.14375,100.51964285714286
XAP -> VCP,E2,417,4.727233430743261,4.724585759068518,51372.640287769784,112.36051159072743
