Route,ActiveMonths,TotalFlights,AvgFlightsPerMonth,StdFlightsPerMonth,CoeffVarFlights,PeakMonth,PeakFlights,TroughMonth,TroughFlights,PeakMinusTrough,PeakToTroughRatio,SeasonalityIndex,PeakMonthAvgTOW_kg,TroughMonthAvgTOW_kg,PeakMonthTowRegime,TroughMonthTowRegime,PeakMonthRegimeRank,TroughMonthRegimeRank,MaxRegimeRankShift,MinRegimeRankShift,MaxAvgTOW_kg,MinAvgTOW_kg,DeltaAvgTOW_kg,VolatilityScore
VCP -> SDU,23,2665,115.8695652173913,48.18380058631115,0.415845183296494,2024-09-01,194,2025-11-01,27,167,7.185185185185185,0.3651521331266825,43080.73195876289,47807.92592592593,E1,Nearest: E1,1,1,1.0,0.0,50219.583333333336,39259.75862068965,10959.824712643684,42.39115302368507
REC -> FEN,23,2796,121.56521739130434,44.66184646093987,0.36739001022947676,2024-10-01,198,2025-11-01,24,174,8.25,0.31090999564595384,22261.116161616163,53416.0,ATR,E2,0,2,2.0,0.0,54750.71428571428,21716.236842105263,33034.47744360902,38.46096626070796
FEN -> REC,23,2814,122.34782608695652,44.91790453091078,0.3671328373173234,2024-10-01,198,2025-11-01,26,172,7.615384615384615,0.31235128704304566,21503.257575757576,51819.192307692305,ATR,E2,0,2,2.0,0.0,52422.4375,20779.092024539877,31643.345475460123,38.24340674566274
SDU -> VCP,23,3244,141.04347826086956,48.670568073501606,0.34507492777143556,2025-09-01,201,2025-11-01,45,156,4.466666666666667,0.2992816168980861,49322.60199004975,48804.86666666667,E2,Nearest: E2,2,2,1.0,0.0,50403.05913978495,39288.68,11114.379139784949,34.845666824925694
POA -> VCP,19,2762,145.3684210526316,43.76758055951049,0.30108038762878325,2024-11-01,204,2024-05-01,17,187,12.0,0.2052669690155875,63429.93137254902,62204.529411764706,A320,A320,3,3,0.0,0.0,66512.41428571429,60088.27450980392,6424.139775910364,32.62508866014195
REC -> NAT,23,2045,88.91304347826087,32.376740233206675,0.36413937670599195,2024-07-01,156,2025-11-01,24,132,6.5,0.29212288721165086,22041.98076923077,21354.416666666668,ATR,ATR,0,0,0.0,0.0,26124.850746268658,20970.643410852714,5154.207335415944,31.894595677906857
REC -> MCZ,23,1981,86.1304347826087,32.38397932932685,0.37598764491394115,2024-07-01,144,2025-11-01,20,124,7.2,0.3008142571823628,20122.652777777777,21252.95,ATR,ATR,0,0,0.0,0.0,26711.73076923077,20122.652777777777,6589.077991452992,31.785767730489937
VCP -> POA,19,2576,135.57894736842104,40.91881022794913,0.3018079946937242,2024-11-01,195,2024-05-01,16,179,12.1875,0.20022883295194513,62638.18974358974,61072.4375,A320,Nearest: A320,3,3,0.0,-1.0,65230.58208955224,57713.97794117647,7516.604148375773,31.715329742134543
NAT -> REC,23,2022,87.91304347826087,32.052827377801684,0.3645969484121853,2024-07-01,154,2025-11-01,25,129,6.16,0.2944566292521395,21144.603896103898,22305.68,ATR,Nearest: ATR,0,0,0.0,0.0,25390.0,20431.614457831325,4958.385542168675,31.522879483419672
MCZ -> REC,23,1967,85.52173913043478,31.51379210167509,0.3684886722615796,2024-07-01,140,2025-11-01,20,120,7.0,0.29769456908556396,20055.57857142857,20902.7,ATR,ATR,0,0,0.0,0.0,25778.603773584906,19956.62,5821.983773584907,30.616627953085526
REC -> POA,17,430,25.294117647058822,17.62272832546703,0.6967125151928826,2025-10-01,51,2025-02-01,1,50,51.0,0.6276333789329686,58068.450980392154,59531.0,Nearest: E2,Nearest: E2,2,2,2.0,0.0,74244.5,56959.72222222222,17284.77777777778,29.884690242937243
REC -> JDO,21,397,18.904761904761905,13.067242802792032,0.6912143548076389,2024-07-01,55,2025-04-01,3,52,18.333333333333332,0.5695094158570229,22526.8,41172.333333333336,Nearest: ATR,E1,0,1,1.0,0.0,45857.69565217391,20966.833333333332,24890.86231884058,29.838976719881504
VCP -> CWB,23,2432,105.73913043478261,34.548286802430404,0.32673133077956384,2024-09-01,160,2025-11-01,24,136,6.666666666666667,0.29615989702517165,44496.775,48650.666666666664,E1,Nearest: E2,1,2,1.0,0.0,51095.03125,43688.33076923077,7406.700480769228,29.708526029061037
CGH -> CNF,23,3489,151.69565217391303,42.6425331479067,0.281105836171354,2024-06-01,227,2025-11-01,66,161,3.4393939393939394,0.23998404924794692,45014.845814977976,48668.01515151515,E1,Nearest: E2,1,2,1.0,0.0,51994.7868852459,43348.07547169811,8646.71141354779,29.09700187057554
CNF -> VCP,23,2881,125.26086956521739,37.074797945802985,0.29598068474608424,2024-06-01,177,2025-11-01,25,152,7.08,0.23871542187948025,55290.141242937854,50934.72,Nearest: E2,E2,2,2,0.0,0.0,57533.17021276596,50934.72,6598.450212765958,29.069565381466596
POA -> REC,17,450,26.470588235294116,17.690534681038844,0.6683090879503564,2025-05-01,52,2024-05-01,2,50,26.0,0.5942483660130718,55949.96153846154,70749.5,Nearest: E2,A320,2,3,1.0,0.0,70749.5,55169.194444444445,15580.305555555555,28.88070990386883
JDO -> REC,21,390,18.571428571428573,12.556809681911847,0.6761359059490994,2024-07-01,52,2025-04-01,2,50,26.0,0.5443223443223443,21761.596153846152,38004.5,ATR,Nearest: E1,0,1,1.0,0.0,44185.045454545456,19376.4,24808.645454545454,28.53640780140719
MVD -> VCP,10,33,3.3,5.9169248769948055,1.7930075384832744,2025-07-01,21,2024-03-01,1,20,21.0,1.0727272727272728,54234.19047619047,51508.0,E2,E2,2,2,1.0,-1.0,68959.0,42733.0,26226.0,28.276380985144748
VCP -> UDI,23,1410,61.30434782608695,26.177379519113686,0.4270068999571736,2025-09-01,108,2024-01-01,25,83,4.32,0.3744064138143695,26134.37962962963,36431.44,Nearest: ATR,Nearest: E1,0,1,0.0,-1.0,44927.59375,21222.73267326733,23704.86107673267,28.212070819715787
JPA -> REC,23,1101,47.869565217391305,19.351001205029444,0.4042443485156015,2024-01-01,101,2025-11-01,8,93,12.625,0.29759507167397226,20312.19801980198,21309.875,ATR,ATR,0,0,0.0,0.0,24775.38888888889,19334.06,5441.328888888889,27.307771140644057
REC -> JPA,23,1093,47.52173913043478,19.311788616907574,0.40637798553419413,2024-01-01,99,2025-11-01,9,90,11.0,0.30231910577190824,19450.454545454544,20454.11111111111,ATR,ATR,0,0,0.0,0.0,24948.528301886792,19450.454545454544,5498.073756432248,26.977412467268447
GIG -> CNF,23,1741,75.69565217391305,27.462915362846005,0.3628070381076727,2025-06-01,119,2024-03-01,25,94,4.76,0.31011662462852435,46457.57142857143,44574.12,Nearest: E1,E1,1,1,1.0,0.0,49267.26829268293,42376.529411764706,6890.738880918223,26.250694757780025
CNF -> SDU,23,1645,71.52173913043478,25.141114023979323,0.3515170957760027,2024-09-01,110,2025-11-01,12,98,9.166666666666666,0.2768864807717722,44670.38181818182,51031.25,E1,E2,1,2,1.0,0.0,51031.25,43427.08571428571,7604.164285714287,25.7720674528748
REC -> AJU,23,1609,69.95652173913044,23.597122633858426,0.33731126201289235,2024-01-01,124,2025-11-01,17,107,7.294117647058823,0.26281514308103876,21103.379032258064,22104.58823529412,ATR,ATR,0,0,0.0,0.0,30016.46835443038,20760.755102040817,9255.713252389563,25.764030125927896
CNF -> CGH,23,3028,131.65217391304347,36.52111800714065,0.2774061143210816,2024-06-01,193,2025-11-01,59,134,3.2711864406779663,0.2462523691918902,45240.04663212435,47076.898305084746,E1,Nearest: E1,1,1,1.0,0.0,53881.55855855856,43728.514851485146,10153.043707073411,25.741003667378383
VCP -> FLN,23,1681,73.08695652173913,23.245220253856136,0.3180488196541887,2024-06-01,146,2025-11-01,29,117,5.0344827586206895,0.24871324004862527,61201.32191780822,52925.89655172414,A320,E2,3,2,1.0,-1.0,61201.32191780822,47936.34042553192,13264.981492276303,25.55308529191696
CNF -> GIG,23,1709,74.30434782608695,25.420694723528765,0.34211584472859075,2025-09-01,121,2024-03-01,21,100,5.761904761904762,0.28279950136108073,44377.61157024794,45009.76190476191,E1,E1,1,1,1.0,0.0,50809.796116504855,43459.78333333333,7350.012783171522,25.46795415092236
VCP -> CNF,23,3141,136.56521739130434,34.44949180789619,0.252256705374598,2024-06-01,188,2025-11-01,32,156,5.875,0.2038951870769486,53569.824468085106,50086.625,E2,E2,2,2,0.0,0.0,56093.4,49800.8064516129,6292.5935483871,25.371254655413967
AJU -> REC,23,1618,70.34782608695652,23.274559157366532,0.33084972844216953,2024-01-01,123,2025-11-01,20,103,6.15,0.26103079486214864,20285.71544715447,21063.5,ATR,ATR,0,0,0.0,0.0,29518.462686567163,20104.23404255319,9414.228644013972,24.81236761720015
SDU -> CNF,23,1895,82.3913043478261,27.25043139735874,0.3307440222370717,2025-10-01,126,2024-01-01,32,94,3.9375,0.2660548353791442,48858.206349206346,44731.625,Nearest: E2,E1,2,1,1.0,0.0,49740.53658536585,41588.967741935485,8151.5688434303665,24.202439822428737
GRU -> CNF,23,1124,48.869565217391305,20.186746292999292,0.41307398998130224,2024-11-01,84,2025-11-01,16,68,5.25,0.36353086801794826,55719.42857142857,48553.125,Nearest: E2,Nearest: E1,2,1,0.0,-1.0,57911.26582278481,48113.514285714286,9797.751537070522,23.93105872969799
VCP -> QNS,6,341,56.833333333333336,26.238754204844067,0.4616789596160246,2024-08-01,86,2024-05-01,8,78,10.75,0.3841642228739003,67134.52325581395,25198.0,A320,Nearest: ATR,3,0,0.0,-3.0,68387.85507246378,25198.0,43189.855072463775,23.79108000436106
VCP -> JTC,23,944,41.04347826086956,16.786325337502664,0.40898885885864544,2024-05-01,82,2025-11-01,10,72,8.2,0.3233235077376566,19730.256097560974,20198.8,ATR,ATR,0,0,0.0,0.0,22563.083333333332,19495.24193548387,3067.841397849461,23.776253147706562
BPS -> VCP,23,921,40.04347826086956,16.640647617178026,0.415564489896954,2025-07-01,84,2025-11-01,14,70,6.0,0.3138365670584903,60408.119047619046,62874.92857142857,Nearest: A320,A320,3,3,0.0,-1.0,64769.5,52814.75,11954.75,23.73495548408599
UDI -> VCP,23,1560,67.82608695652173,25.05585442984992,0.36941323838881296,2025-09-01,108,2025-11-01,33,75,3.272727272727273,0.3191192865105909,26856.833333333332,27097.484848484848,Nearest: ATR,Nearest: ATR,0,0,0.0,-1.0,47343.72222222222,21645.990291262136,25697.731930960083,23.52407151561996
CWB -> VCP,23,3589,156.04347826086956,34.01211837856256,0.21796565135328475,2024-08-01,223,2025-11-01,51,172,4.372549019607843,0.16242867699613556,47489.793721973096,51392.8431372549,Nearest: E1,E2,1,2,1.0,0.0,52173.594405594406,45757.08552631579,6416.508879278619,23.40017551938379
VCP -> BPS,23,889,38.65217391304348,16.60437002628387,0.4295843763830473,2025-07-01,79,2024-04-01,15,64,5.266666666666667,0.3317846138797867,63642.45569620253,53794.666666666664,A320,E2,3,2,0.0,-1.0,67285.14893617021,53794.666666666664,13490.482269503547,23.339221095555157
JTC -> VCP,23,955,41.52173913043478,16.441912417110945,0.3959832309880123,2024-05-01,83,2025-11-01,10,73,8.3,0.3115866150694287,19189.289156626506,20150.4,ATR,ATR,0,0,0.0,0.0,22545.090909090908,19157.06557377049,3388.025335320417,23.218646749461158
CNF -> GRU,23,1368,59.47826086956522,20.821956565997706,0.35007675513007835,2024-10-01,99,2025-11-01,16,83,6.1875,0.2920162725654717,58916.656565656565,48428.0625,Nearest: E2,Nearest: E1,2,1,0.0,-1.0,58916.656565656565,48428.0625,10488.594065656565,23.03296949331771
MCZ -> VCP,23,1066,46.34782608695652,17.47945053273346,0.37713636233852676,2025-01-01,88,2025-11-01,12,76,7.333333333333333,0.28493351823150337,69268.47727272728,67523.66666666667,A320,A320,3,3,0.0,0.0,71388.58620689655,62290.22535211268,9098.360854783874,22.924524951008546
VCP -> LDB,23,1338,58.17391304347826,19.986195614045045,0.34355941638492976,2024-06-01,104,2025-11-01,20,84,5.2,0.27269773185156304,21194.615384615383,42867.3,ATR,E1,0,1,1.0,0.0,46765.80392156863,21125.908163265307,25639.895758303323,22.67016043395785
VCP -> PPB,23,1148,49.91304347826087,19.214833589382835,0.3849661781844993,2024-04-01,91,2025-02-01,22,69,4.136363636363637,0.32366308135131044,20544.395604395606,44120.77272727273,ATR,E1,0,1,0.0,-1.0,44848.958333333336,20450.850746268658,24398.10758706468,22.533551925199685
LDB -> VCP,23,1343,58.391304347826086,19.907916560427353,0.34093974749801126,2024-06-01,105,2025-11-01,21,84,5.0,0.2717472239308491,21720.02857142857,44678.619047619046,ATR,E1,0,1,2.0,0.0,48634.01960784314,21618.547368421052,27015.472239422088,22.508945135780397
FLN -> VCP,23,2344,101.91304347826087,26.853731087987303,0.26349650811591635,2024-06-01,155,2025-11-01,35,120,4.428571428571429,0.19557797892862444,61921.09032258065,50753.25714285715,A320,E2,3,2,1.0,0.0,61921.09032258065,49218.53333333333,12702.556989247314,22.39904412441679
RAO -> CNF,19,659,34.68421052631579,16.41902821529417,0.4733862459644753,2025-07-01,53,2024-03-01,1,52,53.0,0.36450762718632695,20103.905660377357,15985.0,ATR,Nearest: ATR,0,0,2.0,0.0,57467.5,15985.0,41482.5,22.162148593533036
PPB -> VCP,23,1134,49.30434782608695,18.93337238296602,0.3840101982435789,2024-05-01,88,2025-11-01,21,67,4.190476190476191,0.3214477417375968,20480.875,20396.52380952381,ATR,ATR,0,0,0.0,-1.0,43574.59090909091,19963.6,23610.990909090913,22.110902752498905
GIG -> VCP,23,1494,64.95652173913044,19.625799924698864,0.3021374821071445,2025-08-01,111,2025-11-01,17,94,6.529411764705882,0.23898492520807868,43714.10810810811,47365.05882352941,E1,Nearest: E1,1,1,1.0,0.0,53265.78947368421,40834.2987012987,12431.490772385514,21.413066626655247
QNS -> VCP,6,348,58.0,24.365275838099322,0.4200909627258504,2024-09-01,85,2024-05-01,11,74,7.7272727272727275,0.3390804597701149,65789.02352941176,20262.0,A320,ATR,3,0,0.0,-3.0,67001.5,20262.0,46739.5,21.158819458239442
VCP -> MCZ,23,1006,43.73913043478261,15.77068659778627,0.36056241724561056,2025-01-01,84,2025-11-01,12,72,7.0,0.26657446624600223,65224.57142857143,67312.66666666667,A320,A320,3,3,0.0,0.0,68324.62068965517,61268.03636363636,7056.584326018812,21.155436363638163
CNF -> CFB,15,251,16.733333333333334,10.926827332558869,0.6529976493561076,2025-01-01,36,2025-03-01,2,34,18.0,0.5928286852589641,43298.694444444445,20947.0,E1,ATR,1,0,1.0,0.0,43298.694444444445,19864.0,23434.694444444445,21.053842475877502
CFB -> CNF,15,253,16.866666666666667,10.91095270308184,0.6468944290364727,2025-01-01,36,2025-03-01,2,34,18.0,0.5865612648221346,43905.583333333336,20503.0,E1,ATR,1,0,1.0,0.0,43905.583333333336,19537.14814814815,24368.435185185186,20.886881871768715
CNF -> CPV,21,154,7.333333333333333,6.431568966051703,0.8770321317343232,2024-05-01,23,2025-04-01,1,22,23.0,0.6536796536796534,66476.0,53634.0,A320,E2,3,2,1.0,-1.0,66476.0,47885.0,18591.0,20.74686219232169
VCP -> JOI,23,1483,64.47826086956522,20.412846690721597,0.31658494530451564,2024-10-01,96,2025-11-01,16,80,6.0,0.26468087601512796,21676.833333333332,43560.1875,ATR,E1,0,1,1.0,0.0,47585.4375,21207.072289156626,26378.365210843374,20.67790831186709
CWB -> CNF,23,1179,51.26086956521739,18.233312540522583,0.35569651266498675,2025-10-01,83,2024-01-01,18,65,4.611111111111111,0.29664048382933217,51401.409638554214,52838.27777777778,E2,E2,2,2,0.0,0.0,54309.46153846154,50732.44117647059,3577.0203619909516,20.28413556873263
VCP -> GIG,23,1599,69.52173913043478,19.394910953352397,0.27897620508261733,2025-08-01,115,2025-11-01,22,93,5.2272727272727275,0.22481442205726399,43596.1652173913,48663.045454545456,E1,Nearest: E2,1,2,0.0,-1.0,53352.24742268041,40148.84810126582,13203.399321414588,19.848746983020824
JOI -> VCP,23,1488,64.69565217391305,19.95960002781422,0.3085153230105692,2024-04-01,95,2025-11-01,18,77,5.277777777777778,0.2602851799906498,21788.8,42229.88888888889,ATR,E1,0,1,1.0,0.0,46004.25806451613,20613.488372093023,25390.769692423106,19.778504443173084
BPS -> CNF,23,1819,79.08695652173913,21.76337778186949,0.27518289663716233,2025-07-01,123,2025-11-01,35,88,3.5142857142857142,0.22645027129096254,50391.829268292684,56460.22857142857,E2,Nearest: E2,2,2,1.0,-1.0,62698.015384615384,48110.0,14588.015384615384,19.377849241999016
VCP -> MGF,23,1504,65.3913043478261,18.860446604594593,0.2884243829160077,2025-09-01,100,2025-11-01,17,83,5.882352941176471,0.22808741905642924,24751.93,36313.117647058825,Nearest: ATR,Nearest: E1,0,1,1.0,0.0,43817.431818181816,21994.73076923077,21822.701048951047,19.225482805399942
CNF -> JPA,23,419,18.217391304347824,9.61410432075496,0.5277431966046876,2025-01-01,40,2024-04-01,4,36,10.0,0.41714226419010075,64452.2,52348.75,A320,E2,3,2,0.0,-1.0,70190.33333333333,52348.75,17841.58333333333,19.1262199778164
CNF -> RAO,18,657,36.5,14.637281168304447,0.4010214018713547,2025-09-01,54,2024-03-01,1,53,54.0,0.28767123287671237,20900.0,21037.0,ATR,ATR,0,0,1.0,0.0,39198.5,20900.0,18298.5,18.945103192519493
REC -> CNF,23,3026,131.56521739130434,27.24737895165973,0.20710169064381156,2025-03-01,177,2025-11-01,52,125,3.4038461538461537,0.16236098738469495,64706.09039548023,69856.21153846153,A320,A320,3,3,0.0,0.0,69856.21153846153,61938.596153846156,7917.615384615376,18.559228224112285
SJP -> CNF,17,653,38.411764705882355,15.05698518190697,0.3919888944753729,2025-07-01,54,2024-04-01,1,53,54.0,0.2967300243221332,19849.666666666668,17248.0,ATR,Nearest: ATR,0,0,0.0,0.0,23246.75,17248.0,5998.75,18.50098754990678
MAO -> VCP,23,1863,81.0,20.338440793557492,0.25109186164885794,2024-05-01,125,2025-11-01,30,95,4.166666666666667,0.18894256575416,61931.136,72394.03333333334,A320,Nearest: A320,3,3,1.0,-1.0,74512.16176470589,59634.64035087719,14877.521413828697,18.42965046263226
CNF -> MCZ,23,896,38.95652173913044,14.232474381924463,0.36534253435743597,2025-01-01,69,2024-02-01,14,55,4.928571428571429,0.3205551242236025,63204.47826086957,59902.0,A320,Nearest: A320,3,3,0.0,-1.0,65113.454545454544,54212.09090909091,10901.363636363632,18.421720606756804
CNF -> REC,23,2985,129.7826086956522,27.462158187679677,0.21160121886654357,2025-03-01,168,2025-11-01,53,115,3.169811320754717,0.17274779695579348,62821.39880952381,64948.67924528302,A320,A320,3,3,0.0,0.0,65695.15178571429,62585.16071428572,3109.9910714285725,18.15719701813742
POA -> CNF,19,658,34.63157894736842,13.769571817352963,0.3976016178263014,2024-11-01,53,2024-05-01,4,49,13.25,0.33258678611422177,66577.39622641509,58194.25,A320,Nearest: E2,3,2,0.0,-1.0,68450.1081081081,58194.25,10255.858108108107,18.06505524727012
CNF -> VIX,23,1752,76.17391304347827,20.15732076294527,0.26462236161400754,2025-09-01,121,2024-01-01,38,83,3.1842105263157894,0.21396664681357952,43967.371900826445,43396.71052631579,E1,E1,1,1,0.0,0.0,47093.51388888889,42680.09459459459,4413.419294294297,18.00665004170415
MGF -> VCP,23,1534,66.69565217391305,18.209970471548523,0.27303084800887617,2025-09-01,98,2025-11-01,19,79,5.157894736842105,0.21897851595714532,24433.01020408163,36275.36842105263,Nearest: ATR,Nearest: E1,0,1,1.0,0.0,43318.40540540541,21440.87341772152,21877.531987683888,17.803340462041596
CNF -> GYN,23,1063,46.21739130434783,14.258350784987389,0.3085061787908842,2024-10-01,80,2025-11-01,15,65,5.333333333333333,0.2285574052108471,46935.575,51067.0,Nearest: E1,E2,1,2,0.0,-1.0,54484.13953488372,46879.770491803276,7604.369043080442,17.335655964960438
REC -> GIG,23,2283,99.26086956521739,21.195195089831806,0.21353021772498096,2024-07-01,142,2025-11-01,35,107,4.057142857142857,0.16458130987068886,68058.9014084507,69583.22857142857,A320,A320,3,3,0.0,0.0,71992.90476190476,68058.9014084507,3934.003353454056,17.08195723856539
GYN -> CNF,23,1943,84.47826086956522,20.5105901918717,0.242791340408157,2024-10-01,116,2025-11-01,30,86,3.8666666666666667,0.18407214303296116,47757.1724137931,49825.0,Nearest: E1,E2,1,2,0.0,-1.0,52409.21052631579,46440.89887640449,5968.311649911295,17.049901392309224
CGR -> VCP,23,1738,75.56521739130434,18.502235086972885,0.24485121231322002,2024-08-01,110,2025-11-01,23,87,4.782608695652174,0.1824185720718467,54958.24545454545,54334.52173913043,E2,E2,2,2,0.0,0.0,58848.55421686747,49683.51612903226,9165.038087835215,17.039731156714794
GIG -> REC,23,2280,99.1304347826087,20.822864414380163,0.2100552111976946,2024-07-01,147,2025-11-01,37,110,3.972972972972973,0.15400457665903888,64456.73469387755,64650.16216216216,A320,A320,3,3,0.0,0.0,67346.55172413793,63595.98,3750.5717241379243,17.035009746220194
CNF -> BPS,23,1393,60.56521739130435,17.807731801362653,0.2940257224919892,2025-10-01,95,2025-11-01,31,64,3.064516129032258,0.23371515964917758,60482.58947368421,58966.967741935485,Nearest: A320,Nearest: E2,3,2,1.0,-1.0,65199.4126984127,47263.5,17935.9126984127,17.029811287650407
THE -> REC,23,751,32.65217391304348,12.199817160611994,0.3736295535207402,2024-10-01,54,2025-11-01,7,47,7.714285714285714,0.3360157471197824,55194.2962962963,46327.71428571428,Nearest: E2,Nearest: E1,2,1,1.0,-1.0,63585.52173913043,46327.71428571428,17257.80745341615,16.963974634302048
REC -> VCP,23,3157,137.2608695652174,26.037126321273306,0.1896908157710757,2025-07-01,174,2025-11-01,51,123,3.411764705882353,0.139758438804038,77835.49425287357,78358.70588235294,A321,A321,4,4,0.0,-1.0,80431.25,71758.6524822695,8672.597517730494,16.95155882245257
REC -> GYN,23,1319,57.34782608695652,15.763493035028956,0.27487516285494007,2025-09-01,86,2024-03-01,15,71,5.733333333333333,0.21307314500444996,68841.6511627907,70093.06666666667,A320,A320,3,3,0.0,0.0,70562.0945945946,66262.61224489796,4299.482349696642,16.64235718884713
VCP -> ARU,23,728,31.652173913043477,11.521657095688267,0.36400839725388756,2024-03-01,56,2025-11-01,8,48,7.0,0.29252269469660774,20205.928571428572,21780.0,ATR,ATR,0,0,0.0,0.0,24962.714285714286,20205.928571428572,4756.785714285714,16.623701198074283
VCP -> UBA,16,278,17.375,9.636356936104017,0.5546104711426773,2024-10-01,28,2024-04-01,1,27,28.0,0.46223021582733814,20628.928571428572,44289.0,ATR,E1,0,1,1.0,0.0,44289.0,19355.5,24933.5,16.22825442068536
BSB -> VCP,23,2461,107.0,22.751970769870542,0.21263524083991162,2024-07-01,138,2025-11-01,43,95,3.2093023255813953,0.16253555465258024,53686.884057971016,53749.58139534884,E2,E2,2,2,0.0,0.0,54170.825,48596.93023255814,5573.89476744186,16.183684903475044
VCP -> MII,23,632,27.47826086956522,10.594787747293852,0.38556980725911166,2024-06-01,50,2025-11-01,8,42,6.25,0.30283434232250966,20091.92,20286.375,ATR,ATR,0,0,0.0,0.0,20668.03448275862,19274.21052631579,1393.8239564428295,16.118293206257313
GYN -> REC,23,1302,56.608695652173914,15.849123224782149,0.2799768311597461,2025-09-01,82,2024-03-01,18,64,4.555555555555555,0.22320176317371265,64804.18292682927,67097.72222222222,A320,A320,3,3,0.0,0.0,67097.72222222222,62955.0,4142.722222222219,16.06490163868557
VCP -> XAP,23,842,36.608695652173914,12.747511710934642,0.3482099398473833,2024-08-01,60,2025-11-01,14,46,4.285714285714286,0.29195497263244863,61660.13333333333,53002.357142857145,A320,E2,3,2,1.0,-1.0,65285.69387755102,48010.392857142855,17275.301020408166,15.910524523529382
BSB -> CNF,23,1644,71.47826086956522,17.12833798688059,0.2396300326631713,2024-10-01,105,2025-11-01,25,80,4.2,0.18285200465460702,49191.79047619048,50852.88,E2,E2,2,2,0.0,-1.0,50855.234375,46860.5625,3994.671875,15.872318601366223
VCP -> NVT,23,1507,65.52173913043478,17.589200157847333,0.2684483103055665,2025-09-01,99,2025-11-01,34,65,2.911764705882353,0.22532529355760073,46586.71717171717,46251.5,Nearest: E1,E1,1,1,0.0,-1.0,53549.6724137931,45664.8969072165,7884.775506576603,15.839511264520004
GRU -> REC,23,3224,140.17391304347825,25.066263789010613,0.17882260147247026,2024-09-01,173,2025-11-01,56,117,3.0892857142857144,0.13321286007120509,74638.94797687861,75715.0,A321,A321,4,4,0.0,-1.0,77724.81410256411,70748.28025477707,6976.533847787039,15.626301077232648
UDI -> CNF,23,2198,95.56521739130434,20.318819905300735,0.21261731475064463,2024-05-01,127,2025-11-01,36,91,3.5277777777777777,0.16398306761087153,21454.653543307086,24565.583333333332,ATR,Nearest: ATR,0,0,0.0,0.0,24565.583333333332,20472.632183908045,4092.9511494252874,15.608843528055568
CNF -> POA,19,572,30.105263157894736,10.900964403700616,0.3620949714515939,2024-11-01,50,2024-05-01,4,46,12.5,0.2585572322414428,67092.9,68597.0,A320,A320,3,3,0.0,0.0,68597.0,63079.06451612903,5517.93548387097,15.596807328507353
VCP -> REC,23,3166,137.65217391304347,24.88514258269497,0.18078277934364637,2025-07-01,169,2025-11-01,55,114,3.0727272727272728,0.13444478013677935,74631.27810650888,74496.70909090909,A321,A321,4,4,0.0,-1.0,78501.62727272727,70074.88050314465,8426.74676958262,15.558711381321352
REC -> SSA,23,2245,97.6086956521739,20.474244967625275,0.20975841169504736,2024-09-01,133,2025-11-01,41,92,3.2439024390243905,0.16686356153771667,55982.05263157895,53562.0,Nearest: E2,E2,2,2,0.0,-1.0,55982.05263157895,38926.79268292683,17055.259948652114,15.525890442249118
REC -> GRU,23,3190,138.69565217391303,25.667497265588963,0.18506345990863518,2024-08-01,171,2025-11-01,63,108,2.7142857142857144,0.14567261823633632,75665.6783625731,77800.93650793651,A321,A321,4,4,0.0,-1.0,81228.26086956522,71799.82608695653,9428.434782608689,15.516839542010715
CNF -> JJD,19,114,6.0,4.364932024550597,0.7274886707584328,2025-01-01,21,2025-05-01,1,20,21.0,0.49122807017543857,67169.95238095238,65366.0,A320,A320,3,3,0.0,-1.0,69273.72727272728,56952.5,12321.22727272728,15.437296189723227
GYN -> VCP,23,2225,96.73913043478261,19.580863309351518,0.20240892409666736,2025-09-01,132,2025-11-01,35,97,3.7714285714285714,0.14776746458231557,62290.666666666664,60159.77142857143,A320,Nearest: A320,3,3,0.0,-1.0,63707.96703296703,57860.77108433735,5847.195948629684,15.36579596409866
CNF -> UDI,23,2171,94.3913043478261,20.10567544886763,0.21300347090002553,2024-08-01,124,2025-11-01,36,88,3.4444444444444446,0.15909318486772275,22168.225806451614,24086.61111111111,ATR,Nearest: ATR,0,0,0.0,0.0,24086.61111111111,21227.440476190477,2859.1706349206324,15.352590557535716
NVT -> VCP,23,2161,93.95652173913044,19.88112117578003,0.2115991610564279,2025-01-01,128,2025-11-01,40,88,3.2,0.16063416695169302,50021.40625,46139.375,E2,E1,2,1,0.0,-1.0,52955.0,45070.83486238532,7884.1651376146765,15.242212481482701
MOC -> CNF,23,2244,97.56521739130434,20.654141782674678,0.2116957491094107,2025-08-01,127,2025-11-01,41,86,3.097560975609756,0.16507788886305508,20531.496062992126,20182.170731707316,ATR,ATR,0,0,0.0,0.0,21631.397727272728,19958.623376623378,1672.7743506493498,15.148844836670193
VCP -> GYN,23,2108,91.65217391304348,18.30801367814978,0.19975536745609343,2025-09-01,134,2025-11-01,36,98,3.7222222222222223,0.13806616615790773,62331.14179104478,61747.305555555555,A320,A320,3,3,0.0,-1.0,63568.05479452055,58378.282608695656,5189.7721858248915,15.135549916591117
MCZ -> CNF,23,998,43.391304347826086,13.666013478173994,0.3149482064108235,2025-01-01,67,2025-11-01,19,48,3.526315789473684,0.2735906595800296,64841.59701492537,66659.94736842105,A320,A320,3,3,0.0,-1.0,66659.94736842105,55145.137931034486,11514.809437386568,15.070712846175516
ARU -> VCP,23,721,31.347826086956523,10.849198310002183,0.3460909308322472,2024-06-01,52,2025-11-01,9,43,5.777777777777778,0.28535246939636966,20291.846153846152,20632.555555555555,ATR,ATR,0,0,0.0,0.0,23072.904761904763,19230.2,3842.7047619047626,14.937708610069704
REC -> FOR,23,2312,100.52173913043478,20.734071026290312,0.20626454740686728,2024-12-01,127,2025-11-01,40,87,3.175,0.16063637731307356,49461.48818897638,56324.925,E2,Nearest: E2,2,2,0.0,-1.0,56324.925,43739.68674698795,12585.238253012052,14.90316686218412
PNZ -> REC,23,829,36.04347826086956,11.532480636915535,0.31996025892528024,2024-07-01,58,2025-11-01,10,48,5.8,0.26663869512770755,37377.10344827586,48993.5,Nearest: E1,Nearest: E2,1,2,1.0,-1.0,49755.43243243243,21292.847826086956,28462.584606345477,14.899718402075706
JPA -> VCP,23,551,23.956521739130434,8.482607581396312,0.35408343806191506,2025-01-01,53,2025-11-01,9,44,5.888888888888889,0.23372524264183694,64044.698113207545,69966.11111111111,A320,A320,3,3,0.0,0.0,70834.0,63201.2,7632.800000000003,14.828780666448925
CNF -> BSB,23,984,42.78260869565217,12.257939828816298,0.28651688624265736,2024-10-01,67,2025-11-01,11,56,6.090909090909091,0.2178331565924355,50334.55223880597,51604.90909090909,E2,E2,2,2,0.0,-1.0,52286.83870967742,47794.12903225807,4492.709677419349,14.778485700984838
VIX -> VCP,23,1809,78.65217391304348,17.31199306751693,0.22010825901210027,2024-07-01,102,2025-11-01,22,80,4.636363636363637,0.15646405652894946,59793.529411764706,61006.454545454544,Nearest: A320,Nearest: A320,3,3,0.0,-1.0,64227.421875,56031.27868852459,8196.143186475412,14.767441273620962
REC -> THE,23,748,32.52173913043478,11.142825983047064,0.3426270021525167,2024-09-01,51,2025-11-01,9,42,5.666666666666667,0.3001627528481748,55914.470588235294,50490.555555555555,Nearest: E2,E2,2,2,1.0,0.0,67926.27777777778,50490.555555555555,17435.722222222226,14.696756075027706
CNF -> MOC,23,2257,98.1304347826087,19.898228778125358,0.20277326623698858,2025-08-01,130,2025-11-01,42,88,3.0952380952380953,0.1572306447573732,21121.292307692307,21336.5,ATR,ATR,0,0,0.0,0.0,22491.14563106796,20091.23611111111,2399.909519956851,14.689094751649211
CNF -> SSA,23,1992,86.6086956521739,17.919479637327356,0.20690162231853876,2025-01-01,113,2025-11-01,26,87,4.346153846153846,0.15007857517024623,61124.19469026549,59078.692307692305,Nearest: A320,Nearest: E2,3,2,0.0,-1.0,62799.17204301075,59078.692307692305,3720.4797353184476,14.66183421021886
FOR -> REC,23,2280,99.1304347826087,20.486059624569066,0.20665761901977564,2024-09-01,124,2025-11-01,40,84,3.1,0.16407322654462245,50510.25806451613,55173.475,E2,E2,2,2,1.0,0.0,55173.475,42913.98765432099,12259.487345679008,14.645481276819005
MII -> VCP,23,608,26.434782608695652,9.65863473544481,0.3653759850579451,2024-06-01,49,2025-11-01,10,39,4.9,0.2780320366132723,19555.102040816328,19577.4,ATR,ATR,0,0,0.0,0.0,20238.9,18945.428571428572,1293.471428571429,14.630309286077617
VIX -> CNF,23,1999,86.91304347826087,18.74059310341257,0.21562463300574744,2025-09-01,123,2025-11-01,44,79,2.7954545454545454,0.1870500467625117,43577.89430894309,43332.545454545456,E1,E1,1,1,0.0,0.0,47915.90909090909,43080.08928571428,4835.819805194806,14.567233386851676
VCP -> BRC,6,59,9.833333333333334,7.776388764858803,0.7908191964263189,2025-07-01,21,2024-06-01,1,20,21.0,0.6949152542372881,73336.0,74900.0,A321,A321,4,4,0.0,0.0,75195.47368421052,72930.6,2264.8736842105136,14.480267635733156
JPA -> CNF,23,512,22.26086956521739,8.693912869530427,0.3905468671859372,2025-01-01,42,2024-03-01,7,35,6.0,0.3169157608695653,66500.73809523809,62641.857142857145,A320,A320,3,3,0.0,-1.0,66582.80952380953,54962.53846153846,11620.271062271066,14.418197435983924
VCP -> CGR,23,1385,60.21739130434783,14.148149431114367,0.23495121798962487,2024-08-01,91,2025-11-01,20,71,4.55,0.17579657824517345,58959.91208791209,58596.95,Nearest: E2,Nearest: E2,2,2,1.0,0.0,61648.81081081081,52072.34848484849,9576.462325962326,14.32174762560532
CNF -> CGB,23,721,31.347826086956523,11.277560234346765,0.3597557356310341,2025-07-01,47,2025-08-01,11,36,4.2727272727272725,0.3203280467949104,65664.8085106383,53664.454545454544,A320,E2,3,2,0.0,-2.0,66810.17948717948,48012.5,18797.679487179485,14.207527774706088
NAT -> CNF,23,785,34.130434782608695,11.17957900671961,0.3275545441459249,2025-01-01,56,2025-11-01,14,42,4.0,0.281362503461645,66346.10714285714,68199.28571428571,A320,A320,3,3,0.0,0.0,68199.28571428571,63149.13157894737,5050.154135338344,14.152589645793329
SSA -> REC,23,1929,83.8695652173913,17.98865426927928,0.2144836952791205,2024-07-01,109,2025-11-01,34,75,3.2058823529411766,0.17697838483557599,41758.064220183485,51058.029411764706,E1,E2,1,2,1.0,0.0,54872.86666666667,37082.84507042253,17790.021596244136,14.052372405948725
CNF -> AJU,23,382,16.608695652173914,7.545451439715953,0.45430728563734796,2025-01-01,31,2024-02-01,4,27,7.75,0.404734805372183,64927.51612903226,63491.5,A320,A320,3,3,0.0,-1.0,68732.11111111111,53055.11111111111,15677.0,14.041228219760848
SSA -> VCP,23,2267,98.56521739130434,18.478721221887064,0.1874771010601687,2025-09-01,124,2025-11-01,31,93,4.0,0.12661820831974838,62727.01612903226,61284.290322580644,A320,A320,3,3,0.0,-1.0,66060.44943820225,57356.61538461538,8703.83405358687,13.969509258173758
VCP -> VIX,23,1772,77.04347826086956,16.17695156124122,0.20997171891001587,2024-07-01,100,2025-11-01,21,79,4.761904761904762,0.14839532829522034,60735.83,65828.23809523809,Nearest: A320,A320,3,3,0.0,-1.0,66217.43529411765,56455.64102564102,9761.794268476624,13.96049489392575
REC -> PNZ,23,841,36.56521739130435,11.270685666254899,0.308235160908279,2024-07-01,55,2025-11-01,10,45,5.5,0.26821072222509434,40757.72727272727,51401.4,Nearest: E1,E2,1,2,1.0,-1.0,51747.37254901961,22139.836734693876,29607.535814325733,13.927601424180867
SJP -> VCP,23,2464,107.1304347826087,20.04409128554193,0.1870998780712112,2025-10-01,141,2025-11-01,51,90,2.764705882352941,0.144233483907397,22759.55319148936,23179.058823529413,Nearest: ATR,Nearest: ATR,0,0,0.0,0.0,23179.058823529413,19926.5564516129,3252.502371916511,13.862541224902557
VDC -> CNF,23,590,25.652173913043477,9.849337632340623,0.38395722973531243,2025-07-01,41,2025-01-01,9,32,4.555555555555555,0.3497420781134857,38652.07317073171,21924.333333333332,Nearest: E1,ATR,1,0,1.0,-1.0,49897.9375,21924.333333333332,27973.604166666668,13.861241124639957
VCP -> JPA,23,562,24.434782608695652,8.34488172712457,0.34151651196417276,2025-01-01,51,2025-11-01,10,41,5.1,0.23874361751508588,62091.450980392154,67753.2,A320,A320,3,3,0.0,0.0,69709.08695652174,62091.450980392154,7617.63597612959,13.849442708812793
CNF -> SJP,16,636,39.75,12.371843031658623,0.31124133412977667,2025-09-01,54,2025-11-01,7,47,7.714285714285714,0.2452830188679245,22173.777777777777,25139.714285714286,ATR,Nearest: ATR,0,0,0.0,0.0,25139.714285714286,21086.25,4053.4642857142862,13.777216733995735
VCP -> SJP,23,2471,107.43478260869566,20.258816839473862,0.18856850963492466,2025-10-01,137,2025-11-01,50,87,2.74,0.1486460331145637,23114.554744525547,23579.96,Nearest: ATR,Nearest: ATR,0,0,0.0,0.0,23579.96,20699.094339622643,2880.865660377356,13.7415128013909
VCP -> BSB,23,1866,81.1304347826087,16.593095336749027,0.2045236831432088,2025-10-01,109,2025-11-01,32,77,3.40625,0.14502073721981457,54168.35779816514,56491.53125,E2,Nearest: E2,2,2,0.0,0.0,56692.875,48611.59210526316,8081.28289473684,13.517748477009953
REC -> CPV,23,998,43.391304347826086,11.239445794919677,0.2590253038909344,2024-07-01,69,2025-11-01,13,56,5.3076923076923075,0.19055502308965755,19427.347826086956,20464.46153846154,ATR,ATR,0,0,0.0,0.0,21546.0,19013.825,2532.1749999999993,13.387831640966699
CNF -> NAT,23,756,32.869565217391305,10.89995751019276,0.33161246393443583,2025-01-01,53,2025-11-01,16,37,3.3125,0.290200138026225,66477.92452830188,67342.9375,A320,A320,3,3,0.0,0.0,70715.72222222222,61183.681818181816,9532.040404040403,13.372220345284093
FLN -> CNF,23,777,33.78260869565217,10.818488690317752,0.32023840396049974,2025-09-01,53,2025-11-01,14,39,3.7857142857142856,0.27497062279670975,51260.16981132075,58106.07142857143,E2,Nearest: E2,2,2,0.0,0.0,58106.07142857143,50523.8125,7582.2589285714275,13.312708771370906
VCP -> SSA,23,2177,94.65217391304348,17.726444739433486,0.18727984795910435,2025-09-01,115,2025-11-01,32,83,3.59375,0.13672584929400253,63755.1652173913,62631.0,A320,A320,3,3,0.0,-1.0,66879.94186046511,59229.12871287129,7650.813147593828,13.114134853388096
VCP -> VCP,23,124,5.391304347826087,3.632451925948769,0.6737612443292071,2024-05-01,17,2024-06-01,1,16,17.0,0.4817671809256661,50249.05882352941,50062.0,E2,E2,2,2,1.0,-1.0,57437.0,18732.25,38704.75,13.012522686626413
MAO -> CNF,18,400,22.22222222222222,8.663817195385745,0.38987177379235854,2025-03-01,32,2024-06-01,1,31,32.0,0.27166666666666667,68063.28125,68359.0,A320,A320,3,3,0.0,0.0,71680.27272727272,67475.38461538461,4204.888111888111,13.011176993865227
CGB -> VCP,23,2182,94.8695652173913,17.614974725885155,0.18567571892546222,2025-09-01,122,2025-11-01,39,83,3.128205128205128,0.13892320567488942,60476.270491803276,60472.05128205128,Nearest: A320,Nearest: A320,3,3,0.0,-1.0,63489.955555555556,57516.82142857143,5973.134126984129,13.00568578413243
AJU -> CNF,23,519,22.565217391304348,8.020766996591448,0.3554482484038599,2025-01-01,41,2025-11-01,7,34,5.857142857142857,0.2898550724637682,60622.85365853659,65139.857142857145,Nearest: A320,A320,3,3,1.0,0.0,65139.857142857145,51655.1,13484.757142857146,12.961695835828257
SSA -> CNF,23,2180,94.78260869565217,16.92684135957144,0.17858594094960695,2025-01-01,119,2025-11-01,31,88,3.838709677419355,0.10829676904666935,59838.82352941176,58051.290322580644,Nearest: A320,Nearest: E2,3,2,1.0,0.0,60438.51219512195,55051.642105263156,5386.870089858792,12.878815490082857
CNF -> BRA,23,613,26.652173913043477,8.750695354493011,0.32832951574769864,2024-06-01,44,2025-11-01,7,37,6.285714285714286,0.23221505071281648,22387.75,22466.0,Nearest: ATR,Nearest: ATR,0,0,0.0,0.0,22595.60714285714,21457.88888888889,1137.7182539682508,12.821695926545058
XAP -> VCP,23,1016,44.17391304347826,11.02034550832565,0.24947632548374998,2024-08-01,70,2025-11-01,16,54,4.375,0.19573776104073945,58063.08571428571,51296.4375,Nearest: E2,E2,2,2,1.0,-1.0,61457.0,46776.67647058824,14680.323529411762,12.69467794220931
VCP -> PET,16,131,8.1875,4.876201774947382,0.5955666290012069,2024-09-01,20,2025-08-01,1,19,20.0,0.4685114503816794,47295.25,47014.0,Nearest: E1,Nearest: E1,1,1,0.0,0.0,47642.166666666664,41005.5,6636.666666666664,12.6758258121743
CNF -> THE,23,327,14.217391304347826,6.6001088379638,0.4642278387558636,2025-03-01,23,2024-01-01,1,22,23.0,0.4135088419093206,69818.47826086957,52057.0,A320,E2,3,2,0.0,-1.0,70398.7,52057.0,18341.699999999997,12.613832792277618
CNF -> MAO,18,389,21.61111111111111,8.60322219280459,0.3980925436259194,2024-09-01,29,2024-06-01,1,28,29.0,0.28820337046558125,71352.1724137931,72594.0,Nearest: A320,Nearest: A320,3,3,1.0,0.0,73250.78571428571,68615.125,4635.66071428571,12.567734274672173
FOR -> CNF,23,748,32.52173913043478,9.721645795616364,0.29892761136253526,2025-01-01,53,2025-11-01,13,40,4.076923076923077,0.2412229714019995,68720.32075471699,69577.92307692308,A320,A320,3,3,0.0,0.0,69577.92307692308,63667.333333333336,5910.589743589742,12.51328344437375
CNF -> FOR,23,706,30.695652173913043,9.616266936397952,0.31327781804129307,2025-01-01,51,2025-11-01,14,37,3.642857142857143,0.2559428501046927,70308.86274509804,68187.35714285714,A320,A320,3,3,0.0,0.0,70972.93939393939,64031.95652173913,6940.982872200264,12.502664431237102
CPV -> CNF,23,368,16.0,7.046429870015275,0.4404018668759547,2024-09-01,27,2024-01-01,4,23,6.75,0.3804347826086956,52556.51851851852,66499.5,E2,A320,2,3,1.0,0.0,66499.5,49410.21428571428,17089.285714285717,12.484153138914635
BRA -> CNF,23,621,27.0,8.692825627568078,0.32195650472474363,2024-06-01,44,2025-11-01,8,36,5.5,0.2286634460547504,21392.204545454544,21469.0,ATR,ATR,0,0,0.0,0.0,21916.724137931036,19903.037037037036,2013.6871008939997,12.426761444171847
RVD -> VCP,15,385,25.666666666666668,8.291896981725928,0.3230609213659453,2024-04-01,46,2025-03-01,5,41,9.2,0.20432900432900425,20183.652173913044,19282.8,ATR,ATR,0,0,0.0,0.0,21103.666666666668,19282.8,1820.8666666666686,12.32024051170283
VCP -> MAO,23,1723,74.91304347826087,14.273456799181817,0.190533665920593,2024-05-01,101,2025-11-01,26,75,3.8846153846153846,0.12637210123899165,67842.36633663367,75252.15384615384,A320,A321,3,4,0.0,-1.0,76530.95294117647,66695.54945054946,9835.40349062701,12.296985337343699
BEL -> CNF,23,1325,57.608695652173914,13.252527668449689,0.23004387650893798,2025-05-01,76,2025-11-01,22,54,3.4545454545454546,0.18972928630024607,66134.30263157895,67926.90909090909,A320,A320,3,3,0.0,0.0,70134.0487804878,63571.0,6563.048780487807,12.154350231889076
PET -> VCP,16,127,7.9375,4.6833314798335595,0.5900260132073776,2024-09-01,19,2025-08-01,1,18,19.0,0.47933070866141736,45913.84210526316,45988.0,E1,E1,1,1,0.0,0.0,46081.4,39103.0,6978.4000000000015,12.14593389040106
VCP -> RAO,23,2412,104.8695652173913,17.90143144100636,0.1707018752666444,2024-07-01,130,2025-11-01,48,82,2.7083333333333335,0.12661331026029274,20996.684615384616,22833.0,ATR,Nearest: ATR,0,0,0.0,0.0,24764.04132231405,20794.123809523808,3969.9175127902417,12.039434049401342
IGU -> VCP,23,1083,47.08695652173913,10.379381917923132,0.2204300868995679,2025-01-01,75,2025-11-01,14,61,5.357142857142857,0.14043116945682282,63826.08,61682.42857142857,A320,A320,3,3,0.0,-1.0,66088.02,53949.05357142857,12138.966428571432,12.031350075115919
VCP -> FOR,23,1132,49.21739130434783,11.635614450018943,0.23641266108695733,2025-01-01,72,2025-11-01,20,52,3.6,0.18190198187125517,69235.45833333333,69796.95,A320,A320,3,3,1.0,0.0,77087.5,69235.45833333333,7852.0416666666715,11.989189311908945
IMP -> CNF,23,403,17.52173913043478,6.819853149109981,0.3892223881626044,2025-03-01,30,2024-03-01,4,26,7.5,0.34372639982738157,51062.2,44923.5,E2,E1,2,1,0.0,-1.0,56341.882352941175,44923.5,11418.382352941175,11.910723355366716
VCP -> CGB,23,2094,91.04347826086956,15.71893972768427,0.17265311066701922,2025-09-01,120,2025-11-01,39,81,3.076923076923077,0.12362443420123749,65746.26666666666,64904.92307692308,A320,A320,3,3,0.0,0.0,68000.33673469388,62209.843373493975,5790.4933611999,11.882984923239075
UBA -> VCP,14,280,20.0,8.035634920242991,0.40178174601214955,2024-10-01,29,2024-05-01,2,27,14.5,0.30000000000000004,20358.310344827587,31152.5,ATR,Nearest: ATR,0,0,0.0,0.0,31152.5,18949.636363636364,12202.863636363636,11.771301259772798
GVR -> CNF,23,1269,55.17391304347826,12.338177491774282,0.22362339031584594,2025-08-01,76,2025-11-01,22,54,3.4545454545454546,0.1782300339192106,20766.302631578947,20034.409090909092,ATR,ATR,0,0,0.0,0.0,20975.59574468085,19018.491228070176,1957.1045166106742,11.74421641375348
VCP -> RIA,16,187,11.6875,5.228751643556997,0.44737981976958263,2024-10-01,26,2025-08-01,1,25,26.0,0.30147058823529416,22767.384615384617,22369.0,Nearest: ATR,Nearest: ATR,0,0,0.0,0.0,22950.7,21613.416666666668,1337.2833333333328,11.71339230782371
IPN -> CNF,23,1959,85.17391304347827,15.906389675667375,0.18675189512013762,2024-04-01,110,2025-11-01,42,68,2.619047619047619,0.1525179217435693,20234.18181818182,19277.85714285714,ATR,ATR,0,0,0.0,0.0,20991.776119402984,19277.85714285714,1713.9189765458432,11.674244102099351
CNF -> RBR,15,314,20.933333333333334,8.012212900039263,0.3827490238872259,2025-01-01,29,2024-02-01,1,28,29.0,0.3099787685774946,73695.5172413793,74272.0,A321,A321,4,4,0.0,-1.0,74376.14285714286,71582.95833333333,2793.1845238095266,11.65078582556156
RAO -> VCP,23,2418,105.1304347826087,17.56554024671004,0.16708330259484322,2024-07-01,129,2025-11-01,49,80,2.63265306122449,0.12928399323911244,20538.565891472866,21837.755102040817,ATR,ATR,0,0,0.0,0.0,24439.5,20538.565891472866,3900.9341085271335,11.64333393268621
CNF -> IPN,23,1985,86.30434782608695,15.809833985897061,0.18318699328747226,2024-04-01,113,2025-11-01,43,70,2.627906976744186,0.1438177636622495,20309.66371681416,19701.441860465115,ATR,ATR,0,0,0.0,0.0,21770.149253731342,19428.73611111111,2341.413142620233,11.638774698676652
VCP -> RVD,15,387,25.8,8.051500895278263,0.31207367811156056,2024-04-01,45,2025-03-01,6,39,7.5,0.20258397932816535,20751.222222222223,19639.5,ATR,ATR,0,0,0.0,0.0,21906.172413793105,19639.5,2266.672413793105,11.617400297035012
CNF -> GVR,23,1276,55.47826086956522,12.175776254933727,0.21946932120962045,2025-08-01,75,2025-11-01,21,54,3.5714285714285716,0.17432192994411888,20689.64,20304.190476190477,ATR,ATR,0,0,0.0,0.0,21786.41304347826,19105.859649122805,2680.5533943554547,11.5349185356683
FOR -> VCP,23,1129,49.08695652173913,11.46606730456839,0.23358684500006463,2025-01-01,71,2025-11-01,22,49,3.227272727272727,0.17514537682443104,71311.47887323944,70859.86363636363,Nearest: A320,A320,3,3,0.0,-1.0,77798.26923076923,68423.47619047618,9374.79304029305,11.494764350169888
RIA -> VCP,16,191,11.9375,5.1897585444796945,0.4347441712653147,2024-10-01,26,2025-08-01,1,25,26.0,0.287303664921466,22270.923076923078,22071.0,ATR,ATR,0,0,0.0,0.0,22582.2,20806.636363636364,1775.5636363636368,11.428327342217226
THE -> CNF,23,390,16.956521739130434,7.080151440713713,0.4175473926574754,2024-10-01,27,2025-11-01,6,21,4.5,0.39264214046822743,64703.666666666664,60398.666666666664,A320,Nearest: A320,3,3,0.0,-1.0,66673.63636363637,51936.117647058825,14737.518716577542,11.420778912817985
CNF -> BEL,23,1345,58.47826086956522,12.7001183329557,0.2171767447271235,2024-10-01,79,2025-11-01,26,53,3.0384615384615383,0.17740423468563116,68423.26582278482,69114.26923076923,A320,A320,3,3,0.0,0.0,70019.36666666667,65043.79104477612,4975.575621890552,11.391443486353117
UBA -> CNF,23,633,27.52173913043478,8.176687780659224,0.29709924005554844,2024-05-01,46,2025-11-01,11,35,4.181818181818182,0.23325777869359154,20594.369565217392,22697.18181818182,ATR,Nearest: ATR,0,0,0.0,0.0,22697.18181818182,20262.272727272728,2434.909090909092,11.340526480460355
VCP -> BEL,23,1832,79.65217391304348,14.223705551716408,0.17857272253792433,2024-05-01,102,2025-11-01,31,71,3.2903225806451615,0.12497626732485284,64926.03921568627,71709.0,A320,Nearest: A320,3,3,1.0,0.0,73534.97142857143,63090.166666666664,10444.804761904765,11.305731829282706
CGB -> CNF,23,896,38.95652173913044,9.848761832881925,0.25281419883513867,2025-09-01,58,2024-01-01,15,43,3.8666666666666667,0.18196816770186333,51654.34482758621,46872.13333333333,E2,Nearest: E1,2,1,1.0,-1.0,62311.666666666664,46872.13333333333,15439.533333333333,11.271567050450189
BRC -> VCP,5,54,10.8,7.35934779718964,0.681421092332374,2025-07-01,19,2024-08-01,2,17,9.5,0.6518518518518518,69619.15789473684,72966.0,A320,A321,3,4,1.0,0.0,72966.0,69619.15789473684,3346.84210526316,11.258887662428204
CPV -> REC,23,987,42.91304347826087,9.903504182109792,0.2307807458850306,2024-07-01,64,2025-11-01,15,49,4.266666666666667,0.16809832165983876,20846.953125,20279.933333333334,ATR,ATR,0,0,0.0,0.0,21118.716981132075,19123.130434782608,1995.5865463494665,11.139735574609272
VCP -> IGU,23,986,42.869565217391305,10.267315587639326,0.23950127638509583,2025-01-01,61,2025-11-01,16,45,3.8125,0.18220301613898934,61088.57377049181,61741.625,Nearest: A320,A320,3,3,0.0,-1.0,64151.836734693876,53294.816326530614,10857.020408163262,11.077138248798297
REC -> MVF,15,283,18.866666666666667,7.116803277377343,0.37721572141576026,2024-07-01,31,2025-03-01,4,27,7.75,0.319434628975265,21091.1935483871,21171.0,ATR,ATR,0,0,0.0,0.0,22377.190476190477,20538.333333333332,1838.857142857145,11.072387108252068
AJU -> VCP,23,525,22.82608695652174,7.130169666333293,0.3123693377631728,2025-01-01,41,2024-04-01,9,32,4.555555555555555,0.23585921325051756,56346.04878048781,62869.88888888889,Nearest: E2,A320,2,3,1.0,0.0,64830.555555555555,53027.5,11803.055555555555,11.07096151687657
MVF -> REC,15,281,18.733333333333334,7.056596598612929,0.3766866511715086,2024-07-01,31,2025-03-01,4,27,7.75,0.32123368920521944,20498.387096774193,18594.0,ATR,Nearest: ATR,0,0,0.0,0.0,21729.272727272728,18577.272727272728,3152.0,11.043024629167634
NAT -> VCP,23,665,28.91304347826087,8.155622459001018,0.2820741602361254,2025-01-01,46,2025-11-01,10,36,4.6,0.2284406668846028,71279.63043478261,70348.9,Nearest: A320,A320,3,3,1.0,0.0,73167.45454545454,65205.0,7962.454545454544,11.003074945616861
CNF -> CKS,23,563,24.47826086956522,7.873287613506226,0.3216440765730785,2024-09-01,32,2024-01-01,3,29,10.666666666666666,0.2587072360800062,69836.15625,62918.666666666664,A320,A320,3,3,0.0,0.0,69836.15625,62918.666666666664,6917.489583333336,10.972987770003467
CNF -> CWB,23,739,32.130434782608695,9.414624829515477,0.2930126807562327,2024-09-01,47,2025-11-01,15,32,3.1333333333333333,0.26028122609872334,51235.78723404255,51782.46666666667,E2,E2,2,2,0.0,0.0,55556.72222222222,49348.692307692305,6208.029914529914,10.950721070038194
IZA -> VCP,23,651,28.304347826086957,8.20092668469318,0.289740881333246,2024-04-01,43,2025-11-01,10,33,4.3,0.21705736993254526,20510.0,21090.1,ATR,ATR,0,0,0.0,0.0,22300.727272727272,20213.891891891893,2086.8353808353786,10.785610664065711
REC -> CGH,23,2281,99.17391304347827,16.188165763144607,0.163230080031708,2025-07-01,120,2025-11-01,48,72,2.5,0.12412557421420811,69691.95,66080.20833333333,A320,A320,3,3,0.0,0.0,70920.81609195402,66080.20833333333,4840.607758620696,10.710349488736545
VCP -> CMG,22,178,8.090909090909092,3.6916255462267182,0.45626832593813366,2024-07-01,21,2025-10-01,1,20,21.0,0.28600612870275793,45108.71428571428,53834.0,E1,E2,1,2,1.0,0.0,54555.75,44659.42857142857,9896.321428571428,10.584829537573487
IOS -> VCP,23,581,25.26086956521739,6.910718777845401,0.2735740652159109,2025-01-01,46,2025-11-01,10,36,4.6,0.18379106488064062,55281.15217391304,59281.2,Nearest: E2,Nearest: E2,2,2,0.0,-1.0,65590.875,52866.269230769234,12724.605769230766,10.4502072087771
VCP -> IZA,23,655,28.47826086956522,7.867763425729795,0.2762726088424203,2024-04-01,43,2025-11-01,10,33,4.3,0.21135081314304677,21472.3488372093,21625.8,ATR,ATR,0,0,0.0,0.0,22611.8125,21081.404761904763,1530.4077380952367,10.293960776844553
REC -> BSB,23,1330,57.82608695652174,11.354570709297581,0.19635723782995818,2025-07-01,76,2025-11-01,23,53,3.3043478260869565,0.14351095129127167,69963.42105263157,68936.17391304347,A320,A320,3,3,0.0,0.0,70211.69767441861,66744.76363636364,3466.9340380549693,10.283390199564534
CAW -> VCP,15,339,22.6,7.078606265831338,0.3132126666297052,2024-02-01,34,2025-03-01,3,31,11.333333333333334,0.22182890855457227,19236.470588235294,19251.0,ATR,ATR,0,0,0.0,0.0,20748.36,18561.24,2187.119999999999,10.165065173070772
NSR -> REC,15,95,6.333333333333333,3.8930136855083823,0.6146863713960604,2024-12-01,14,2024-05-01,1,13,14.0,0.5403508771929824,19345.785714285714,21594.0,ATR,ATR,0,0,0.0,0.0,21594.0,18595.7,2998.2999999999993,10.115888354444852
BEL -> REC,23,1144,49.73913043478261,10.254235143309867,0.2061603219371739,2024-06-01,66,2025-11-01,18,48,3.6666666666666665,0.16061112800243235,63961.681818181816,64745.72222222222,A320,A320,3,3,0.0,-1.0,66606.69491525424,58435.96666666667,8170.728248587569,10.059890456261318
VCP -> NAT,23,628,27.304347826086957,7.141031362660107,0.26153458812290203,2025-01-01,45,2025-11-01,10,35,4.5,0.19731376350041546,69157.37777777777,71683.4,A320,Nearest: A320,3,3,0.0,0.0,71683.4,65344.75675675676,6338.643243243234,9.970743237708998
CAC -> VCP,23,937,40.73913043478261,9.213493843763816,0.22615833341149175,2024-08-01,60,2025-11-01,19,41,3.1578947368421053,0.18542063013317248,48002.9,49472.68421052631,Nearest: E1,E2,1,2,1.0,0.0,51117.37142857143,39723.65625,11393.71517857143,9.910570533968482
BSB -> REC,23,1320,57.391304347826086,11.243313492857732,0.19590621995130897,2025-06-01,73,2025-11-01,24,49,3.0416666666666665,0.14802371541501977,64344.41095890411,64728.458333333336,A320,A320,3,3,0.0,0.0,65619.42307692308,61756.80327868852,3862.6197982345548,9.854672567065178
VCP -> CAW,15,338,22.533333333333335,6.897986823865512,0.3061236756153334,2024-02-01,34,2025-03-01,4,30,8.5,0.22011834319526627,20466.29411764706,19312.25,ATR,ATR,0,0,0.0,0.0,21334.0,19312.25,2021.75,9.768503465314053
VCP -> MVD,6,24,4.0,3.6514837167011076,0.9128709291752769,2025-07-01,12,2025-08-01,1,11,12.0,0.6666666666666666,54309.75,50764.0,E2,E2,2,2,0.0,0.0,58206.0,50764.0,7442.0,9.745630530958064
CMG -> VCP,10,109,10.9,5.647123161398199,0.5180846937062568,2025-03-01,17,2024-01-01,1,16,17.0,0.434862385321101,50069.82352941176,42612.0,E2,E1,2,1,0.0,-1.0,53435.0,42612.0,10823.0,9.740987722335351
PVH -> CNF,23,499,21.695652173913043,6.590076746987923,0.30375103242629703,2025-01-01,29,2025-11-01,3,26,9.666666666666666,0.23595016119194911,69181.24137931035,70182.0,A320,A320,3,3,0.0,0.0,70862.40909090909,66439.38461538461,4423.0244755244785,9.625386634763592
SMT -> CNF,9,149,16.555555555555557,6.76775214792936,0.4087903981970754,2025-02-01,23,2025-08-01,1,22,23.0,0.331096196868009,47784.52173913043,46053.0,Nearest: E1,E1,1,1,0.0,-1.0,53064.454545454544,46053.0,7011.454545454544,9.607376711049342
REC -> BEL,23,1154,50.17391304347826,9.725145238271871,0.19382871792049658,2025-02-01,68,2025-11-01,19,49,3.5789473684210527,0.1387988847863763,62408.25,69365.1052631579,A320,A320,3,3,0.0,0.0,70681.95454545454,62408.25,8273.704545454544,9.567964940505899
VCP -> IOS,23,510,22.17391304347826,6.2041513024541,0.2797950587381261,2024-12-01,37,2025-11-01,7,30,5.285714285714286,0.191304347826087,60293.40540540541,60596.0,Nearest: A320,Nearest: A320,3,3,0.0,-1.0,66065.22727272728,53763.11111111111,12302.11616161617,9.557240459941715
VCP -> PMG,23,245,10.652173913043478,4.238628732853544,0.3979120851250266,2024-01-01,21,2025-11-01,2,19,10.5,0.31446317657497774,36371.857142857145,46262.5,Nearest: E1,E1,1,1,1.0,-1.0,54263.333333333336,24026.285714285714,30237.047619047622,9.548769449280178
REC -> CWB,7,35,5.0,4.174754056057845,0.8349508112115689,2025-01-01,11,2025-04-01,1,10,11.0,0.8,65141.90909090909,54728.0,A320,E2,3,2,1.0,0.0,69709.33333333333,53620.0,16089.333333333328,9.461730961653233
CNF -> IOS,23,300,13.043478260869565,4.929752272368128,0.37794767421488984,2024-11-01,23,2025-11-01,4,19,5.75,0.3237681159420289,49675.913043478264,27367.0,E2,Nearest: ATR,2,0,1.0,-1.0,58064.0,25753.666666666668,32310.333333333332,9.402097295849607
CKS -> CNF,23,648,28.17391304347826,7.855500282483014,0.27882176928566255,2025-01-01,37,2025-11-01,10,27,3.7,0.2208803005904455,64926.83783783784,62854.4,A320,A320,3,3,0.0,-1.0,66054.21875,55054.692307692305,10999.526442307695,9.381609587690521
CNF -> PMW,23,313,13.608695652173912,5.156162462738641,0.37888733751753595,2025-09-01,24,2024-02-01,6,18,4.0,0.3214335324350604,48668.875,52498.833333333336,Nearest: E2,E2,2,2,1.0,-1.0,65989.0,47674.6,18314.4,9.24205053068815
CNF -> IMP,23,333,14.478260869565217,5.273968600732497,0.3642681015520944,2024-09-01,22,2024-03-01,3,19,7.333333333333333,0.3078730904817862,53215.77272727273,47979.666666666664,E2,Nearest: E1,2,1,0.0,-1.0,59469.625,47455.3,12014.324999999997,9.226975245549196
CNF -> PVH,23,481,20.91304347826087,6.205979188956552,0.2967516036299391,2025-03-01,29,2025-11-01,4,25,7.25,0.22995570821657782,73182.06896551725,73136.0,A321,A321,4,4,0.0,-1.0,74019.21739130435,70768.41176470589,3250.8056265984633,9.166574114903295
VCP -> CAC,23,655,28.47826086956522,7.228383457607097,0.2538210985113942,2024-08-01,41,2025-11-01,10,31,4.1,0.20378360438101556,48038.26829268293,50650.2,Nearest: E1,E2,1,2,1.0,0.0,52587.36,39246.08108108108,13341.27891891892,9.166346638953296
CGH -> REC,23,2279,99.08695652173913,14.421942953823075,0.14554834924876295,2025-03-01,116,2025-11-01,51,65,2.2745098039215685,0.10775130205849248,65207.25,64081.64705882353,A320,A320,3,3,0.0,0.0,68071.45454545454,64081.64705882353,3989.8074866310126,9.073021011513577
VCP -> AJU,23,474,20.608695652173914,5.7915915844684225,0.2810265958708306,2025-01-01,36,2025-11-01,9,27,4.0,0.19611080535681524,54873.0,55928.22222222222,E2,Nearest: E2,2,2,1.0,0.0,67886.36842105263,54873.0,13013.368421052626,9.000023752076602
IOS -> CNF,23,747,32.47826086956522,7.911848930380588,0.24360445167169145,2024-07-01,45,2025-11-01,14,31,3.2142857142857144,0.1910249694429893,49062.35555555556,44921.642857142855,Nearest: E2,E1,2,1,1.0,0.0,54208.41176470588,44123.724137931036,10084.687626774845,8.975396637788428
CNF -> VDC,23,433,18.82608695652174,5.902484177928767,0.31352687319252115,2025-07-01,30,2025-11-01,8,22,3.75,0.25363992368711713,35808.9,34175.125,Nearest: E1,Nearest: E1,1,1,1.0,-1.0,51507.53846153846,22129.384615384617,29378.153846153844,8.930845524737965
BEL -> VCP,23,1640,71.30434782608695,11.183974492291835,0.15684842275775135,2024-07-01,84,2025-11-01,26,58,3.230769230769231,0.09846235418875927,75348.16666666667,70842.03846153847,A321,A320,4,3,1.0,0.0,75348.16666666667,68783.5375,6564.629166666666,8.843119338694159
REC -> FLN,6,33,5.5,4.112987559751022,0.7478159199547313,2025-07-01,12,2025-06-01,1,11,12.0,0.6666666666666667,58458.0,58349.0,Nearest: E2,Nearest: E2,2,2,1.0,0.0,61993.4,56969.5,5023.9000000000015,8.746166892993143
VCP -> ROO,23,227,9.869565217391305,4.07862239984646,0.4132524898522845,2024-10-01,18,2024-03-01,3,15,6.0,0.3562535912660409,35575.666666666664,44615.666666666664,Nearest: E1,E1,1,1,1.0,0.0,54688.142857142855,35575.666666666664,19112.47619047619,8.689776325650175
CWB -> REC,7,37,5.285714285714286,3.9897828696482693,0.7548237861496726,2025-01-01,11,2024-02-01,1,10,11.0,0.7104247104247106,62540.818181818184,65684.0,A320,A320,3,3,0.0,-1.0,69596.25,53565.0,16031.25,8.682781376585757
VCP -> PNZ,23,404,17.565217391304348,5.670872081975781,0.32284667793426475,2024-07-01,28,2024-11-01,8,20,3.5,0.26130004304778304,61460.607142857145,56564.375,A320,Nearest: E2,3,2,1.0,0.0,67819.48148148147,49507.666666666664,18311.81481481481,8.668497620878005
CNF -> AAX,23,282,12.26086956521739,4.162121023921503,0.33946377145459067,2024-06-01,23,2025-11-01,3,20,7.666666666666667,0.26857847671908724,21238.347826086956,19312.0,ATR,ATR,0,0,0.0,0.0,21513.1,19312.0,2201.0999999999985,8.570511785439548
PMW -> CNF,23,367,15.956521739130435,5.336325562631742,0.3344291224537604,2025-09-01,25,2024-02-01,7,18,3.5714285714285716,0.2757967065513565,47465.08,50293.28571428572,Nearest: E1,E2,1,2,1.0,-1.0,62253.0,45993.8125,16259.1875,8.38275792977274
CNF -> SMT,9,86,9.555555555555555,4.4748956812449485,0.4683030364093551,2025-02-01,17,2025-08-01,1,16,17.0,0.37726098191214474,50568.17647058824,45746.0,E2,E1,2,1,0.0,-1.0,53737.545454545456,45746.0,7991.545454545456,8.365593329164529
FLN -> REC,5,25,5.0,3.9496835316262997,0.7899367063252599,2025-01-01,11,2025-06-01,1,10,11.0,0.7200000000000001,58732.27272727273,54905.0,Nearest: E2,E2,2,2,0.0,0.0,58732.27272727273,53963.0,4769.272727272728,8.138722543413163
TJL -> VCP,15,261,17.4,5.376492040974921,0.30899379545832883,2024-03-01,26,2025-03-01,4,22,6.5,0.2513409961685824,19454.23076923077,18392.0,ATR,Nearest: ATR,0,0,0.0,0.0,20509.941176470587,18392.0,2117.9411764705874,8.07025385302552
CNF -> FLN,23,558,24.26086956521739,6.582040065038299,0.27130272669512706,2025-02-01,34,2024-03-01,12,22,2.8333333333333335,0.236091631603553,52779.705882352944,51785.5,E2,E2,2,2,1.0,0.0,60885.642857142855,50202.26666666667,10683.376190476185,8.050168080510556
JDO -> VCP,23,458,19.91304347826087,5.926455377874343,0.2976167547840827,2025-08-01,28,2025-11-01,9,19,3.111111111111111,0.25745205999620274,58427.03571428572,56162.555555555555,Nearest: E2,Nearest: E2,2,2,1.0,0.0,68435.38461538461,54792.07142857143,13643.313186813182,7.951102579808658
NVT -> CNF,8,37,4.625,3.3517719194479807,0.7247074420428067,2024-10-01,10,2024-02-01,1,9,10.0,0.6756756756756757,51619.5,55127.0,E2,E2,2,2,0.0,-1.0,56382.125,38334.0,18048.125,7.908557283076876
MAO -> REC,23,554,24.08695652173913,5.609875170883239,0.2329009547478601,2024-10-01,36,2025-11-01,9,27,4.0,0.1695181290221315,79567.52777777778,79836.77777777778,A321,A321,4,4,0.0,0.0,83803.79310344828,76473.15384615384,7330.639257294431,7.647144819617972
UDI -> REC,23,145,6.304347826086956,3.0422357712236345,0.48256153612512825,2025-09-01,12,2024-04-01,2,10,6.0,0.4227886056971514,65487.083333333336,67160.0,A320,A320,3,3,0.0,-1.0,67160.0,59001.625,8158.375,7.604951636937802
VCP -> CXJ,23,465,20.217391304347824,5.332072944958571,0.26373694136354225,2024-10-01,29,2025-11-01,7,22,4.142857142857143,0.21916783543712012,67670.4827586207,65095.857142857145,A320,A320,3,3,0.0,-1.0,68737.94736842105,58697.78571428572,10040.161654135336,7.600578243889524
RBR -> CNF,14,280,20.0,5.707138387268051,0.2853569193634026,2025-03-01,27,2025-11-01,5,22,5.4,0.21428571428571433,68363.70370370371,71035.8,A320,Nearest: A320,3,3,0.0,0.0,71773.65384615384,65399.42857142857,6374.225274725271,7.546614036866927
VCP -> TJL,15,257,17.133333333333333,5.200854630624556,0.3035518266901492,2024-03-01,24,2025-03-01,4,20,6.0,0.2562905317769131,20762.291666666668,19623.25,ATR,ATR,0,0,0.0,0.0,21619.045454545456,19623.25,1995.7954545454559,7.5382816734590445
IGU -> CNF,23,94,4.086956521739131,2.124659430064455,0.5198634775689623,2024-01-01,11,2024-02-01,1,10,11.0,0.30989824236817765,57654.90909090909,69206.0,Nearest: E2,A320,2,3,1.0,-1.0,69206.0,41982.5,27223.5,7.486358035879553
REC -> UDI,23,142,6.173913043478261,2.7921033666090995,0.45224209459161474,2025-09-01,13,2024-04-01,2,11,6.5,0.38395590936925905,72025.61538461539,68600.0,Nearest: A320,A320,3,3,0.0,0.0,72025.61538461539,64517.5,7508.11538461539,7.4438567273962954
REC -> VIX,23,523,22.73913043478261,5.366704043203295,0.236011841288099,2025-07-01,33,2024-02-01,8,25,4.125,0.16127691412419987,66439.24242424243,68634.625,A320,A320,3,3,0.0,0.0,68878.48,64390.916666666664,4487.563333333332,7.388930908133648
CNF -> MAB,23,420,18.26086956521739,5.26033055089943,0.2880657206444926,2025-06-01,25,2024-01-01,7,18,3.5714285714285716,0.23975155279503108,69885.76,57038.0,A320,Nearest: E2,3,2,1.0,0.0,70820.52173913043,54267.0,16553.521739130432,7.38506019799674
ROO -> VCP,23,356,15.478260869565217,4.651970739163567,0.3005486713504552,2025-10-01,24,2024-04-01,7,17,3.4285714285714284,0.25427454811919886,47874.791666666664,48092.28571428572,Nearest: E1,Nearest: E1,1,1,1.0,0.0,51096.5,34417.94736842105,16678.552631578947,7.283654430140985
VCP -> JDO,22,396,18.0,5.090097337879788,0.28278318543776604,2025-08-01,26,2025-11-01,8,18,3.25,0.24242424242424243,59451.11538461538,57619.5,Nearest: E2,Nearest: E2,2,2,1.0,0.0,67426.1,54054.117647058825,13371.98235294118,7.179212282775097
THE -> VCP,23,499,21.695652173913043,5.303278580755868,0.2444396941029759,2024-07-01,28,2025-11-01,6,22,4.666666666666667,0.17617844384421016,67720.67857142857,66181.16666666667,A320,A320,3,3,0.0,0.0,68402.47619047618,60416.6,7985.876190476185,7.12519605241102
CXJ -> VCP,23,464,20.17391304347826,5.205784190294179,0.2580453370188925,2024-09-01,27,2025-11-01,7,20,3.857142857142857,0.21008245877061466,62346.25925925926,64456.142857142855,A320,A320,3,3,0.0,-1.0,67042.31578947368,55465.357142857145,11576.958646616535,7.087996108595864
VIX -> REC,23,538,23.391304347826086,5.362828021262035,0.22926588194986397,2025-07-01,32,2025-11-01,8,24,4.0,0.17375141425569746,63893.15625,64489.375,A320,A320,3,3,0.0,0.0,67828.875,63893.15625,3935.71875,7.064412619779906
VCP -> SLZ,23,494,21.47826086956522,5.315028448673434,0.24746083870341898,2025-08-01,29,2025-11-01,8,21,3.625,0.1894032740714663,70079.89655172414,66114.25,A320,A320,3,3,0.0,0.0,71070.90476190476,65654.77272727272,5416.132034632043,7.03601829368165
PNZ -> VCP,22,315,14.318181818181818,4.0043880889521875,0.27967154906967656,2024-07-01,24,2025-11-01,5,19,4.8,0.21269841269841272,64145.625,48352.0,A320,Nearest: E1,3,1,1.0,-1.0,64557.77777777778,48352.0,16205.777777777781,7.016595216733464
SLZ -> VCP,23,493,21.434782608695652,5.1400058108284,0.2397974313368219,2025-08-01,29,2025-11-01,7,22,4.142857142857143,0.1844959873004674,68009.75862068965,61872.42857142857,A320,A320,3,3,0.0,0.0,70686.91666666667,61872.42857142857,8814.488095238099,6.976299658938411
VCP -> GRU,20,81,4.05,2.1324868112136124,0.5265399533860772,2025-05-01,10,2024-01-01,1,9,10.0,0.4098765432098765,46195.5,48070.0,E1,Nearest: E1,1,1,1.0,-1.0,53821.6,27360.5,26461.1,6.960941241120147
JJG -> VCP,15,307,20.466666666666665,5.17515431868676,0.25285770286743126,2025-01-01,29,2025-03-01,6,23,4.833333333333333,0.17763300760043435,23440.03448275862,24378.833333333332,Nearest: ATR,Nearest: ATR,0,0,1.0,0.0,42516.416666666664,20638.695652173912,21877.721014492752,6.948679662631236
PMG -> VCP,23,262,11.391304347826088,3.435608046111028,0.30159917962043375,2024-01-01,20,2025-11-01,3,17,6.666666666666667,0.22203783604381014,34474.45,44453.0,Nearest: E1,E1,1,1,1.0,-1.0,50635.0,23635.85714285714,26999.14285714286,6.929114370607413
VCP -> GEL,11,107,9.727272727272727,3.839765833080523,0.3947422819054744,2025-01-01,16,2025-03-01,2,14,8.0,0.3109600679694138,22134.125,22205.0,ATR,ATR,0,0,0.0,0.0,22814.85714285714,22134.125,680.7321428571413,6.915462756779075
SLZ -> REC,23,903,39.26086956521739,6.8665375826752095,0.1748951986727905,2025-09-01,52,2025-11-01,19,33,2.736842105263158,0.13154220232076652,63854.13461538462,62343.78947368421,A320,A320,3,3,0.0,-1.0,65342.90909090909,56647.46153846154,8695.44755244755,6.838797126384483
PHB -> CNF,15,93,6.2,2.68824602048746,0.4335880678205581,2024-07-01,14,2025-03-01,2,12,7.0,0.31397849462365596,56819.92857142857,63747.0,Nearest: E2,A320,2,3,0.0,-1.0,69325.0,56819.92857142857,12505.071428571428,6.8239975325504565
VCP -> PGZ,15,196,13.066666666666666,4.654269246855216,0.3561940750144298,2024-07-01,20,2024-09-01,7,13,2.857142857142857,0.3224489795918367,20082.85,19802.285714285714,ATR,ATR,0,0,0.0,0.0,21177.166666666668,18637.571428571428,2539.5952380952403,6.785091759753097
EEA -> VCP,15,221,14.733333333333333,4.343065993307288,0.2947782348398612,2025-02-01,21,2025-03-01,3,18,7.0,0.22503770739064857,19420.52380952381,19527.0,ATR,ATR,0,0,0.0,0.0,21106.0,19373.473684210527,1732.5263157894733,6.756794353033077
VCP -> PFB,23,509,22.130434782608695,4.794057443073229,0.2166273500799298,2024-06-01,31,2025-11-01,6,25,5.166666666666667,0.14760399760826856,65382.51612903226,65277.166666666664,A320,A320,3,3,0.0,-1.0,68123.65384615384,57968.35294117647,10155.300904977375,6.752719374111314
MDZ -> VCP,4,27,6.75,4.322904116447646,0.6404302394737252,2025-07-01,12,2024-05-01,2,10,6.0,0.6296296296296297,70243.83333333333,63113.0,A320,A320,3,3,0.0,0.0,70243.83333333333,63113.0,7130.8333333333285,6.748441350698165
VCP -> EEA,15,225,15.0,4.366539438350084,0.2911026292233389,2025-02-01,21,2025-03-01,3,18,7.0,0.21333333333333337,20520.904761904763,19976.0,ATR,ATR,0,0,0.0,0.0,22038.928571428572,19976.0,2062.9285714285725,6.694598462642963
VCP -> JJG,15,300,20.0,5.059644256269407,0.25298221281347033,2025-01-01,27,2025-03-01,6,21,4.5,0.18,23538.48148148148,24454.166666666668,Nearest: ATR,Nearest: ATR,0,0,1.0,0.0,43171.38461538462,21771.47619047619,21399.908424908426,6.616310798281671
MAB -> CNF,23,471,20.47826086956522,5.046475870798925,0.2464308811642787,2024-08-01,27,2025-11-01,8,19,3.375,0.1923751500046156,54634.59259259259,65102.5,E2,A320,2,3,1.0,0.0,66739.6,52414.25,14325.350000000006,6.613625539667002
REC -> SLZ,23,896,38.95652173913044,6.66253810410551,0.1710249736544941,2025-09-01,50,2025-11-01,18,32,2.7777777777777777,0.12402950310559006,67745.46,67013.88888888889,A320,A320,3,3,0.0,-1.0,69630.0,58005.64864864865,11624.351351351354,6.5778373542553785
VCP -> THE,23,506,22.0,5.0216920758194465,0.22825873071906574,2024-12-01,30,2024-05-01,9,21,3.3333333333333335,0.16205533596837945,70438.6,69813.0,A320,A320,3,3,0.0,0.0,70963.66666666667,65942.90476190476,5020.761904761908,6.5151029295166545
JJD -> CNF,11,90,8.181818181818182,3.5372866287897673,0.4323350324076382,2024-01-01,13,2025-08-01,2,11,6.5,0.3979797979797979,59294.07692307692,55065.0,Nearest: E2,E2,2,2,1.0,0.0,65709.72727272728,54292.7,11417.027272727282,6.468090259314549
CNF -> GNM,23,491,21.347826086956523,4.922077112377359,0.230565730315029,2025-07-01,29,2025-11-01,9,20,3.2222222222222223,0.18259098556628,21545.0,20885.11111111111,ATR,ATR,0,0,0.0,0.0,22345.0,20637.869565217392,1707.130434782608,6.391383385885222
PMW -> VCP,23,471,20.47826086956522,4.726148953635197,0.2307885900925892,2025-09-01,28,2025-11-01,8,20,3.5,0.18812886550355398,65038.03571428572,61293.375,A320,A320,3,3,0.0,-2.0,66335.93333333333,47082.52173913043,19253.411594202902,6.354728539611779
REC -> REC,20,47,2.35,1.5580436450882884,0.6629972957822503,2025-02-01,7,2024-01-01,1,6,7.0,0.5191489361702127,20331.85714285714,22996.0,ATR,Nearest: ATR,0,0,4.0,0.0,77271.0,19203.5,58067.5,6.286850090040079
CNF -> CUR,21,194,9.238095238095237,3.0535656270250278,0.3305406091109566,2025-01-01,18,2024-08-01,5,13,3.6,0.24300441826215022,76124.88888888889,74318.8,A321,A321,4,4,0.0,-1.0,77885.16666666667,71843.85714285714,6041.309523809527,6.284261292100812
VCP -> PMW,23,443,19.26086956521739,4.532178584534948,0.23530498294425237,2025-07-01,27,2025-11-01,8,19,3.375,0.1923643144567671,67249.51851851853,66853.75,A320,A320,3,3,0.0,-1.0,71210.5,49482.333333333336,21728.166666666664,6.252308289820947
PGZ -> VCP,15,195,13.0,4.442221666388715,0.34170935895297805,2024-03-01,19,2024-09-01,7,12,2.7142857142857144,0.3076923076923077,19872.684210526317,18750.14285714286,ATR,Nearest: ATR,0,0,0.0,0.0,19948.090909090908,17838.428571428572,2109.6623376623356,6.247788467189942
CNF -> UBA,23,549,23.869565217391305,5.024326455625988,0.21049090797704503,2024-07-01,33,2025-11-01,11,22,3.0,0.15965787598004277,21400.878787878788,23765.454545454544,ATR,Nearest: ATR,0,0,0.0,0.0,23765.454545454544,20699.130434782608,3066.324110671936,6.229718409714437
VCP -> CGH,21,88,4.190476190476191,1.9178124348192636,0.4576597855818697,2025-02-01,11,2024-05-01,2,9,5.5,0.3246753246753246,41008.72727272727,48302.0,E1,Nearest: E1,1,1,0.0,-1.0,48365.666666666664,32313.25,16052.416666666664,6.1628050755797785
GPB -> VCP,15,190,12.666666666666666,3.960920207336786,0.31270422689500943,2024-07-01,17,2025-03-01,3,14,5.666666666666667,0.27017543859649124,20035.352941176472,18772.333333333332,ATR,Nearest: ATR,0,0,0.0,0.0,20753.909090909092,18772.333333333332,1981.5757575757598,6.145328406042142
VCP -> GPB,15,188,12.533333333333333,3.913509365717112,0.31224808769019513,2024-07-01,17,2025-03-01,3,14,5.666666666666667,0.26312056737588657,21304.70588235294,19355.0,ATR,ATR,0,0,0.0,0.0,22167.6,19355.0,2812.5999999999985,6.124065988380315
BYO -> VCP,23,253,11.0,2.919201796799047,0.26538198152718606,2024-07-01,21,2025-11-01,4,17,5.25,0.15810276679841898,43440.71428571428,50200.5,E1,E2,1,2,1.0,0.0,50810.4,42630.545454545456,8179.854545454546,6.058939753447059
PLU -> VCP,21,62,2.9523809523809526,1.6176464525202883,0.5479125081117106,2024-10-01,8,2024-02-01,1,7,8.0,0.37634408602150543,23877.25,16210.0,Nearest: ATR,Nearest: ATR,0,0,1.0,0.0,44266.0,16121.0,28145.0,6.0060548053850855
GNM -> CNF,23,491,21.347826086956523,4.621393500103376,0.21648075458732716,2025-07-01,30,2025-11-01,10,20,3.0,0.16222438678827591,20840.933333333334,19629.3,ATR,ATR,0,0,0.0,0.0,21676.809523809523,19629.3,2047.5095238095237,6.00094166788303
CNF -> IGU,21,49,2.3333333333333335,1.4584183648679576,0.6250364420862675,2024-07-01,7,2024-02-01,1,6,7.0,0.4625850340136054,54700.28571428572,63781.0,E2,A320,2,3,1.0,-1.0,70341.0,44048.0,26293.0,5.989386845672226
PDP -> VCP,5,26,5.2,3.0594117081556713,0.5883484054145521,2025-01-01,11,2025-02-01,2,9,5.5,0.4461538461538461,54937.818181818184,55727.5,E2,Nearest: E2,2,2,0.0,0.0,55727.5,50520.0,5207.5,5.817301093860426
SJP -> REC,23,201,8.73913043478261,3.0247873271175805,0.3461199429040017,2025-04-01,13,2024-02-01,3,10,4.333333333333333,0.29980532121998693,66287.69230769231,66322.33333333333,A320,A320,3,3,0.0,0.0,67101.375,62304.0,4797.375,5.810044245911767
REC -> SJP,23,202,8.782608695652174,2.9775467249154666,0.339027597391365,2024-10-01,13,2024-02-01,3,10,4.333333333333333,0.2974601808006888,66457.23076923077,67244.0,A320,A320,3,3,0.0,0.0,70361.6,63990.181818181816,6371.41818181819,5.696284928452673
SLZ -> CNF,23,514,22.347826086956523,4.545506100412218,0.20339813289782296,2024-06-01,30,2025-11-01,10,20,3.0,0.16020977837929284,67551.03333333334,65632.5,A320,A320,3,3,0.0,0.0,70230.95652173914,63388.59259259259,6842.363929146544,5.679844717947576
PFB -> VCP,23,494,21.47826086956522,4.261756784293164,0.19842187457235377,2024-06-01,27,2025-11-01,6,21,4.5,0.13677169512409793,61749.2962962963,63001.5,A320,A320,3,3,0.0,-1.0,65522.782608695656,55737.09523809524,9785.687370600419,5.64170050773532
CUR -> CNF,21,187,8.904761904761905,2.860315698605944,0.32121192337286003,2025-07-01,16,2024-07-01,5,11,3.2,0.24446142093200918,76136.875,76400.4,A321,A321,4,4,0.0,-1.0,78109.86666666667,71398.0,6711.866666666669,5.578588085521111
CNF -> SLZ,23,499,21.695652173913043,4.338250324614408,0.19995943379986247,2024-12-01,29,2025-11-01,9,20,3.2222222222222223,0.15491853271760914,67726.41379310345,64921.555555555555,A320,A320,3,3,0.0,0.0,71567.47619047618,63479.1875,8088.288690476184,5.55738702558589
VCP -> ASU,9,50,5.555555555555555,2.5867659392939593,0.4656178690729127,2025-06-01,10,2025-11-01,1,9,10.0,0.3511111111111111,52211.4,53800.0,E2,E2,2,2,0.0,0.0,55032.6,52211.4,2821.199999999997,5.492184818026072
VCP -> PTO,15,202,13.466666666666667,3.5938218591849482,0.26686795984046646,2024-10-01,21,2025-11-01,6,15,3.5,0.19537953795379537,21663.619047619046,21577.833333333332,ATR,ATR,0,0,0.0,0.0,22214.2,21277.7,936.5,5.491597741677121
REC -> NVT,3,14,4.666666666666667,3.299831645537222,0.7071067811865476,2025-01-01,9,2025-02-01,1,8,9.0,0.6190476190476191,60385.333333333336,65561.0,Nearest: A320,A320,3,3,0.0,0.0,65561.0,60385.333333333336,5175.666666666664,5.416100402204421
REC -> RAO,23,204,8.869565217391305,2.9971631199328845,0.3379154497963546,2025-03-01,13,2024-02-01,4,9,3.25,0.29965899403239554,70764.15384615384,68550.5,A320,A320,3,3,0.0,0.0,72074.75,66862.4,5212.350000000006,5.396181934113119
PTO -> VCP,15,203,13.533333333333333,3.6307330144506937,0.2682807646145833,2024-10-01,20,2025-11-01,6,14,3.3333333333333335,0.20426929392446636,20482.55,20790.166666666668,ATR,ATR,0,0,0.0,0.0,21170.285714285714,20171.1,999.1857142857152,5.33840705091142
OPS -> VCP,23,464,20.17391304347826,3.8181736348000257,0.18926291724224265,2025-09-01,29,2025-11-01,8,21,3.625,0.13324587706146926,64318.75862068965,63446.625,A320,A320,3,3,0.0,0.0,67263.0,62817.25,4445.75,5.327060562886446
GEL -> VCP,11,106,9.636363636363637,3.310389355642386,0.3435309708685495,2025-01-01,15,2025-03-01,4,11,3.75,0.2864493996569468,21981.266666666666,19940.75,ATR,ATR,0,0,0.0,0.0,22516.0,19940.75,2575.25,5.3240498411536015
RAO -> REC,23,199,8.652173913043478,2.8682473917340245,0.3315059799491586,2025-07-01,13,2024-03-01,4,9,3.25,0.2967008957832642,64768.46153846154,61794.25,A320,A320,3,3,0.0,0.0,66768.28571428571,59787.0,6981.28571428571,5.269271672037457
IGU -> REC,5,25,5.0,2.8284271247461903,0.565685424949238,2025-01-01,9,2025-02-01,1,8,9.0,0.48000000000000004,68435.66666666667,67112.0,A320,A320,3,3,0.0,-1.0,70672.33333333333,56867.0,13805.333333333328,5.212954460834371
VCP -> MDZ,4,27,6.75,3.491060010942235,0.517194075695146,2025-07-01,11,2024-05-01,2,9,5.5,0.48148148148148145,69322.09090909091,65977.0,A320,A320,3,3,0.0,0.0,69573.8,65977.0,3596.800000000003,5.170189295001784
LEC -> CNF,14,85,6.071428571428571,2.3134478201002353,0.3810384644870976,2024-07-01,10,2025-02-01,1,9,10.0,0.2957983193277311,21242.3,21482.0,ATR,ATR,0,0,0.0,0.0,22286.166666666668,19253.75,3032.416666666668,5.091832962170074
REC -> MAO,23,538,23.391304347826086,4.321222959289898,0.18473629751611087,2024-10-01,31,2025-11-01,12,19,2.5833333333333335,0.14465815419427833,83549.19354838709,82802.66666666667,A321,A321,4,4,0.0,0.0,87485.61904761905,81884.95238095238,5600.6666666666715,5.06477366393159
REC -> IGU,5,22,4.4,2.65329983228432,0.6030226891555273,2025-01-01,8,2025-02-01,1,7,8.0,0.5636363636363637,69005.875,69289.0,A320,A320,3,3,0.0,-1.0,69289.0,58811.666666666664,10477.333333333336,5.00251819666405
AAX -> CNF,18,137,7.611111111111111,2.5416287185995277,0.33393661996198176,2024-07-01,12,2025-11-01,3,9,4.0,0.2789943227899432,18933.083333333332,18647.333333333332,Nearest: ATR,Nearest: ATR,0,0,0.0,0.0,21235.0,18466.125,2768.875,4.936171323949847
CNF -> LEC,14,85,6.071428571428571,2.2188892238584383,0.3654641074590369,2024-07-01,10,2025-02-01,1,9,10.0,0.2722689075630252,22197.7,21751.0,ATR,ATR,0,0,0.0,0.0,22645.0,20973.285714285714,1671.7142857142862,4.883712176813587
VCP -> BVB,16,49,3.0625,1.5599979967935855,0.5093871009938239,2024-11-01,7,2024-01-01,1,6,7.0,0.39540816326530615,71929.57142857143,75786.0,Nearest: A320,A321,3,4,0.0,-1.0,82516.0,70996.0,11520.0,4.881181634568486
VCP -> PLU,16,39,2.4375,1.4128318194321643,0.5796233105362726,2025-02-01,6,2024-09-01,1,5,6.0,0.4807692307692308,25654.666666666668,34990.0,Nearest: ATR,Nearest: E1,0,1,1.0,0.0,39008.0,15893.0,23115.0,4.781072272573518
REC -> NSR,15,123,8.2,2.5612496949731396,0.3123475237772122,2024-12-01,13,2025-03-01,3,10,4.333333333333333,0.2569105691056911,21342.076923076922,21096.0,ATR,ATR,0,0,0.0,0.0,21958.571428571428,19898.285714285714,2060.2857142857138,4.761134766532517
CLV -> VCP,3,10,3.3333333333333335,2.6246692913372702,0.787400787401181,2024-07-01,7,2025-02-01,1,6,7.0,0.7333333333333333,44483.142857142855,35963.0,E1,Nearest: E1,1,1,0.0,0.0,44483.142857142855,35963.0,8520.142857142855,4.624892914460682
ASU -> VCP,8,26,3.25,1.8540496217739157,0.5704768066996664,2025-03-01,7,2025-05-01,1,6,7.0,0.46153846153846156,51557.142857142855,49436.0,E2,E2,2,2,0.0,0.0,54021.75,48703.0,5318.75,4.605526917417957
VCP -> BYO,19,75,3.9473684210526314,1.637510440642531,0.41483597829610785,2025-02-01,7,2024-06-01,1,6,7.0,0.3073684210526316,46221.28571428572,45864.0,E1,E1,1,1,0.0,-1.0,53980.0,44891.666666666664,9088.333333333336,4.4006161052529285
VCP -> PDP,4,14,3.5,2.29128784747792,0.6546536707079771,2025-01-01,7,2025-02-01,1,6,7.0,0.5714285714285714,52606.71428571428,53687.0,E2,E2,2,2,0.0,0.0,55757.75,51012.5,4745.25,4.342541159446603
BRC -> CNF,3,15,5.0,2.943920288775949,0.5887840577551897,2025-07-01,8,2025-06-01,1,7,8.0,0.5333333333333334,69530.875,66067.0,A320,A320,3,3,0.0,0.0,69674.33333333333,66067.0,3607.3333333333285,4.319072703763779
GRU -> VCP,21,75,3.5714285714285716,1.5907898179514348,0.44542114902640173,2024-03-01,6,2024-11-01,1,5,6.0,0.38095238095238093,47873.333333333336,48532.0,Nearest: E1,Nearest: E1,1,1,1.0,0.0,59118.0,38310.0,20808.0,4.313375621778175
REC -> ASU,5,14,2.8,1.9390719429665317,0.6925256939166186,2025-07-01,6,2025-02-01,1,5,6.0,0.6285714285714286,56787.166666666664,60804.0,Nearest: E2,Nearest: A320,2,3,1.0,0.0,60804.0,52686.0,8118.0,4.19350923932169
CNF -> POJ,21,192,9.142857142857142,2.4159335036125373,0.2642427269576213,2024-12-01,13,2025-03-01,4,9,3.25,0.22321428571428573,21389.923076923078,21579.25,ATR,ATR,0,0,0.0,0.0,21603.14285714286,20084.875,1518.2678571428587,4.1718828199480384
CNF -> CNF,17,33,1.9411764705882353,1.1098801331831298,0.5717564322458548,2025-01-01,5,2024-06-01,1,4,5.0,0.4563279857397504,35718.0,63128.0,Nearest: E1,A320,1,3,2.0,-1.0,63128.0,18140.0,44988.0,4.032438624734315
CNF -> BRC,3,16,5.333333333333333,2.8674417556808756,0.5376453291901642,2025-07-01,9,2025-06-01,2,7,4.5,0.4583333333333333,74942.0,74132.5,A321,A321,4,4,0.0,0.0,74942.0,74132.5,809.5,4.030177516165343
CGH -> VCP,19,60,3.1578947368421053,1.5308462707630512,0.4847679857416329,2024-07-01,5,2024-01-01,1,4,5.0,0.4245614035087719,41699.6,34547.0,E1,Nearest: E1,1,1,1.0,0.0,49385.0,34527.333333333336,14857.666666666664,3.985640085546438
CAU -> REC,7,29,4.142857142857143,1.9587584572574412,0.47280376554489956,2024-10-01,8,2025-01-01,2,6,4.0,0.3940886699507389,16433.25,16425.0,Nearest: ATR,Nearest: ATR,0,0,0.0,0.0,21099.0,16397.0,4702.0,3.939021832973638
REC -> CAU,7,29,4.142857142857143,1.9587584572574412,0.47280376554489956,2024-10-01,8,2025-01-01,2,6,4.0,0.3940886699507389,16698.125,16353.0,Nearest: ATR,Nearest: ATR,0,0,0.0,0.0,18550.666666666668,16353.0,2197.666666666668,3.939021832973638
JTC -> REC,7,19,2.7142857142857144,1.6659862556700857,0.6137844099837158,2024-12-01,5,2024-01-01,1,4,5.0,0.5413533834586466,65341.0,62367.0,A320,A320,3,3,0.0,-1.0,65646.0,52349.4,13296.599999999999,3.677467531985023
VCP -> OPS,23,472,20.52173913043478,3.1466968909082134,0.15333480612476463,2025-05-01,25,2025-11-01,10,15,2.5,0.1048268238761975,70064.24,68048.7,A320,A320,3,3,0.0,0.0,70519.65,66768.35,3751.2999999999884,3.657659791733191
BVB -> VCP,15,49,3.2666666666666666,1.339983416149452,0.4101990049437098,2024-11-01,7,2024-02-01,2,5,3.5,0.31292517006802717,71657.28571428571,73510.5,Nearest: A320,A321,3,4,1.0,0.0,73510.5,66500.33333333333,7010.1666666666715,3.588236047138861
AFL -> VCP,9,88,9.777777777777779,2.57240820062005,0.26308720233614147,2025-08-01,13,2025-11-01,4,9,3.25,0.1893939393939394,54132.46153846154,53004.5,E2,E2,2,2,0.0,0.0,54132.46153846154,50413.11111111111,3719.3504273504295,3.542708354451249
CNF -> NVT,7,18,2.5714285714285716,1.4982983545287878,0.5826715823167508,2024-10-01,5,2024-02-01,1,4,5.0,0.523809523809524,54645.2,47358.0,E2,Nearest: E1,2,1,0.0,-1.0,55455.0,47314.0,8141.0,3.431281838052056
MVD -> REC,23,150,6.521739130434782,1.664712149484926,0.255255862921022,2024-06-01,9,2025-11-01,2,7,4.5,0.2028985507246377,71371.66666666667,55342.0,Nearest: A320,Nearest: E2,3,2,0.0,-1.0,72444.8,55316.8,17128.0,3.388387495962279
ASU -> REC,5,11,2.2,1.469693845669907,0.668042657122685,2025-07-01,5,2025-02-01,1,4,5.0,0.5090909090909091,55667.8,57893.0,Nearest: E2,Nearest: E2,2,2,0.0,0.0,59473.5,50776.0,8697.5,3.3200472820524096
CNF -> UNA,23,76,3.3043478260869565,1.0808524256222654,0.32710007617515924,2024-11-01,6,2025-02-01,1,5,6.0,0.2437070938215103,53158.666666666664,45753.0,E2,E1,2,1,2.0,0.0,65600.33333333333,42482.0,23118.33333333333,3.177137499118234
IZA -> CNF,7,113,16.142857142857142,3.356382892705923,0.2079175243269156,2024-06-01,22,2024-01-01,12,10,1.8333333333333333,0.1719342604298356,19651.909090909092,20784.166666666668,ATR,ATR,0,0,0.0,0.0,20784.166666666668,19136.266666666666,1647.9000000000015,3.1140170533245617
CNF -> PLU,21,38,1.8095238095238095,0.8518354199999199,0.47075115315785043,2024-09-01,4,2024-01-01,1,3,4.0,0.3834586466165413,26333.0,15758.0,Nearest: ATR,Nearest: ATR,0,0,1.0,0.0,34750.0,15162.0,19588.0,2.9871396301609154
VCP -> CLV,2,9,4.5,2.5,0.5555555555555556,2024-07-01,7,2024-08-01,2,5,3.5,0.5555555555555556,46741.857142857145,41540.0,Nearest: E1,E1,1,1,0.0,0.0,46741.857142857145,41540.0,5201.857142857145,2.860409328840201
CNF -> STM,4,26,6.5,2.29128784747792,0.35250582268891073,2024-01-01,9,2024-12-01,3,6,3.0,0.3076923076923077,62185.444444444445,62332.0,A320,A320,3,3,0.5,-0.5,62332.0,58672.625,3659.375,2.845821312758532
PLU -> CNF,21,51,2.4285714285714284,1.0033955955097849,0.413162892268735,2024-05-01,4,2024-02-01,1,3,4.0,0.35854341736694684,21717.0,16791.0,ATR,Nearest: ATR,0,0,1.0,0.0,35184.0,15896.0,19288.0,2.82758555758392
REC -> MVD,23,163,7.086956521739131,1.5856158720704756,0.22373720894245974,2024-03-01,9,2025-11-01,3,6,3.0,0.18458255534809279,72797.44444444444,58149.666666666664,A321,Nearest: E2,4,2,1.0,-1.0,74989.66666666667,55663.666666666664,19326.000000000007,2.794940988593654
CNF -> IZA,7,114,16.285714285714285,3.1943828249996993,0.19614631381577102,2024-06-01,22,2024-01-01,13,9,1.6923076923076923,0.16541353383458646,20090.772727272728,20528.76923076923,ATR,ATR,0,0,0.0,0.0,20688.866666666665,19690.3,998.5666666666657,2.7921028388534173
REC -> JTC,7,16,2.2857142857142856,1.2777531299998799,0.5590169943749475,2024-12-01,4,2024-01-01,1,3,4.0,0.5178571428571428,66238.25,70220.0,A320,A320,3,3,0.0,-1.0,72526.0,56332.5,16193.5,2.743247024445587
STM -> CNF,4,29,7.25,2.384848003542364,0.3289445522127399,2024-01-01,10,2024-12-01,4,6,2.5,0.3103448275862069,62317.4,59292.25,A320,Nearest: E2,3,2,1.0,0.0,62317.4,55616.333333333336,6701.066666666666,2.7405022282562
JPR -> VCP,9,62,6.888888888888889,1.852592444503674,0.26892470968601717,2025-08-01,9,2025-11-01,3,6,3.0,0.21505376344086025,55960.22222222222,56409.333333333336,Nearest: E2,Nearest: E2,2,2,0.0,0.0,56409.333333333336,50351.666666666664,6057.6666666666715,2.7292001693844794
CLV -> CNF,16,104,6.5,1.4142135623730951,0.21757131728816848,2025-07-01,9,2024-01-01,3,6,3.0,0.16346153846153844,20561.444444444445,21526.333333333332,ATR,ATR,0,0,0.0,0.0,23227.833333333332,19816.333333333332,3411.5,2.4802756255027303
POJ -> CNF,15,191,12.733333333333333,2.2350739485653612,0.17552936768837918,2024-07-01,16,2025-04-01,9,7,1.7777777777777777,0.14520069808027924,19533.375,20227.222222222223,ATR,ATR,0,0,0.0,0.0,20743.75,19533.375,1210.375,2.441617940779548
CNF -> CLV,16,103,6.4375,1.3678792892649556,0.21248610318678923,2025-07-01,9,2024-01-01,3,6,3.0,0.1565533980582524,21591.0,21800.666666666668,ATR,ATR,0,0,0.0,0.0,24351.0,20823.166666666668,3527.833333333332,2.417324326608768
REC -> FEC,6,80,13.333333333333334,2.5603819159562025,0.19202864369671518,2024-05-01,16,2024-03-01,8,8,2.0,0.14166666666666666,20245.4375,19637.625,ATR,ATR,0,0,0.0,0.0,21095.533333333333,19637.625,1457.9083333333328,2.3867968273473523
UNA -> CNF,23,75,3.260869565217391,0.8952721861727828,0.27455013709298676,2024-11-01,5,2025-02-01,1,4,5.0,0.2110144927536232,53140.2,45640.0,E2,E1,2,1,2.0,0.0,60512.0,40892.0,19620.0,2.378006864577561
VCP -> AFL,9,60,6.666666666666667,1.5634719199411433,0.2345207879911715,2025-09-01,9,2025-11-01,3,6,3.0,0.16666666666666669,55797.333333333336,55721.333333333336,Nearest: E2,Nearest: E2,2,2,0.0,0.0,56939.57142857143,52066.142857142855,4873.4285714285725,2.361517244475945
PPB -> REC,6,19,3.1666666666666665,1.2133516482134197,0.38316367838318516,2024-07-01,5,2025-08-01,1,4,5.0,0.2807017543859649,63653.6,57437.0,A320,Nearest: E2,3,2,0.0,-1.0,67302.66666666667,57437.0,9865.666666666672,2.2957115947723388
REC -> PMW,2,13,6.5,2.5,0.38461538461538464,2025-01-01,9,2024-12-01,4,5,2.25,0.3846153846153846,69770.66666666667,62805.5,A320,A320,3,3,0.0,0.0,69770.66666666667,62805.5,6965.1666666666715,2.269658302130303
VCP -> OAL,9,44,4.888888888888889,1.4487116456005886,0.29632738205466586,2025-08-01,7,2025-07-01,3,4,2.3333333333333335,0.2525252525252525,57603.142857142855,57895.666666666664,Nearest: E2,Nearest: E2,2,2,0.0,0.0,58259.0,57134.57142857143,1124.4285714285725,2.2560366599186703
BVH -> VCP,9,57,6.333333333333333,1.4907119849998598,0.23537557657892524,2025-07-01,8,2025-11-01,3,5,2.6666666666666665,0.1871345029239766,53828.375,54687.666666666664,E2,E2,2,2,0.0,0.0,54971.0,52426.142857142855,2544.857142857145,2.137075268708642
VCP -> JPR,9,44,4.888888888888889,1.3698697784375504,0.28020063649858984,2025-08-01,7,2025-04-01,3,4,2.3333333333333335,0.2525252525252525,58024.42857142857,57637.0,Nearest: E2,Nearest: E2,2,2,0.0,0.0,58024.42857142857,54408.8,3615.6285714285696,2.1332585051379005
PMW -> REC,2,15,7.5,2.5,0.3333333333333333,2025-01-01,10,2024-12-01,5,5,2.0,0.3333333333333333,60956.2,65546.6,Nearest: A320,A320,3,3,0.0,0.0,65546.6,60956.2,4590.400000000009,2.0665656188591446
FEC -> REC,6,81,13.5,2.217355782608345,0.16424857648950705,2024-05-01,16,2024-03-01,9,7,1.7777777777777777,0.12345679012345678,19044.25,18835.0,ATR,Nearest: ATR,0,0,0.0,0.0,19616.4,18835.0,781.4000000000015,1.9149878230338218
REC -> PVH,3,9,3.0,1.4142135623730951,0.47140452079103173,2024-12-01,5,2025-01-01,2,3,2.5,0.4444444444444445,72479.6,73233.0,Nearest: A320,A321,3,4,0.0,-1.0,73865.0,72479.6,1385.3999999999942,1.8800528557247886
REC -> PPB,6,20,3.3333333333333335,1.1055415967851334,0.33166247903554,2024-01-01,4,2025-08-01,1,3,4.0,0.2666666666666667,69017.25,69319.0,A320,A320,3,3,0.0,0.0,71701.33333333333,69017.25,2684.0833333333285,1.7489449872292877
REC -> PAV,6,59,9.833333333333334,1.8633899812498245,0.1894972862287957,2024-01-01,12,2024-06-01,7,5,1.7142857142857142,0.15819209039548027,20479.166666666668,19663.0,ATR,ATR,0,0,0.0,0.0,20479.166666666668,19425.25,1053.9166666666679,1.734891763653432
NVT -> REC,2,12,6.0,2.0,0.3333333333333333,2025-01-01,8,2024-12-01,4,4,2.0,0.3333333333333333,55275.75,62672.75,Nearest: E2,A320,2,3,0.5,-0.5,62672.75,55275.75,7397.0,1.709966238307691
REC -> CGR,2,12,6.0,2.0,0.3333333333333333,2025-01-01,8,2024-12-01,4,4,2.0,0.3333333333333333,72340.5,69089.25,Nearest: A320,A320,3,3,0.0,0.0,72340.5,69089.25,3251.25,1.709966238307691
OAL -> VCP,9,52,5.777777777777778,1.227262335243029,0.2124107887920627,2025-04-01,7,2025-11-01,3,4,2.3333333333333335,0.16666666666666669,54440.142857142855,55238.0,E2,Nearest: E2,2,2,0.0,0.0,55885.333333333336,53136.857142857145,2748.476190476191,1.6866656741847086
PAV -> REC,6,60,10.0,1.7320508075688772,0.17320508075688773,2024-01-01,12,2024-06-01,7,5,1.7142857142857142,0.13333333333333336,21081.833333333332,19469.14285714286,ATR,ATR,0,0,0.0,0.0,21081.833333333332,18673.777777777777,2408.0555555555547,1.5921346014302566
VCP -> BVH,9,43,4.777777777777778,1.1331154474650633,0.23716369830664116,2025-06-01,6,2025-04-01,3,3,2.0,0.20155038759689925,55919.5,57234.0,Nearest: E2,Nearest: E2,2,2,0.0,0.0,57234.0,55919.5,1314.5,1.5544678102140836
SOD -> VCP,5,8,1.6,0.8,0.5,2024-02-01,3,2024-04-01,1,2,3.0,0.45,40921.0,41025.0,E1,E1,1,1,0.0,0.0,44171.0,34080.0,10091.0,1.5536723984241867
LDB -> REC,3,5,1.6666666666666667,0.9428090415820634,0.565685424949238,2025-07-01,3,2024-05-01,1,2,3.0,0.5333333333333332,66649.33333333333,18517.0,A320,Nearest: ATR,3,0,0.0,-3.0,66649.33333333333,18517.0,48132.33333333333,1.4334075753824442
REC -> LDB,2,4,2.0,1.0,0.5,2025-07-01,3,2025-06-01,1,2,3.0,0.5,71340.66666666667,60592.0,Nearest: A320,Nearest: A320,3,3,0.0,0.0,71340.66666666667,60592.0,10748.666666666672,1.1380444617808732
VCP -> SOD,3,4,1.3333333333333333,0.4714045207910317,0.3535533905932738,2024-02-01,2,2024-03-01,1,1,2.0,0.3333333333333333,42030.0,39142.0,E1,Nearest: E1,1,1,0.0,0.0,42030.0,39142.0,2888.0,0.5690222308904366
UNA -> VCP,4,11,2.75,0.4330127018922193,0.15745916432444337,2024-01-01,3,2025-08-01,2,1,1.5,0.1363636363636363,44458.333333333336,56594.5,E1,Nearest: E2,1,2,0.5,-1.5,61041.333333333336,44458.333333333336,16583.0,0.3912713244998708
VCP -> UNA,4,13,3.25,0.4330127018922193,0.13323467750529824,2024-04-01,4,2024-01-01,3,1,1.3333333333333333,0.11538461538461536,61310.0,44005.0,A320,E1,3,1,1.0,-1.0,61310.0,44005.0,17305.0,0.35161395222928254
PVH -> REC,2,7,3.5,0.5,0.14285714285714285,2024-12-01,4,2025-01-01,3,1,1.3333333333333333,0.14285714285714285,71789.25,71252.33333333333,Nearest: A320,Nearest: A320,3,3,0.0,0.0,71789.25,71252.33333333333,536.9166666666715,0.29706307738283366
CNF -> EZE,2,9,4.5,0.5,0.1111111111111111,2024-11-01,5,2024-12-01,4,1,1.25,0.11111111111111116,72559.2,59103.0,Nearest: A320,Nearest: E2,3,2,0.5,-0.5,72559.2,59103.0,13456.199999999997,0.2558427881104495
EZE -> CNF,2,11,5.5,0.5,0.09090909090909091,2024-12-01,6,2024-11-01,5,1,1.2,0.09090909090909088,70174.16666666667,53285.0,A320,E2,3,2,0.5,-0.5,70174.16666666667,53285.0,16889.16666666667,0.22590060452618185
AQA -> VCP,1,12,12.0,0.0,0.0,2024-10-01,12,2024-10-01,12,0,1.0,0.0,17430.583333333332,17430.583333333332,Nearest: ATR,Nearest: ATR,0,0,0.0,0.0,17430.583333333332,17430.583333333332,0.0,0.0
VCP -> AQA,1,12,12.0,0.0,0.0,2024-10-01,12,2024-10-01,12,0,1.0,0.0,17736.25,17736.25,Nearest: ATR,Nearest: ATR,0,0,0.0,0.0,17736.25,17736.25,0.0,0.0
CGR -> REC,2,10,5.0,0.0,0.0,2024-12-01,5,2024-12-01,5,0,1.0,0.0,69024.6,69024.6,A320,A320,3,3,0.0,0.0,69024.6,66002.0,3022.600000000006,0.0
REC -> PLU,4,4,1.0,0.0,0.0,2024-06-01,1,2024-06-01,1,0,1.0,0.0,17423.0,17423.0,Nearest: ATR,Nearest: ATR,0,0,0.0,0.0,18022.0,17423.0,599.0,0.0
TEC -> VCP,2,4,2.0,0.0,0.0,2025-02-01,2,2025-02-01,2,0,1.0,0.0,17499.0,17499.0,Nearest: ATR,Nearest: ATR,0,0,0.0,0.0,17499.0,17081.5,417.5,0.0
VCP -> TEC,2,4,2.0,0.0,0.0,2025-02-01,2,2025-02-01,2,0,1.0,0.0,18417.0,18417.0,Nearest: ATR,Nearest: ATR,0,0,0.0,0.0,18417.0,17936.0,481.0,0.0
BPS -> REC,3,3,1.0,0.0,0.0,2024-07-01,1,2024-07-01,1,0,1.0,0.0,66908.0,66908.0,A320,A320,3,3,0.0,-3.0,66908.0,16812.0,50096.0,0.0
CNF -> JTC,3,3,1.0,0.0,0.0,2024-09-01,1,2024-09-01,1,0,1.0,0.0,16494.0,16494.0,Nearest: ATR,Nearest: ATR,0,0,1.0,0.0,42026.0,16037.0,25989.0,0.0
JTC -> CNF,3,3,1.0,0.0,0.0,2024-11-01,1,2024-11-01,1,0,1.0,0.0,35583.0,35583.0,Nearest: E1,Nearest: E1,1,1,1.0,0.0,35583.0,16425.0,19158.0,0.0
MOC -> VCP,3,3,1.0,0.0,0.0,2024-08-01,1,2024-08-01,1,0,1.0,0.0,16407.0,16407.0,Nearest: ATR,Nearest: ATR,0,0,0.0,0.0,16853.0,16263.0,590.0,0.0
CFB -> VCP,2,2,1.0,0.0,0.0,2024-12-01,1,2024-12-01,1,0,1.0,0.0,15978.0,15978.0,Nearest: ATR,Nearest: ATR,0,0,1.0,-1.0,49897.0,15978.0,33919.0,0.0
CGB -> REC,2,2,1.0,0.0,0.0,2025-02-01,1,2025-02-01,1,0,1.0,0.0,44445.0,44445.0,E1,E1,1,1,0.5,-0.5,52599.0,44445.0,8154.0,0.0
CNF -> MCP,1,2,2.0,0.0,0.0,2025-08-01,2,2025-08-01,2,0,1.0,0.0,18358.5,18358.5,Nearest: ATR,Nearest: ATR,0,0,0.0,0.0,18358.5,18358.5,0.0,0.0
CNF -> MVD,2,2,1.0,0.0,0.0,2024-06-01,1,2024-06-01,1,0,1.0,0.0,58140.0,58140.0,Nearest: E2,Nearest: E2,2,2,0.0,0.0,58140.0,54079.0,4061.0,0.0
JJD -> REC,2,2,1.0,0.0,0.0,2024-02-01,1,2024-02-01,1,0,1.0,0.0,16131.0,16131.0,Nearest: ATR,Nearest: ATR,0,0,1.0,-1.0,54797.0,16131.0,38666.0,0.0
MCP -> CNF,1,2,2.0,0.0,0.0,2025-08-01,2,2025-08-01,2,0,1.0,0.0,18138.0,18138.0,Nearest: ATR,Nearest: ATR,0,0,0.0,0.0,18138.0,18138.0,0.0,0.0
MCP -> VCP,2,2,1.0,0.0,0.0,2024-11-01,1,2024-11-01,1,0,1.0,0.0,39682.0,39682.0,Nearest: E1,Nearest: E1,1,1,0.5,-0.5,55694.0,39682.0,16012.0,0.0
MGF -> CNF,2,2,1.0,0.0,0.0,2025-04-01,1,2025-04-01,1,0,1.0,0.0,42572.0,42572.0,E1,E1,1,1,0.5,-0.5,42572.0,16870.0,25702.0,0.0
MVD -> CNF,2,2,1.0,0.0,0.0,2024-09-01,1,2024-09-01,1,0,1.0,0.0,54284.0,54284.0,E2,E2,2,2,0.0,0.0,54284.0,53962.0,322.0,0.0
REC -> UNA,2,2,1.0,0.0,0.0,2024-04-01,1,2024-04-01,1,0,1.0,0.0,39338.0,39338.0,Nearest: E1,Nearest: E1,1,1,0.5,-0.5,49895.0,39338.0,10557.0,0.0
UNA -> REC,2,2,1.0,0.0,0.0,2024-04-01,1,2024-04-01,1,0,1.0,0.0,46756.0,46756.0,Nearest: E1,Nearest: E1,1,1,0.5,-0.5,57196.0,46756.0,10440.0,0.0
VCP -> EZE,2,2,1.0,0.0,0.0,2024-04-01,1,2024-04-01,1,0,1.0,0.0,41668.0,41668.0,E1,E1,1,1,0.5,-0.5,58914.0,41668.0,17246.0,0.0
VCP -> MCP,2,2,1.0,0.0,0.0,2024-02-01,1,2024-02-01,1,0,1.0,0.0,40215.0,40215.0,Nearest: E1,Nearest: E1,1,1,0.5,-0.5,57519.0,40215.0,17304.0,0.0
VCP -> PVH,2,2,1.0,0.0,0.0,2024-01-01,1,2024-01-01,1,0,1.0,0.0,45028.0,45028.0,E1,E1,1,1,1.0,-1.0,69807.0,45028.0,24779.0,0.0
VCP -> VDC,2,2,1.0,0.0,0.0,2024-07-01,1,2024-07-01,1,0,1.0,0.0,18113.0,18113.0,Nearest: ATR,Nearest: ATR,0,0,1.5,-1.5,69394.0,18113.0,51281.0,0.0
AAX -> VCP,1,1,1.0,0.0,0.0,2024-04-01,1,2024-04-01,1,0,1.0,0.0,34670.0,34670.0,Nearest: E1,Nearest: E1,1,1,0.0,0.0,34670.0,34670.0,0.0,0.0
ASU -> CNF,1,1,1.0,0.0,0.0,2024-11-01,1,2024-11-01,1,0,1.0,0.0,65905.0,65905.0,A320,A320,3,3,0.0,0.0,65905.0,65905.0,0.0,0.0
ATM -> CNF,1,1,1.0,0.0,0.0,2025-07-01,1,2025-07-01,1,0,1.0,0.0,52614.0,52614.0,E2,E2,2,2,0.0,0.0,52614.0,52614.0,0.0,0.0
BYO -> CNF,1,1,1.0,0.0,0.0,2024-10-01,1,2024-10-01,1,0,1.0,0.0,36929.0,36929.0,Nearest: E1,Nearest: E1,1,1,0.0,0.0,36929.0,36929.0,0.0,0.0
CAC -> CNF,1,1,1.0,0.0,0.0,2024-10-01,1,2024-10-01,1,0,1.0,0.0,50135.0,50135.0,E2,E2,2,2,0.0,0.0,50135.0,50135.0,0.0,0.0
CGR -> CNF,1,1,1.0,0.0,0.0,2024-10-01,1,2024-10-01,1,0,1.0,0.0,38381.0,38381.0,Nearest: E1,Nearest: E1,1,1,0.0,0.0,38381.0,38381.0,0.0,0.0
CNF -> ASU,1,1,1.0,0.0,0.0,2024-11-01,1,2024-11-01,1,0,1.0,0.0,68318.0,68318.0,A320,A320,3,3,0.0,0.0,68318.0,68318.0,0.0,0.0
CNF -> ATM,1,1,1.0,0.0,0.0,2024-04-01,1,2024-04-01,1,0,1.0,0.0,63966.0,63966.0,A320,A320,3,3,0.0,0.0,63966.0,63966.0,0.0,0.0
CNF -> BVB,1,1,1.0,0.0,0.0,2024-11-01,1,2024-11-01,1,0,1.0,0.0,42345.0,42345.0,E1,E1,1,1,0.0,0.0,42345.0,42345.0,0.0,0.0
CNF -> CGR,1,1,1.0,0.0,0.0,2024-12-01,1,2024-12-01,1,0,1.0,0.0,55059.0,55059.0,E2,E2,2,2,0.0,0.0,55059.0,55059.0,0.0,0.0
CNF -> CXJ,1,1,1.0,0.0,0.0,2025-05-01,1,2025-05-01,1,0,1.0,0.0,44586.0,44586.0,E1,E1,1,1,0.0,0.0,44586.0,44586.0,0.0,0.0
CNF -> JDO,1,1,1.0,0.0,0.0,2025-05-01,1,2025-05-01,1,0,1.0,0.0,67611.0,67611.0,A320,A320,3,3,0.0,0.0,67611.0,67611.0,0.0,0.0
CNF -> JJG,1,1,1.0,0.0,0.0,2024-06-01,1,2024-06-01,1,0,1.0,0.0,36142.0,36142.0,Nearest: E1,Nearest: E1,1,1,0.0,0.0,36142.0,36142.0,0.0,0.0
CNF -> PDP,1,1,1.0,0.0,0.0,2024-11-01,1,2024-11-01,1,0,1.0,0.0,56364.0,56364.0,Nearest: E2,Nearest: E2,2,2,0.0,0.0,56364.0,56364.0,0.0,0.0
CUR -> VCP,1,1,1.0,0.0,0.0,2025-01-01,1,2025-01-01,1,0,1.0,0.0,61595.0,61595.0,A320,A320,3,3,0.0,0.0,61595.0,61595.0,0.0,0.0
CXJ -> CNF,1,1,1.0,0.0,0.0,2025-05-01,1,2025-05-01,1,0,1.0,0.0,41263.0,41263.0,E1,E1,1,1,0.0,0.0,41263.0,41263.0,0.0,0.0
FLL -> VCP,1,1,1.0,0.0,0.0,2024-06-01,1,2024-06-01,1,0,1.0,0.0,62837.0,62837.0,A320,A320,3,3,0.0,0.0,62837.0,62837.0,0.0,0.0
JJD -> VCP,1,1,1.0,0.0,0.0,2024-05-01,1,2024-05-01,1,0,1.0,0.0,47579.0,47579.0,Nearest: E1,Nearest: E1,1,1,0.0,0.0,47579.0,47579.0,0.0,0.0
JJG -> CNF,1,1,1.0,0.0,0.0,2024-06-01,1,2024-06-01,1,0,1.0,0.0,40932.0,40932.0,E1,E1,1,1,0.0,0.0,40932.0,40932.0,0.0,0.0
LDB -> CNF,1,1,1.0,0.0,0.0,2025-10-01,1,2025-10-01,1,0,1.0,0.0,52499.0,52499.0,E2,E2,2,2,0.0,0.0,52499.0,52499.0,0.0,0.0
MAB -> VCP,1,1,1.0,0.0,0.0,2024-10-01,1,2024-10-01,1,0,1.0,0.0,52422.0,52422.0,E2,E2,2,2,0.0,0.0,52422.0,52422.0,0.0,0.0
MCP -> REC,1,1,1.0,0.0,0.0,2024-01-01,1,2024-01-01,1,0,1.0,0.0,20745.0,20745.0,ATR,ATR,0,0,0.0,0.0,20745.0,20745.0,0.0,0.0
PLU -> REC,1,1,1.0,0.0,0.0,2024-04-01,1,2024-04-01,1,0,1.0,0.0,17374.0,17374.0,Nearest: ATR,Nearest: ATR,0,0,0.0,0.0,17374.0,17374.0,0.0,0.0
PNZ -> CNF,1,1,1.0,0.0,0.0,2024-01-01,1,2024-01-01,1,0,1.0,0.0,40538.0,40538.0,Nearest: E1,Nearest: E1,1,1,0.0,0.0,40538.0,40538.0,0.0,0.0
PPB -> CNF,1,1,1.0,0.0,0.0,2025-01-01,1,2025-01-01,1,0,1.0,0.0,40412.0,40412.0,Nearest: E1,Nearest: E1,1,1,0.0,0.0,40412.0,40412.0,0.0,0.0
PVH -> VCP,1,1,1.0,0.0,0.0,2024-01-01,1,2024-01-01,1,0,1.0,0.0,38456.0,38456.0,Nearest: E1,Nearest: E1,1,1,0.0,0.0,38456.0,38456.0,0.0,0.0
REC -> BPS,1,1,1.0,0.0,0.0,2025-06-01,1,2025-06-01,1,0,1.0,0.0,68230.0,68230.0,A320,A320,3,3,0.0,0.0,68230.0,68230.0,0.0,0.0
REC -> IMP,1,1,1.0,0.0,0.0,2024-01-01,1,2024-01-01,1,0,1.0,0.0,65541.0,65541.0,A320,A320,3,3,0.0,0.0,65541.0,65541.0,0.0,0.0
REC -> JJD,1,1,1.0,0.0,0.0,2024-02-01,1,2024-02-01,1,0,1.0,0.0,21048.0,21048.0,ATR,ATR,0,0,0.0,0.0,21048.0,21048.0,0.0,0.0
REC -> MCP,1,1,1.0,0.0,0.0,2024-01-01,1,2024-01-01,1,0,1.0,0.0,21849.0,21849.0,ATR,ATR,0,0,0.0,0.0,21849.0,21849.0,0.0,0.0
REC -> UBA,1,1,1.0,0.0,0.0,2025-07-01,1,2025-07-01,1,0,1.0,0.0,70813.0,70813.0,A320,A320,3,3,0.0,0.0,70813.0,70813.0,0.0,0.0
STM -> VCP,1,1,1.0,0.0,0.0,2025-02-01,1,2025-02-01,1,0,1.0,0.0,53960.0,53960.0,E2,E2,2,2,0.0,0.0,53960.0,53960.0,0.0,0.0
VCP -> CFB,1,1,1.0,0.0,0.0,2024-12-01,1,2024-12-01,1,0,1.0,0.0,19633.0,19633.0,ATR,ATR,0,0,0.0,0.0,19633.0,19633.0,0.0,0.0
VCP -> MAB,1,1,1.0,0.0,0.0,2024-01-01,1,2024-01-01,1,0,1.0,0.0,39831.0,39831.0,Nearest: E1,Nearest: E1,1,1,0.0,0.0,39831.0,39831.0,0.0,0.0
VCP -> PHB,1,1,1.0,0.0,0.0,2025-02-01,1,2025-02-01,1,0,1.0,0.0,66429.0,66429.0,A320,A320,3,3,0.0,0.0,66429.0,66429.0,0.0,0.0
VCP -> STM,1,1,1.0,0.0,0.0,2024-05-01,1,2024-05-01,1,0,1.0,0.0,47117.0,47117.0,Nearest: E1,Nearest: E1,1,1,0.0,0.0,47117.0,47117.0,0.0,0.0
VCP -> TFF,1,1,1.0,0.0,0.0,2025-03-01,1,2025-03-01,1,0,1.0,0.0,42883.0,42883.0,E1,E1,1,1,0.0,0.0,42883.0,42883.0,0.0,0.0
VDC -> REC,1,1,1.0,0.0,0.0,2025-05-01,1,2025-05-01,1,0,1.0,0.0,16878.0,16878.0,Nearest: ATR,Nearest: ATR,0,0,0.0,0.0,16878.0,16878.0,0.0,0.0
VDC -> VCP,1,1,1.0,0.0,0.0,2024-07-01,1,2024-07-01,1,0,1.0,0.0,16736.0,16736.0,Nearest: ATR,Nearest: ATR,0,0,0.0,0.0,16736.0,16736.0,0.0,0.0
